<?xml version="1.0" encoding="UTF-8" standalone="yes"?>
<addon id="plugin.video.snatch" name="[COLORlime]Snatch 18+[/COLOR](Hiiden Version)" version="1.5" provider-name="">
  <requires>
    <import addon="xbmc.python" version="3.0.0" />
    <import addon="script.module.requests" />
    <import addon="script.module.routing"/>
    <import addon="script.module.unidecode" />
    <import addon="script.module.inputstreamhelper" />
    <import addon="script.module.resolveurl"/>
    <import addon="script.module.microjenscrapers" />
	<import addon="plugin.video.youtube" />
	<import addon="plugin.video.dailymotion_com" />
    <!--<import addon="name" />-->
  </requires>
  <extension point="xbmc.python.pluginsource" library="default.py">
    <provides></provides>
  </extension>
  <extension point="xbmc.addon.metadata">
    <summary lang="en"></summary>
	<description lang="en">Password = "The Name Of" The Lady Who Did Dallas</description>
    <platform>all</platform>
    <language>en</language>
    <license>GPL-2.0-or-later</license>
	<assets>
		<icon>icon.png</icon>
		<fanart>fanart.jpg</fanart>
  </assets>
  </extension>
</addon>