<?xml version="1.0" encoding="UTF-8"?>
<window id="1113" type="dialog">
	<defaultcontrol always="true">9013</defaultcontrol>
	<onunload condition="String.IsEmpty(Window(movieinformation).Property(FSFanart))">SetFocus(50)</onunload>
	<controls>
		<control type="button" id="9013">
			<include>HiddenObject</include>
			<onclick>PlayMedia("$INFO[ListItem.Trailer]")</onclick>
			<onup>Dialog.Close(1113)</onup>
			<ondown>Dialog.Close(1113)</ondown>
			<onleft>Dialog.Close(1113)</onleft>
			<onright>Dialog.Close(1113)</onright>
		</control>
		<control type="image">
			<include>FullscreenDimensions</include>
			<texture>$INFO[Window(movieinformation).Property(FSFanart)]</texture>
		</control>
        <include>FloorReturnButtons</include>		
	</controls>
</window>