<?xml version="1.0" encoding="UTF-8"?>
<window id="1112" type="dialog">
	<defaultcontrol always="true">64</defaultcontrol>
	<onunload>ClearProperty(TextViewerHeader,Home)</onunload>
	<onunload>ClearProperty(TextViewerSubHeader,Home)</onunload>
	<onunload>ClearProperty(TextViewerContent,Home)</onunload>
	<onunload>ClearProperty(AddonNews,Home)</onunload>
	<onunload>ClearProperty(FAQ,skinsettings)</onunload>
	<controls>	
		<control type="button" id="64">
			<oninfo>Dialog.Close(1112)</oninfo>
			<onclick>Dialog.Close(1112)</onclick>
			<onleft>Dialog.Close(1112)</onleft>
			<onright>Dialog.Close(1112)</onright>
			<onup>PageUp(61)</onup>
			<ondown>PageDown(61)</ondown>
			<include>HiddenObject</include>
		</control>
		<control type="image">
			<top>70</top>		
			<left>300</left>
			<width>1350</width>
			<height>930</height>
			<texture>colors/black90.png</texture>
			<animation effect="fade" time="100">WindowOpen</animation>
			<animation effect="fade" time="50">WindowClose</animation>
			<visible>Window.IsVisible(addoninformation)</visible>
		</control>
		<control type="group">
			<animation effect="slide" end="166,0" condition="Window.IsActive(addoninformation)">Conditional</animation>
			<include condition="String.IsEmpty(Window(Home).Property(AddonNews))">DialogOpenCloseAnimation</include>
			<animation effect="fade" time="100" delay="200" condition="!String.IsEmpty(Window(Home).Property(AddonNews))">WindowOpen</animation>
			<animation effect="fade" time="50" condition="!String.IsEmpty(Window(Home).Property(AddonNews))">WindowClose</animation>
			<left>270</left>
			<top>72.5</top>
			<control type="image">
				<left>20</left>
				<width>1342</width>
				<height>935</height>
				<texture>colors/black90.png</texture>
				<bordersize>1</bordersize>
				<bordertexture border="1" infill="false" colordiffuse="$VAR[ThemeBorderColor]">colors/border_frame.png</bordertexture>
				<visible>String.IsEmpty(Window(Home).Property(AddonNews))</visible>
			</control>
			<control type="label">
				<left>30</left>
				<top>40</top>
				<width>1000</width>
				<height>40</height>
				<font>font30_title</font>
				<align>center</align>
				<textcolor>dialogheader</textcolor>
				<label>$INFO[Window(Home).Property(TextViewerHeader)]</label>
			</control>
			<control type="label">
				<left>30</left>
				<top>90</top>
				<width>1000</width>
				<height>40</height>
				<font>font15</font>
				<align>center</align>
				<textcolor>$VAR[ThemeLabelColor]</textcolor>
				<label>$INFO[Window(Home).Property(TextViewerSubHeader)]</label>
			</control>
			<control type="textbox">
				<left>30</left>
				<top>145</top>
				<width>1000</width>
				<height>750</height>
				<align>justify</align>
				<font>font16_textbox</font>
				<textcolor>grey</textcolor>
				<pagecontrol>61</pagecontrol>
				<label>$VAR[CustomTextViewerContentVar]</label>
			</control>
			<control type="scrollbar" id="61">
				<left>1190</left>
				<top>145</top>
				<width>20</width>
				<height>750</height>
				<ondown>61</ondown>
				<onup>61</onup>
				<showonepage>false</showonepage>
				<texturesliderbackground>colors/black90.png</texturesliderbackground>
				<texturesliderbar colordiffuse="$VAR[ThemeLabelColor]" border="1">scrollbar/texturesliderbar2.png</texturesliderbar>
			</control>
		</control>
	</controls>
</window>