<?xml version="1.0" encoding="UTF-8"?>
<window id="1127" type="dialog">
	<defaultcontrol always="true">90100</defaultcontrol>
	<coordinates>
		<system>1</system>
		<left>457</left>
		<top>240</top>
	</coordinates>
	<include>DialogOpenCloseAnimation</include>
	<controls>
		<control type="image">
			<left>157</left>
			<width>692</width>
			<height>600</height>
			<texture border="40">dialogs/default/bg.png</texture>
		</control>
		<control type="image">
			<left>187</left>
			<top>86</top>
			<width>632</width>
			<height>482</height>
			<texture border="5">dialogs/default/inner.png</texture>
		</control>
		<control type="label" id="1">
			<left>30</left>
			<top>32</top>
			<width>940</width>
			<height>40</height>
			<font>font15_title</font>
			<label>$LOCALIZE[31091]</label>
			<align>center</align>
			<textcolor>dialogheader</textcolor>
		</control>
		<control type="list" id="90100">
			<left>189</left>
			<top>88</top>
			<width>628</width>
			<height>480</height>
			<onup>90100</onup>
			<ondown>90100</ondown>
			<onleft>90100</onleft>
			<onright>60</onright>
			<pagecontrol>60</pagecontrol>
			<scrolltime tween="quadratic" easing="out">200</scrolltime>
			<itemlayout height="100" width="628">
				<control type="label">
					<left>110</left>
					<width>520</width>
					<height>100</height>
					<textoffsetx>15</textoffsetx>
					<font>font14</font>
					<textcolor>grey2</textcolor>
					<label>$INFO[ListItem.Label]</label>
				</control>
				<control type="image">
					<top>10</top>
					<left>10</left>
					<width>80</width>
					<height>80</height>
					<texture>$INFO[ListItem.Icon]</texture>
				</control>
				<control type="image">
					<left>528</left>
					<top>18</top>
					<width>120</width>
					<height>76</height>
					<texture>$INFO[ListItem.Property(Radio)]</texture>
				</control>
			</itemlayout>
			<focusedlayout height="100" width="628">
				<control type="image">
					<width>629</width>
					<height>100</height>
					<texture colordiffuse="$VAR[HighlightBarColor]" border="5">lf_classic/button/MenuItemFO.png</texture>
					<visible>Control.HasFocus(90100)</visible>
					<include>VisibleFadeAnimation</include>
				</control>
				<control type="label">
					<left>110</left>
					<width>520</width>
					<height>100</height>
					<textoffsetx>15</textoffsetx>
					<font>font14</font>
					<scroll>true</scroll>
					<label>$INFO[ListItem.Label]</label>
					<animation effect="fade" start="100" end="70" time="300" tween="sine" easing="inout" condition="!Control.HasFocus(90100)">Conditional</animation>
				</control>
				<control type="image">
					<top>10</top>
					<left>10</left>
					<width>80</width>
					<height>80</height>
					<texture>$INFO[ListItem.Icon]</texture>
				</control>
				<control type="image">
					<left>528</left>
					<top>18</top>
					<width>120</width>
					<height>76</height>
					<texture>$INFO[ListItem.Property(Radio)]</texture>
				</control>
			</focusedlayout>
			<content>
				<item>
					<label>$LOCALIZE[13404]</label>
					<icon>overlays/resumable.png</icon>
					<onclick>Skin.SetBool(Disable.Resumable)</onclick>
					<property name="Radio">android/btn_radio_on_holo_dark.png</property>
					<visible>!Skin.HasSetting(Disable.Resumable)</visible>
				</item>
				<item>
					<label>$LOCALIZE[13404]</label>
					<icon>overlays/resumable.png</icon>
					<onclick>Skin.Reset(Disable.Resumable)</onclick>
					<property name="Radio">android/btn_radio_off_holo_dark.png</property>
					<visible>Skin.HasSetting(Disable.Resumable)</visible>
				</item>
				<item>
					<label>$LOCALIZE[16102]</label>
					<icon>overlays/OverlayWatched.png</icon>
					<onclick>Skin.SetBool(Disable.OverlayWatched)</onclick>
					<property name="Radio">android/btn_radio_on_holo_dark.png</property>
					<visible>!Skin.HasSetting(Disable.OverlayWatched)</visible>
				</item>
				<item>
					<label>$LOCALIZE[16102]</label>
					<icon>overlays/OverlayWatched.png</icon>
					<onclick>Skin.Reset(Disable.OverlayWatched)</onclick>
					<property name="Radio">android/btn_radio_off_holo_dark.png</property>
					<visible>Skin.HasSetting(Disable.OverlayWatched)</visible>
				</item>
				<item>
					<label>$LOCALIZE[16101]</label>
					<icon>overlays/OverlayUnwatched.png</icon>
					<onclick>Skin.SetBool(Disable.OverlayUnwatched)</onclick>
					<property name="Radio">android/btn_radio_on_holo_dark.png</property>
					<visible>!Skin.HasSetting(Disable.OverlayUnwatched)</visible>
				</item>
				<item>
					<label>$LOCALIZE[16101]</label>
					<icon>overlays/OverlayUnwatched.png</icon>
					<onclick>Skin.Reset(Disable.OverlayUnwatched)</onclick>
					<property name="Radio">android/btn_radio_off_holo_dark.png</property>
					<visible>Skin.HasSetting(Disable.OverlayUnwatched)</visible>
				</item>
				<item>
					<label>$LOCALIZE[31109]</label>
					<icon>dialogs/settings/circle.png</icon>
					<onclick>Skin.Reset(Disable.UnwatchedIcon)</onclick>
					<property name="Radio">android/btn_radio_on_holo_dark.png</property>
					<visible>Skin.HasSetting(Disable.UnwatchedIcon)</visible>
				</item>
				<item>
					<label>$LOCALIZE[31109]</label>
					<icon>dialogs/settings/circle.png</icon>
					<onclick>Skin.SetBool(Disable.UnwatchedIcon)</onclick>
					<property name="Radio">android/btn_radio_off_holo_dark.png</property>
					<visible>!Skin.HasSetting(Disable.UnwatchedIcon)</visible>
				</item>
			</content>
		</control>
		<control type="scrollbar" id="60">
			<left>819</left>
			<top>88</top>
			<height>480</height>
			<width>14</width>
			<onleft>90100</onleft>
			<onright>90100</onright>
			<ondown>60</ondown>
			<onup>60</onup>
			<showonepage>false</showonepage>
			<texturesliderbackground />
			<texturesliderbar colordiffuse="80FFFFFF" border="4">scrollbar/texturesliderbar3.png</texturesliderbar>
			<texturesliderbarfocus border="4">scrollbar/texturesliderbar3.png</texturesliderbarfocus>
		</control>
	</controls>
</window>