<?xml version="1.0" encoding="UTF-8"?>
<window>
	<defaultcontrol always="true">90001</defaultcontrol>
	<onload>ClearProperty(skinshortcuts-management-widget,Home)</onload>
	<onunload>ClearProperty(skinshortcuts-management-widget,Home)</onunload>
	<controls>
		<control type="group">
			<include>WindowSettingsFadeAnimation</include>
			<top>64</top>
			<control type="group">
				<visible>String.IsEmpty(Window.Property(additionalDialog))</visible>
				<control type="group">
					<include>SettingsFadeAnimation</include>
					<control type="list" id="211">
						<left>81</left>
						<top>32</top>
						<width>896</width>
						<height>810</height>
						<onright>9000</onright>
						<scrolltime>0</scrolltime>
						<itemlayout height="81" width="356" condition="!String.IsEqual(Window.Property(groupname),buttonmenu)">
							<control type="group">
								<visible>String.IsEmpty(Window(Home).Property(skinshortcuts-management-widget))</visible>
								<control type="label">
									<width>360</width>
									<height>81</height>
									<font>font15_title</font>
									<textoffsetx>20</textoffsetx>
									<textcolor>grey</textcolor>
									<label>$VAR[ShortcutsDisabledVar]$INFO[ListItem.Label]</label>
									<visible>!String.IsEqual(Skin.String(MainMenu.Layout),icons)</visible>
								</control>
								<control type="group">
									<visible>String.IsEqual(Skin.String(MainMenu.Layout),icons)</visible>
									<control type="label">
										<left>45</left>
										<width>315</width>
										<height>81</height>
										<font>font15_title</font>
										<textoffsetx>20</textoffsetx>
										<textcolor>grey2</textcolor>
										<label>$VAR[ShortcutsDisabledVar]$INFO[ListItem.Label]</label>
									</control>
									<control type="image">
										<left>-5</left>
										<width>70</width>
										<height>81</height>
										<aspectratio>keep</aspectratio>
										<texture colordiffuse="grey2">$INFO[ListItem.Icon]</texture>
										<visible>String.IsEqual(Window.Property(groupname),mainmenu)</visible>
									</control>
								</control>
							</control>
						</itemlayout>
						<focusedlayout height="81" width="550" condition="!String.IsEqual(Window.Property(groupname),buttonmenu)">
							<control type="image">
								<width>630</width>
								<height>81</height>
								<texture colordiffuse="$VAR[HighlightBarColor]" border="4">listselect_fo.png</texture>
								<animation effect="fade" start="100" end="40" time="300" tween="sine" easing="inout" condition="!ControlGroup(90000).HasFocus">Conditional</animation>
								<visible>String.IsEmpty(Window(Home).Property(skinshortcuts-management-widget))</visible>
							</control>
							<control type="image">
								<width>355</width>
								<height>81</height>
								<texture colordiffuse="$VAR[HighlightBarColor]" border="4">listselect_fo.png</texture>
								<animation effect="fade" start="100" end="40" time="300" tween="sine" easing="inout" condition="true">Conditional</animation>
								<visible>!String.IsEmpty(Window(Home).Property(skinshortcuts-management-widget))</visible>
							</control>
							<control type="label">
								<width>360</width>
								<height>81</height>
								<font>font15_title</font>
								<textoffsetx>20</textoffsetx>
								<label>$VAR[ShortcutsDisabledVar]$INFO[ListItem.Label]</label>
								<visible>!String.IsEqual(Skin.String(MainMenu.Layout),icons)</visible>
								<scroll>true</scroll>
							</control>
							<control type="group">
								<visible>String.IsEqual(Skin.String(MainMenu.Layout),icons)</visible>
								<control type="label">
									<left>45</left>
									<width>315</width>
									<height>81</height>
									<font>font15_title</font>
									<textoffsetx>20</textoffsetx>
									<label>$VAR[ShortcutsDisabledVar]$INFO[ListItem.Label]</label>
									<scroll>true</scroll>
								</control>
								<control type="image">
									<left>-5</left>
									<width>70</width>
									<height>81</height>
									<aspectratio>keep</aspectratio>
									<texture>$INFO[ListItem.Icon]</texture>
									<visible>String.IsEqual(Window.Property(groupname),mainmenu)</visible>
								</control>
							</control>
						</focusedlayout>
						<itemlayout height="81" width="356" condition="String.IsEqual(Window.Property(groupname),buttonmenu)">
							<control type="label">
								<width>460</width>
								<height>81</height>
								<font>font15_title</font>
								<textoffsetx>20</textoffsetx>
								<textcolor>grey</textcolor>
								<label>$VAR[ShortcutsDisabledVar]$INFO[ListItem.Label]</label>
							</control>
						</itemlayout>
						<focusedlayout height="81" width="550" condition="String.IsEqual(Window.Property(groupname),buttonmenu)">
							<control type="image">
								<width>630</width>
								<height>81</height>
								<texture colordiffuse="$VAR[HighlightBarColor]" border="4">listselect_fo.png</texture>
								<animation effect="fade" start="100" end="40" time="300" tween="sine" easing="inout" condition="!ControlGroup(90000).HasFocus">Conditional</animation>
							</control>
							<control type="label">
								<width>460</width>
								<height>81</height>
								<font>font15_title</font>
								<textoffsetx>20</textoffsetx>
								<label>$VAR[ShortcutsDisabledVar]$INFO[ListItem.Label]</label>
								<scroll>true</scroll>
							</control>
						</focusedlayout>
					</control>
					<control type="grouplist" id="90000">
						<left>405</left>
						<top>32</top>
						<width>356</width>
						<height>81</height>
						<onright>90001</onright>
						<onup>Control.Move(211,-1)</onup>
						<ondown>Control.Move(211,1)</ondown>
						<orientation>horizontal</orientation>
						<itemgap>-20</itemgap>
						<visible>String.IsEmpty(Window(Home).Property(skinshortcuts-management-widget))</visible>
						<animation effect="slide" end="120" condition="String.IsEqual(Window.Property(groupname),buttonmenu)">Conditional</animation>
						<animation effect="slide" end="0,81" condition="Integer.IsGreater(Container(211).Position,0)">Conditional</animation>
						<animation effect="slide" end="0,81" condition="Integer.IsGreater(Container(211).Position,1)">Conditional</animation>
						<animation effect="slide" end="0,81" condition="Integer.IsGreater(Container(211).Position,2)">Conditional</animation>
						<animation effect="slide" end="0,81" condition="Integer.IsGreater(Container(211).Position,3)">Conditional</animation>
						<animation effect="slide" end="0,81" condition="Integer.IsGreater(Container(211).Position,4)">Conditional</animation>
						<animation effect="slide" end="0,81" condition="Integer.IsGreater(Container(211).Position,5)">Conditional</animation>
						<animation effect="slide" end="0,81" condition="Integer.IsGreater(Container(211).Position,6)">Conditional</animation>
						<animation effect="slide" end="0,81" condition="Integer.IsGreater(Container(211).Position,7)">Conditional</animation>
						<animation effect="slide" end="0,81" condition="Integer.IsGreater(Container(211).Position,8)">Conditional</animation>
						<animation effect="slide" end="0,81" condition="Integer.IsGreater(Container(211).Position,9)">Conditional</animation>
						<animation effect="slide" end="0,81" condition="Integer.IsGreater(Container(211).Position,10)">Conditional</animation>
						<control type="button" id="308">
							<texturefocus />
							<texturenofocus />
							<width>80</width>
							<height>81</height>
							<align>center</align>
							<aligny>center</aligny>
							<font>IconMediumMD</font>
							<textcolor>grey2</textcolor>
							<focusedcolor>white</focusedcolor>
							<label></label>
							<visible>!String.IsEqual(Window.Property(groupname),buttonmenu)</visible>
						</control>
						<control type="button" id="302">
							<texturefocus />
							<texturenofocus />
							<width>80</width>
							<height>81</height>
							<align>center</align>
							<aligny>center</aligny>
							<font>IconMediumMD</font>
							<textcolor>grey2</textcolor>
							<focusedcolor>white</focusedcolor>
							<label></label>
						</control>
						<control type="button" id="301">
							<texturefocus />
							<texturenofocus />
							<width>80</width>
							<height>81</height>
							<align>center</align>
							<aligny>center</aligny>
							<font>IconMediumMD</font>
							<textcolor>grey2</textcolor>
							<focusedcolor>white</focusedcolor>
							<label></label>
							<visible>!String.IsEqual(Window.Property(groupname),buttonmenu)</visible>
						</control>
						<control type="button" id="303">
							<texturefocus />
							<texturenofocus />
							<width>80</width>
							<height>81</height>
							<align>center</align>
							<aligny>center</aligny>
							<font>IconMediumMD</font>
							<textcolor>grey2</textcolor>
							<focusedcolor>white</focusedcolor>
							<label></label>
						</control>
						<control type="button" id="304">
							<texturefocus />
							<texturenofocus />
							<width>80</width>
							<height>81</height>
							<align>center</align>
							<aligny>center</aligny>
							<font>IconMediumMD</font>
							<textcolor>grey2</textcolor>
							<focusedcolor>white</focusedcolor>
							<label></label>
						</control>
					</control>
					<control type="group" id="9000">
						<left>713</left>
						<top>32</top>
						<control type="image">
							<left>-1</left>
							<top>80</top>
							<width>1126</width>
							<height>1</height>
							<texture colordiffuse="$VAR[ThemeLabelColor]">separator_horizontal.png</texture>
							<visible>String.IsEmpty(Window(Home).Property(skinshortcuts-management-widget))</visible>
						</control>
						<control type="group" id="90001">
							<width>1125</width>
							<height>810</height>
							<visible>String.IsEmpty(Window(Home).Property(skinshortcuts-management-widget))</visible>
							<control type="togglebutton" id="313">
								<description>Enable/Disable</description>
								<onup>519</onup>
								<ondown>401</ondown>
								<onleft>304</onleft>
								<width>1125</width>
								<height>80</height>
								<include>SettingsButtonCommonValues</include>
								<label>[COLOR chartreuse]ENABLE THIS MENU[/COLOR]</label>
								<altlabel>[COLOR chartreuse]DISABLE THIS MENU[/COLOR]</altlabel>
								<usealttexture>!String.IsEqual(Container(211).ListItem.Property(skinshortcuts-disabled),True)</usealttexture>
							</control>
							<control type="grouplist" id="9001">
								<top>81</top>
								<width>1125</width>
								<height>729</height>
								<onleft>304</onleft>
								<onup>313</onup>
								<ondown>313</ondown>
								<visible>!String.IsEqual(Container(211).ListItem.Property(skinshortcuts-disabled),True)</visible>
								<control type="button" id="401">
									<description>Choose shortcut</description>
									<width>1125</width>
									<include>SettingsButtonCommonValues</include>
									<label>$ADDON[script.skinshortcuts 32048]</label>
									<visible>!String.IsEqual(Window.Property(groupname),buttonmenu)</visible>
								</control>
								<control type="button" id="3080">
									<description>Reset</description>
									<width>1125</width>
									<include>SettingsButtonCommonValues</include>
									<label>$LOCALIZE[31468]</label>
									<onclick>SendClick(308)</onclick>
									<visible>String.IsEqual(Window.Property(groupname),buttonmenu)</visible>
								</control>
								<control type="button" id="305">
									<description>Change label</description>
									<width>1125</width>
									<include>SettingsButtonCommonValues</include>
									<label>$ADDON[script.skinshortcuts 32025]</label>
									<label2>$INFO[Container(211).ListItem.Label]</label2>
								</control>
								<control type="button" id="306">
									<description>Change icon</description>
									<width>1125</width>
									<include>SettingsButtonCommonValues</include>
									<label>$LOCALIZE[31047]</label>
									<label2>$VAR[SkinShortcutsIconLabelVar]</label2>
									<visible>[String.IsEqual(Skin.String(MainMenu.Layout),icons) + String.IsEqual(Window.Property(groupname),mainmenu)] | [String.EndsWith(Window.Property(groupname),.1) | String.EndsWith(Window.Property(groupname),.2)]</visible>
								</control>
								<control type="button" id="307">
									<description>Change action</description>
									<width>1125</width>
									<include>SettingsButtonCommonValues</include>
									<label>$ADDON[script.skinshortcuts 32027]</label>
									<label2>$INFO[Container(211).ListItem.Property(displaypath)]</label2>
									<visible>!String.IsEqual(Window.Property(groupname),buttonmenu)</visible>
								</control>
								<control type="button" id="405">
									<description>Edit submenu</description>
									<width>1125</width>
									<include>SettingsButtonCommonValues</include>
									<label>$LOCALIZE[31080]</label>
									<visible>String.IsEqual(Window.Property(groupname),mainmenu)</visible>
								</control>
								<control type="button" id="310">
									<description>Change background</description>
									<width>1125</width>
									<include>SettingsButtonCommonValues</include>
									<label>$ADDON[script.skinshortcuts 32045]</label>
									<label2>$INFO[Container(211).ListItem.Property(backgroundName)]</label2>
									<onclick condition="!Skin.HasSetting(WarnedOnFileManager)">SetProperty(Notify,True,Home)</onclick>
									<onclick condition="!Skin.HasSetting(WarnedOnFileManager)">SetProperty(NotifyFileManager,True,Home)</onclick>
									<visible>!String.IsEqual(Window.Property(groupname),buttonmenu)</visible>
								</control>
								<control type="button" id="510">
									<description>Choose infoline</description>
									<width>1125</width>
									<include>SettingsButtonCommonValues</include>
									<label>$LOCALIZE[31049]</label>
									<label2>$INFO[Container(211).ListItem.Property(InfoLine)]</label2>
									<visible>String.IsEqual(Window.Property(groupname),mainmenu)</visible>
									<onclick>SetProperty(chooseProperty,InfoLine)</onclick>
									<onclick>SendClick(404)</onclick>
								</control>
								<control type="button" id="800">
									<description>Widget 1</description>
									<width>1125</width>
									<include>SettingsButtonCommonValues</include>
									<label>$ADDON[script.skinshortcuts 32044] 1</label>
									<label2>$VAR[Widget1DisplayTitleVar]</label2>
									<onfocus condition="!String.IsEmpty(Window(Home).Property(skinshortcuts-management-widget))">ClearProperty(skinshortcuts-management-widget,Home)</onfocus>
									<onclick>SetProperty(skinshortcuts-management-widget,1,Home)</onclick>
									<onclick>Control.SetFocus(312)</onclick>
									<visible>String.IsEqual(Window.Property(groupname),mainmenu)</visible>
								</control>
								<control type="button" id="406">
									<description>Setup custom widget 1</description>
									<width>1125</width>
									<include>SettingsButtonCommonValues</include>
									<label>   - $LOCALIZE[31760]</label>
									<visible>String.IsEqual(Window.Property(groupname),mainmenu) + String.IsEqual(Container(211).ListItem.Property(widgetType),custom)</visible>
								</control>
								<control type="button" id="801">
									<description>Widget 2</description>
									<width>1125</width>
									<include>SettingsButtonCommonValues</include>
									<label>$ADDON[script.skinshortcuts 32044] 2</label>
									<label2>$VAR[Widget2DisplayTitleVar]</label2>
									<onfocus condition="!String.IsEmpty(Window(Home).Property(skinshortcuts-management-widget))">ClearProperty(skinshortcuts-management-widget,Home)</onfocus>
									<onclick>SetProperty(skinshortcuts-management-widget,2,Home)</onclick>
									<onclick>Control.SetFocus(2051)</onclick>
									<visible>String.IsEqual(Window.Property(groupname),mainmenu)</visible>
								</control>
								<control type="button" id="407">
									<description>Setup custom widget 2</description>
									<width>1125</width>
									<include>SettingsButtonCommonValues</include>
									<label>   - $LOCALIZE[31761]</label>
									<visible>String.IsEqual(Window.Property(groupname),mainmenu) + String.IsEqual(Container(211).ListItem.Property(widgetType.2),custom)</visible>
								</control>
								<control type="radiobutton" id="519">
									<description>Show Live TV Widget</description>
									<width>1125</width>
									<radioposx>1007</radioposx>
									<include>SettingsButtonCommonValues</include>
									<label>$LOCALIZE[31273]</label>
									<onclick condition="!String.IsEmpty(Container(211).ListItem.Property(widgetLiveTV))">SetProperty(customProperty,widgetLiveTV)</onclick>
									<onclick condition="String.IsEmpty(Container(211).ListItem.Property(widgetLiveTV))">SetProperty(customProperty,widgetLiveTV)</onclick>
									<onclick condition="String.IsEmpty(Container(211).ListItem.Property(widgetLiveTV))">SetProperty(customValue,true)</onclick>
									<onclick>SendClick(404)</onclick>
									<selected>!String.IsEmpty(Container(211).ListItem.Property(widgetLiveTV))</selected>
									<visible>System.HasPVRAddon + [PVR.HasTVChannels | PVR.HasRadioChannels] + String.IsEqual(Window.Property(groupname),mainmenu)</visible>
								</control>
							</control>
						</control>
					</control>
				</control>
			</control>
			<!-- Widget Settings -->
			<control type="group">
				<visible>!String.IsEmpty(Window(Home).Property(skinshortcuts-management-widget))</visible>
				<include>SettingsFadeAnimation</include>
				<!-- Widget 1 -->
				<control type="group">
					<visible>String.IsEqual(Window(Home).Property(skinshortcuts-management-widget),1)</visible>
					<control type="button" id="6001">
						<include>FullscreenDimensions</include>
						<height>1141</height>
						<onclick>back</onclick>
						<texturefocus />
						<texturenofocus />
					</control>
					<control type="grouplist" id="6000">
						<left>437</left>
						<top>32</top>
						<width>1401</width>
						<height>810</height>
						<onup>6000</onup>
						<ondown>6000</ondown>
						<scrolltime tween="quadratic" easing="out">200</scrolltime>
						<control type="button" id="312">
							<description>Change widget 1</description>
							<include>SettingsButtonCommonValues</include>
							<label>$ADDON[script.skinshortcuts 32044]</label>
							<label2>$INFO[Container(211).ListItem.Property(widgetName)]</label2>
							<onclick>SetProperty(customProperty,widgetArt)</onclick>
							<onclick>SendClick(404)</onclick>
						</control>
						<control type="button" id="1001">
							<description>Change widget style 1</description>
							<include>SettingsButtonCommonValues</include>
							<label>31701</label>
							<label2>$VAR[WidgetStyleLabelVar]</label2>
							<visible>!String.IsEmpty(Container(211).ListItem.Property(widgetPath))</visible>
						</control>
						<control type="button" id="1004">
							<description>Change widget art 1</description>
							<include>SettingsButtonCommonValues</include>
							<label>$LOCALIZE[31706]</label>
							<label2>$VAR[WidgetArtLabelVar]</label2>
							<visible>[!String.IsEmpty(Container(211).ListItem.Property(widgetPath)) + !String.IsEmpty(Container(211).ListItem.Property(widgetStyle))] + [!String.IsEqual(Container(211).ListItem.Property(widgetType),system) | !String.Contains(Container(211).ListItem.Property(widgetStyle),List)]</visible>
						</control>
						<control type="button" id="1008">
							<description>Change widget case 1</description>
							<include>SettingsButtonCommonValues</include>
							<label>$LOCALIZE[31707]</label>
							<label2>$VAR[WidgetCaseLabelVar]</label2>
							<visible>[!String.IsEmpty(Container(211).ListItem.Property(widgetPath)) + !String.IsEmpty(Container(211).ListItem.Property(widgetStyle))] + [!String.IsEqual(Container(211).ListItem.Property(widgetType),system) | !String.Contains(Container(211).ListItem.Property(widgetStyle),List)]</visible>
						</control>
						<control type="button" id="1002">
							<description>Change widget background 1</description>
							<include>SettingsButtonCommonValues</include>
							<label>31702</label>
							<label2>$VAR[WidgetBackgroundLabelVar]</label2>
							<visible>!String.IsEmpty(Container(211).ListItem.Property(widgetPath)) + !String.IsEmpty(Container(211).ListItem.Property(widgetStyle)) + !Skin.HasSetting(Enable.GlobalWidgetBack)</visible>
						</control>
						<control type="button" id="1003">
							<description>Change widget title 1</description>
							<include>SettingsButtonCommonValues</include>
							<label>31703</label>
							<label2>$VAR[WidgetTitleLabelVar]</label2>
							<visible>!String.IsEmpty(Container(211).ListItem.Property(widgetPath)) + !String.IsEmpty(Container(211).ListItem.Property(widgetStyle)) + !String.Contains(Container(211).ListItem.Property(widgetStyle),List)</visible>
						</control>
						<control type="button" id="1020">
							<description>Change list widget text 1</description>
							<include>SettingsButtonCommonValues</include>
							<label>31704</label>
							<label2>$VAR[WidgetListLabelVar]</label2>
							<visible>!String.IsEmpty(Container(211).ListItem.Property(widgetPath)) + !String.IsEmpty(Container(211).ListItem.Property(widgetStyle)) + String.Contains(Container(211).ListItem.Property(widgetStyle),List) + !String.IsEqual(Container(211).ListItem.Property(widgetArt),Banner) + !String.IsEqual(Container(211).ListItem.Property(widgetType),system) + !String.IsEqual(Container(211).ListItem.Property(widgetType),weather)</visible>
						</control>
						<control type="radiobutton" id="1021">
							<description>Enable panel widget info 1</description>
							<include>SettingsButtonCommonValues</include>
							<onclick condition="!String.IsEmpty(Container(211).ListItem.Property(widgetPanelInfo))">SetProperty(customProperty,widgetPanelInfo)</onclick>
							<onclick condition="String.IsEmpty(Container(211).ListItem.Property(widgetPanelInfo))">SetProperty(customProperty,widgetPanelInfo)</onclick>
							<onclick condition="String.IsEmpty(Container(211).ListItem.Property(widgetPanelInfo))">SetProperty(customValue,true)</onclick>
							<onclick>SendClick(404)</onclick>
							<selected>!String.IsEmpty(Container(211).ListItem.Property(widgetPanelInfo))</selected>
							<label>31705</label>
							<visible>!String.IsEmpty(Container(211).ListItem.Property(widgetPath)) + !String.IsEmpty(Container(211).ListItem.Property(widgetStyle)) + !String.Contains(Container(211).ListItem.Property(widgetStyle),List)</visible>
						</control>
						<control type="radiobutton" id="1022">
							<description>Enable widget hide 1</description>
							<include>SettingsButtonCommonValues</include>
							<label>31289</label>
							<onclick condition="!String.IsEmpty(Container(211).ListItem.Property(widgetHide))">SetProperty(customProperty,widgetHide)</onclick>
							<onclick condition="String.IsEmpty(Container(211).ListItem.Property(widgetHide))">SetProperty(customProperty,widgetHide)</onclick>
							<onclick condition="String.IsEmpty(Container(211).ListItem.Property(widgetHide))">SetProperty(customValue,true)</onclick>
							<onclick>SendClick(404)</onclick>
							<selected>!String.IsEmpty(Container(211).ListItem.Property(widgetHide))</selected>
							<visible>!String.IsEmpty(Container(211).ListItem.Property(widgetPath)) + !String.IsEmpty(Container(211).ListItem.Property(widgetStyle))</visible>
						</control>
						<control type="radiobutton" id="1023">
							<description>Disable widget fanart 1</description>
							<include>SettingsButtonCommonValues</include>
							<label>31444</label>
							<onclick condition="!String.IsEmpty(Container(211).ListItem.Property(widgetDisableFanart))">SetProperty(customProperty,widgetDisableFanart)</onclick>
							<onclick condition="String.IsEmpty(Container(211).ListItem.Property(widgetDisableFanart))">SetProperty(customProperty,widgetDisableFanart)</onclick>
							<onclick condition="String.IsEmpty(Container(211).ListItem.Property(widgetDisableFanart))">SetProperty(customValue,true)</onclick>
							<onclick>SendClick(404)</onclick>
							<selected>!String.IsEmpty(Container(211).ListItem.Property(widgetDisableFanart))</selected>
							<visible>!String.IsEmpty(Container(211).ListItem.Property(widgetPath)) + !String.IsEmpty(Container(211).ListItem.Property(widgetStyle))</visible>
						</control>
						<control type="group" id="6002">
							<width>1401</width>
							<height>81</height>
							<visible>!String.IsEmpty(Container(211).ListItem.Property(widgetPath)) + !String.IsEmpty(Container(211).ListItem.Property(widgetStyle))</visible>
							<control type="button" id="1017">
								<description>Change widget 1 limit</description>
								<width>467</width>
								<onup>1023</onup>
								<ondown>312</ondown>
								<onright>1012</onright>
								<include>SettingsButtonCommonValues</include>
								<label>$LOCALIZE[21427]</label>
								<label2>$VAR[WidgetLimitLabelVar]</label2>
							</control>
							<control type="button" id="1012">
								<description>Change widget 1 sort by</description>
								<left>467</left>
								<width>467</width>
								<onup>1023</onup>
								<ondown>312</ondown>
								<onleft>1017</onleft>
								<onright>1016</onright>
								<include>SettingsButtonCommonValues</include>
								<label>$LOCALIZE[31708]</label>
								<label2>$VAR[WidgetSortbyLabelVar]</label2>
							</control>
							<control type="button" id="1016">
								<description>Change widget 1 sort order</description>
								<left>934</left>
								<width>467</width>
								<onup>1023</onup>
								<ondown>312</ondown>
								<onleft>1012</onleft>
								<include>SettingsButtonCommonValues</include>
								<label>$LOCALIZE[31709]</label>
								<label2>$VAR[WidgetSortLabelVar]</label2>
							</control>
						</control>
					</control>
				</control>
				<!-- Widget 2 -->
				<control type="group">
					<visible>String.IsEqual(Window(Home).Property(skinshortcuts-management-widget),2)</visible>
					<control type="button" id="7001">
						<include>FullscreenDimensions</include>
						<height>1141</height>
						<onclick>back</onclick>
						<texturefocus />
						<texturenofocus />
					</control>
					<control type="grouplist" id="7000">
						<left>437</left>
						<top>32</top>
						<width>1401</width>
						<height>810</height>
						<onup>7000</onup>
						<ondown>7000</ondown>
						<scrolltime tween="quadratic" easing="out">200</scrolltime>
						<control type="button" id="2051">
							<description>Change widget 2</description>
							<include>SettingsButtonCommonValues</include>
							<label>$ADDON[script.skinshortcuts 32044]</label>
							<label2>$INFO[Container(211).ListItem.Property(widgetName.2)]</label2>
							<onclick>SetProperty(widgetID,2)</onclick>
							<onclick>SendClick(312)</onclick>
							<onclick>SetProperty(customProperty,widgetArt.2)</onclick>
							<onclick>SendClick(404)</onclick>
						</control>
						<control type="button" id="2001">
							<description>Change widget style 2</description>
							<include>SettingsButtonCommonValues</include>
							<label>31701</label>
							<label2>$VAR[WidgetStyle2LabelVar]</label2>
							<visible>!String.IsEmpty(Container(211).ListItem.Property(widgetName.2))</visible>
						</control>
						<control type="button" id="2004">
							<description>Change widget art 2</description>
							<include>SettingsButtonCommonValues</include>
							<label>$LOCALIZE[31706]</label>
							<label2>$VAR[WidgetArt2LabelVar]</label2>
							<visible>[!String.IsEmpty(Container(211).ListItem.Property(widgetPath.2)) + !String.IsEmpty(Container(211).ListItem.Property(widgetStyle.2))] + [!String.IsEqual(Container(211).ListItem.Property(widgetType.2),system) | !String.Contains(Container(211).ListItem.Property(widgetStyle.2),List)]</visible>
						</control>
						<control type="button" id="2008">
							<description>Change widget case 2</description>
							<include>SettingsButtonCommonValues</include>
							<label>$LOCALIZE[31707]</label>
							<label2>$VAR[WidgetCase2LabelVar]</label2>
							<visible>[!String.IsEmpty(Container(211).ListItem.Property(widgetPath.2)) + !String.IsEmpty(Container(211).ListItem.Property(widgetStyle.2))] + [!String.IsEqual(Container(211).ListItem.Property(widgetType.2),system) | !String.Contains(Container(211).ListItem.Property(widgetStyle.2),List)]</visible>
						</control>
						<control type="button" id="2002">
							<description>Change widget background 2</description>
							<include>SettingsButtonCommonValues</include>
							<label>31702</label>
							<label2>$VAR[WidgetBackground2LabelVar]</label2>
							<visible>!String.IsEmpty(Container(211).ListItem.Property(widgetPath.2)) + !String.IsEmpty(Container(211).ListItem.Property(widgetStyle.2)) + !Skin.HasSetting(Enable.GlobalWidgetBack)</visible>
						</control>
						<control type="button" id="2003">
							<description>Change widget title 2</description>
							<include>SettingsButtonCommonValues</include>
							<label>31703</label>
							<label2>$VAR[WidgetTitle2LabelVar]</label2>
							<visible>!String.IsEmpty(Container(211).ListItem.Property(widgetPath.2)) + !String.IsEmpty(Container(211).ListItem.Property(widgetStyle.2)) + !String.Contains(Container(211).ListItem.Property(widgetStyle.2),List)</visible>
						</control>
						<control type="button" id="2020">
							<description>Change list widget text 2</description>
							<include>SettingsButtonCommonValues</include>
							<label>31704</label>
							<label2>$VAR[WidgetList2LabelVar]</label2>
							<visible>!String.IsEmpty(Container(211).ListItem.Property(widgetPath.2)) + !String.IsEmpty(Container(211).ListItem.Property(widgetStyle.2)) + String.Contains(Container(211).ListItem.Property(widgetStyle.2),List) + !String.IsEqual(Container(211).ListItem.Property(widgetArt.2),Banner) + !String.IsEqual(Container(211).ListItem.Property(widgetType.2),system) + !String.IsEqual(Container(211).ListItem.Property(widgetType.2),weather)</visible>
						</control>
						<control type="radiobutton" id="2021">
							<description>Enable panel widget info 2</description>
							<include>SettingsButtonCommonValues</include>
							<label>31705</label>
							<onclick condition="!String.IsEmpty(Container(211).ListItem.Property(widgetPanelInfo.2))">SetProperty(customProperty,widgetPanelInfo.2)</onclick>
							<onclick condition="String.IsEmpty(Container(211).ListItem.Property(widgetPanelInfo.2))">SetProperty(customProperty,widgetPanelInfo.2)</onclick>
							<onclick condition="String.IsEmpty(Container(211).ListItem.Property(widgetPanelInfo.2))">SetProperty(customValue,true)</onclick>
							<onclick>SendClick(404)</onclick>
							<selected>!String.IsEmpty(Container(211).ListItem.Property(widgetPanelInfo.2))</selected>
							<visible>!String.IsEmpty(Container(211).ListItem.Property(widgetPath.2)) + !String.IsEmpty(Container(211).ListItem.Property(widgetStyle.2)) + !String.Contains(Container(211).ListItem.Property(widgetStyle.2),List)</visible>
						</control>
						<control type="radiobutton" id="2022">
							<description>Enable widget hide 2</description>
							<include>SettingsButtonCommonValues</include>
							<label>31289</label>
							<onclick condition="!String.IsEmpty(Container(211).ListItem.Property(widgetHide))">SetProperty(customProperty,widgetHide.2)</onclick>
							<onclick condition="String.IsEmpty(Container(211).ListItem.Property(widgetHide))">SetProperty(customProperty,widgetHide.2)</onclick>
							<onclick condition="String.IsEmpty(Container(211).ListItem.Property(widgetHide.2))">SetProperty(customValue,true)</onclick>
							<onclick>SendClick(404)</onclick>
							<selected>!String.IsEmpty(Container(211).ListItem.Property(widgetHide.2))</selected>
							<visible>!String.IsEmpty(Container(211).ListItem.Property(widgetPath.2)) + !String.IsEmpty(Container(211).ListItem.Property(widgetStyle.2))</visible>
						</control>
						<control type="radiobutton" id="2023">
							<description>Disable widget fanart 2</description>
							<include>SettingsButtonCommonValues</include>
							<label>31444</label>
							<onclick condition="!String.IsEmpty(Container(211).ListItem.Property(widgetDisableFanart.2))">SetProperty(customProperty,widgetDisableFanart.2)</onclick>
							<onclick condition="String.IsEmpty(Container(211).ListItem.Property(widgetDisableFanart.2))">SetProperty(customProperty,widgetDisableFanart.2)</onclick>
							<onclick condition="String.IsEmpty(Container(211).ListItem.Property(widgetDisableFanart.2))">SetProperty(customValue,true)</onclick>
							<onclick>SendClick(404)</onclick>
							<selected>!String.IsEmpty(Container(211).ListItem.Property(widgetDisableFanart.2))</selected>
							<visible>!String.IsEmpty(Container(211).ListItem.Property(widgetPath.2)) + !String.IsEmpty(Container(211).ListItem.Property(widgetStyle.2))</visible>
						</control>
						<control type="group" id="7002">
							<width>1401</width>
							<height>81</height>
							<visible>!String.IsEmpty(Container(211).ListItem.Property(widgetPath.2)) + !String.IsEmpty(Container(211).ListItem.Property(widgetStyle.2))</visible>
							<control type="button" id="2017">
								<description>Change widget 2 limit</description>
								<width>467</width>
								<onup>2023</onup>
								<ondown>2051</ondown>
								<onright>2012</onright>
								<include>SettingsButtonCommonValues</include>
								<label>$LOCALIZE[21427]</label>
								<label2>$VAR[WidgetLimit2LabelVar]</label2>
							</control>
							<control type="button" id="2012">
								<description>Change widget 2 sort by</description>
								<left>467</left>
								<width>467</width>
								<onup>2023</onup>
								<ondown>2051</ondown>
								<onleft>2017</onleft>
								<onright>2016</onright>
								<include>SettingsButtonCommonValues</include>
								<label>$LOCALIZE[31708]</label>
								<label2>$VAR[WidgetSortby2LabelVar]</label2>
							</control>
							<control type="button" id="2016">
								<description>Change widget 2 sort order</description>
								<left>934</left>
								<width>467</width>
								<onup>2023</onup>
								<ondown>2051</ondown>
								<onleft>2012</onleft>
								<include>SettingsButtonCommonValues</include>
								<label>$LOCALIZE[31709]</label>
								<label2>$VAR[WidgetSort2LabelVar]</label2>
							</control>
						</control>
					</control>
				</control>
			</control>
			<control type="textbox">
				<left>745</left>
				<width>1063</width>
				<include>SettingsTextboxValues</include>
				<label>$VAR[SkinShortcutsDescriptionVar]</label>
				<autoscroll time="3000" delay="4000" repeat="5000">true</autoscroll>
				<animation effect="slide" end="-278" condition="ControlGroup(90000).HasFocus">Conditional</animation>
			</control>
		</control>
		<control type="button" id="404">
			<include>HiddenObject</include>
		</control>
		<control type="label" id="500">
			<include>HiddenObject</include>
		</control>
	</controls>
</window>