<?xml version="1.0" encoding="UTF-8"?>
<includes>

    <expression name="Exp_View_50">[[Container.Content(videos) + [[String.IsEmpty(Container.PluginName)] | [!String.IsEmpty(Container.PluginName)]]] | [Container.Content(movies) + [[String.IsEmpty(Container.PluginName) | String.IsEqual(Container.PluginName,plugin.video.adulthideout)] | [!String.IsEmpty(Container.PluginName) + !String.IsEqual(Container.PluginName,plugin.video.thecrew) + !String.IsEqual(Container.PluginName,plugin.video.themoviedb.helper)]]] | [Container.Content(sets) + [[String.IsEmpty(Container.PluginName)] | [!String.IsEmpty(Container.PluginName)]]] | [Container.Content(seasons) + [[String.IsEmpty(Container.PluginName)] | [!String.IsEmpty(Container.PluginName)]]] | [Container.Content(addons) + [[String.IsEmpty(Container.PluginName)] | [!String.IsEmpty(Container.PluginName)]]] | [!Window.IsVisible(MyMusicNav.xml) + Container.Content(genres) + [[String.IsEmpty(Container.PluginName)] | [!String.IsEmpty(Container.PluginName)]]] | [Container.Content(games) + [[String.IsEmpty(Container.PluginName)] | [!String.IsEmpty(Container.PluginName)]]] | [!Window.IsVisible(MyMusicNav.xml) + Container.Content(files) + [[String.IsEmpty(Container.PluginName) | String.IsEqual(Container.PluginName,plugin.video.absolution)] | [!String.IsEmpty(Container.PluginName)]]] | [Container.Content() + Window.IsVisible(MyVideoNav.xml) + [[String.IsEmpty(Container.PluginName)] | [!String.IsEmpty(Container.PluginName) + !String.IsEqual(Container.PluginName,plugin.video.playlistloader)]]] | [Container.Content() + [[String.IsEmpty(Container.PluginName)] | [!String.IsEmpty(Container.PluginName)]]] | [Container.Content(playlists) + [[String.IsEmpty(Container.PluginName)] | [!String.IsEmpty(Container.PluginName)]]] | [Container.Content(actors) + [[String.IsEmpty(Container.PluginName)] | [!String.IsEmpty(Container.PluginName)]]] | [Container.Content(directors) + [[String.IsEmpty(Container.PluginName)] | [!String.IsEmpty(Container.PluginName)]]] | [Container.Content(studios) + [[String.IsEmpty(Container.PluginName)] | [!String.IsEmpty(Container.PluginName)]]] | [Container.Content(years) + [[String.IsEmpty(Container.PluginName)] | [!String.IsEmpty(Container.PluginName)]]] | [Container.Content(tags) + [[String.IsEmpty(Container.PluginName)] | [!String.IsEmpty(Container.PluginName)]]] | [Container.Content(countries) + [[String.IsEmpty(Container.PluginName)] | [!String.IsEmpty(Container.PluginName)]]] | [Container.Content(videoversions) + [[String.IsEmpty(Container.PluginName)] | [!String.IsEmpty(Container.PluginName)]]]]</expression>
    <expression name="Exp_View_50_Include">True</expression>
    <expression name="Exp_View_51">[False]</expression>
    <expression name="Exp_View_51_Include">False</expression>
    <expression name="Exp_View_52">[False]</expression>
    <expression name="Exp_View_52_Include">False</expression>
    <expression name="Exp_View_53">[False]</expression>
    <expression name="Exp_View_53_Include">False</expression>
    <expression name="Exp_View_54">[False]</expression>
    <expression name="Exp_View_54_Include">False</expression>
    <expression name="Exp_View_55">[[Container.Content(artists) + [[String.IsEmpty(Container.PluginName)] | [!String.IsEmpty(Container.PluginName)]]] | [Container.Content(movies) + [String.IsEqual(Container.PluginName,plugin.video.themoviedb.helper)]]]</expression>
    <expression name="Exp_View_55_Include">True</expression>
    <expression name="Exp_View_56">[False]</expression>
    <expression name="Exp_View_56_Include">False</expression>
    <expression name="Exp_View_57">[[Container.Content(musicvideos) + [[String.IsEmpty(Container.PluginName)] | [!String.IsEmpty(Container.PluginName)]]]]</expression>
    <expression name="Exp_View_57_Include">True</expression>
    <expression name="Exp_View_58">[False]</expression>
    <expression name="Exp_View_58_Include">False</expression>
    <expression name="Exp_View_59">[False]</expression>
    <expression name="Exp_View_59_Include">False</expression>
    <expression name="Exp_View_500">[[Container.Content(tvshows) + [[String.IsEmpty(Container.PluginName)] | [!String.IsEmpty(Container.PluginName)]]]]</expression>
    <expression name="Exp_View_500_Include">True</expression>
    <expression name="Exp_View_501">[[Container.Content(albums) + [[String.IsEmpty(Container.PluginName)] | [!String.IsEmpty(Container.PluginName)]]]]</expression>
    <expression name="Exp_View_501_Include">True</expression>
    <expression name="Exp_View_502">[False]</expression>
    <expression name="Exp_View_502_Include">False</expression>
    <expression name="Exp_View_503">[False]</expression>
    <expression name="Exp_View_503_Include">False</expression>
    <expression name="Exp_View_504">[[Container.Content(images) + [[String.IsEmpty(Container.PluginName)] | [!String.IsEmpty(Container.PluginName)]]]]</expression>
    <expression name="Exp_View_504_Include">True</expression>
    <expression name="Exp_View_505">[False]</expression>
    <expression name="Exp_View_505_Include">False</expression>
    <expression name="Exp_View_506">[[Container.Content(songs) + [[String.IsEmpty(Container.PluginName)] | [!String.IsEmpty(Container.PluginName)]]] | [Container.Content() + Window.IsVisible(MyVideoNav.xml) + [String.IsEqual(Container.PluginName,plugin.video.playlistloader)]]]</expression>
    <expression name="Exp_View_506_Include">True</expression>
    <expression name="Exp_View_507">[[Container.Content(episodes) + [[String.IsEmpty(Container.PluginName)] | [!String.IsEmpty(Container.PluginName)]]]]</expression>
    <expression name="Exp_View_507_Include">True</expression>
    <expression name="Exp_View_508">[False]</expression>
    <expression name="Exp_View_508_Include">False</expression>
    <expression name="Exp_View_509">[[Container.Content(movies) + [String.IsEqual(Container.PluginName,plugin.video.thecrew)]]]</expression>
    <expression name="Exp_View_509_Include">True</expression>
    <expression name="Exp_View_591">[False]</expression>
    <expression name="Exp_View_591_Include">False</expression>
    <expression name="Exp_View_602">[False]</expression>
    <expression name="Exp_View_602_Include">False</expression>
    <expression name="Exp_View_603">[False]</expression>
    <expression name="Exp_View_603_Include">False</expression>
    <expression name="Exp_View_609">[False]</expression>
    <expression name="Exp_View_609_Include">False</expression>
</includes>