<?xml version="1.0" encoding="UTF-8"?>
<includes>
	<include name="View_507_BigList">
		<control type="group">
			<visible>Control.IsVisible(507) + !Window.IsActive(addoninformation)</visible>
			<include>ViewAnimation</include>
			<include content="BackPanel">
				<param name="left">57</param>
				<param name="top">45</param>
				<param name="width">1817</param>
				<param name="height">939</param>
				<param name="texture">colors/black75.png</param>
				<param name="visible">!Skin.HasSetting(alternatebiglistlayout)</param>
			</include>
			<control type="list" id="507">
				<viewtype label="$LOCALIZE[31242]">biglist</viewtype>
				<left>58</left>
				<top>54</top>
				<width>1808</width>
				<height>952</height>
				<onleft>SetProperty(MediaMenu,True,Home)</onleft>
				<onleft>SetFocus(9050)</onleft>
				<onright condition="Container.Content(movies) | Container.Content(tvshows) | !Container.Content(seasons) | !Container.Content(episodes) |  !Container.Content(musicvideos) | !Container.Content(files) | !Container.Content(addons) | !Container.Content() | !String.IsEmpty(ListItem.Trailer)">PlayMedia("$INFO[ListItem.Trailer]")</onright>				
				<onright condition="Control.IsVisible(50760)">50760</onright>
				<onright condition="!Control.IsVisible(50760)">4400</onright>
				<onup>507</onup>
				<ondown>507</ondown>
				<preloaditems>2</preloaditems>
				<pagecontrol>50760</pagecontrol>
				<visible>!System.AddonIsEnabled(script.skinvariables) + [Container.Content(movies) | Container.Content(tvshows) | Container.Content(episodes)] | Window.IsActive(music) + [Container.Content(artists) | Container.Content(albums)] | !Window.IsActive(music) + System.AddonIsEnabled(script.skinvariables) + $EXP[Exp_View_507]</visible>
				<scrolltime tween="quadratic" easing="out">200</scrolltime>
				<itemlayout width="1808" height="238">
					<include>view_BigList-LandscapeCommons</include>
					<control type="group">
						<left>382</left>
						<top>6</top>
						<animation effect="fade" start="100" end="75" condition="true">Conditional</animation>
						<control type="label">
							<width>1310</width>
							<label>$INFO[ListItem.Label]</label>
							<font>font16_title_bold</font>
							<shadowcolor>shadow</shadowcolor>
							<aligny>top</aligny>
							<visible>!ListItem.IsCollection</visible>
						</control>
						<control type="label">
							<top>55</top>
							<width>1310</width>
							<label>$INFO[ListItem.Label]</label>
							<shadowcolor>shadow</shadowcolor>
							<font>font45caps_title</font>
							<aligny>top</aligny>
							<visible>ListItem.IsCollection</visible>
						</control>
						<control type="label">
							<top>42</top>
							<width>1310</width>
							<label>$VAR[FloorSubLabelVar]</label>
							<shadowcolor>shadow</shadowcolor>
							<aligny>top</aligny>
							<font>font15</font>
							<visible>Container.Content(movies) + !ListItem.IsParentFolder</visible>
							<visible>!ListItem.IsCollection</visible>
						</control>
						<control type="label">
							<top>42</top>
							<width>1310</width>
							<label>$INFO[ListItem.Duration(mins)]</label>
							<shadowcolor>shadow</shadowcolor>
							<aligny>top</aligny>
							<font>font15</font>
							<visible>Container.Content(songs)</visible>
						</control>
						<control type="label">
							<top>42</top>
							<width>1310</width>
							<label>$LOCALIZE[20360]: [COLOR white]$INFO[ListItem.Property(TotalEpisodes)] $INFO[ListItem.Property(UnWatchedEpisodes), ($LOCALIZE[16101]: ,)] • $INFO[ListItem.RatingAndVotes][/COLOR]</label>
							<aligny>top</aligny>
							<font>font15</font>
							<textcolor>$VAR[ThemeLabelColor]</textcolor>
							<shadowcolor>shadow</shadowcolor>
							<visible>Container.Content(tvshows) + !ListItem.IsParentFolder</visible>
						</control>
						<control type="label">
							<top>42</top>
							<width>1310</width>
							<label>$INFO[ListItem.Premiered,(,)]$INFO[ListItem.RatingAndVotes, • , • ]$INFO[ListItem.Duration(mins),, $LOCALIZE[12391]]</label>
							<shadowcolor>shadow</shadowcolor>
							<aligny>top</aligny>
							<font>font15</font>
							<visible>Container.Content(episodes) + !ListItem.IsParentFolder</visible>
						</control>
						<control type="label">
							<top>42</top>
							<width>1310</width>
							<label>$INFO[ListItem.Property(Artist_Genre)]</label>
							<shadowcolor>shadow</shadowcolor>
							<aligny>top</aligny>
							<font>font15</font>
							<textcolor>$VAR[ThemeLabelColor]</textcolor>
							<visible>Container.Content(artists) | Container.Content(albums)</visible>
						</control>
						<control type="label">
							<top>42</top>
							<width>1310</width>
							<label>$INFO[ListItem.Artist]</label>
							<aligny>top</aligny>
							<font>font15</font>
							<textcolor>$VAR[ThemeLabelColor]</textcolor>
							<shadowcolor>shadow</shadowcolor>
							<visible>Container.Content(albums)</visible>
						</control>
						<control type="textbox">
							<top>90</top>
							<width>1310</width>
							<height>106</height>
							<label>$INFO[ListItem.Tagline,, - ]$VAR[VideoPlotVar,[COLOR white],[/COLOR]]</label>
							<autoscroll>false</autoscroll>
							<font>font14_textbox</font>
							<textcolor>$VAR[ThemeLabelColor]</textcolor>
							<shadowcolor>shadow</shadowcolor>
							<visible>!Container.Content(artists)</visible>
							<visible>!ListItem.IsCollection</visible>
						</control>
						<control type="textbox">
							<top>90</top>
							<width>1310</width>
							<height>106</height>
							<label>$VAR[MusicPlotVar]</label>
							<shadowcolor>shadow</shadowcolor>
							<autoscroll>false</autoscroll>
							<font>font14_textbox</font>
							<visible>[Container.Content(artists) | Container.Content(albums)]</visible>
						</control>
						<control type="image">
							<left>1200</left>
							<top>16</top>
							<width>192</width>
							<height>33</height>
							<colordiffuse>$VAR[ThemeLabelColor]</colordiffuse>
							<aspectratio>keep</aspectratio>
							<texture fallback="rating0.png">$INFO[ListItem.UserRating,flags/rating/,.png]</texture>
							<visible>Container.Content(albums) | Container.Content(songs)</visible>
						</control>
						<control type="image">
							<left>1360</left>
							<width>64</width>
							<height>64</height>
							<aspectratio>keep</aspectratio>
							<texture colordiffuse="$VAR[ThemeLabelColor]">$VAR[ListItemOverlay]</texture>
							<visible>Container.Content(episodes)</visible>
						</control>
						<control type="image">
							<left>1320</left>
							<top>9</top>
							<width>68</width>
							<height>30</height>
							<colordiffuse>grey</colordiffuse>
							<aspectratio>keep</aspectratio>
							<texture>$VAR[UnFocusHDIndicator]</texture>
							<visible>!String.IsEmpty(ListItem.VideoResolution) + Skin.HasSetting(noindicatorbiglist)</visible>
						</control>
					</control>
				</itemlayout>
				<focusedlayout width="1808" height="238">
					<control type="image">
						<top>-8</top>
						<width>1810</width>
						<height>231</height>
						<texture colordiffuse="$VAR[ThemeLabelColor]" border="10">thumbs/thumbnail_focused.png</texture>
						<visible>Control.HasFocus(507)</visible>
						<include>VisibleFadeAnimation</include>
					</control>
					<include>view_BigList-LandscapeCommons</include>
					<control type="group">
						<left>382</left>
						<top>6</top>
						<control type="group">
							<control type="label">
								<width>1310</width>
								<label>$INFO[ListItem.Label]</label>
								<shadowcolor>shadow</shadowcolor>
								<font>font16_title_bold</font>
								<aligny>top</aligny>
								<visible>!ListItem.IsCollection</visible>
							</control>
							<control type="label">
								<top>55</top>
								<width>1310</width>
								<label>$INFO[ListItem.Label]</label>
								<shadowcolor>shadow</shadowcolor>
								<font>font45caps_title</font>
								<aligny>top</aligny>
								<visible>ListItem.IsCollection</visible>
							</control>
							<control type="label">
								<top>42</top>
								<width>1310</width>
								<label>$VAR[FloorSubLabelVar]</label>
								<shadowcolor>shadow</shadowcolor>
								<aligny>top</aligny>
								<font>font15</font>
								<visible>Container.Content(movies) + !ListItem.IsParentFolder</visible>
								<visible>!ListItem.IsCollection</visible>
							</control>
							<control type="label">
								<top>42</top>
								<width>1310</width>
								<label>$INFO[ListItem.Duration(mins)]</label>
								<shadowcolor>shadow</shadowcolor>
								<aligny>top</aligny>
								<font>font15</font>
								<visible>Container.Content(songs)</visible>
							</control>
							<control type="label">
								<top>42</top>
								<width>1310</width>
								<label>$LOCALIZE[20360]: [COLOR white]$INFO[ListItem.Property(TotalEpisodes)] $INFO[ListItem.Property(UnWatchedEpisodes), ($LOCALIZE[16101]: ,)]$INFO[ListItem.RatingAndVotes, • ][/COLOR]</label>
								<aligny>top</aligny>
								<font>font15</font>
								<textcolor>$VAR[ThemeLabelColor]</textcolor>
								<shadowcolor>shadow</shadowcolor>
								<visible>Container.Content(tvshows) + !ListItem.IsParentFolder</visible>
							</control>
							<control type="label">
								<top>42</top>
								<width>1310</width>
								<label>$INFO[ListItem.Premiered,(,)]$INFO[ListItem.RatingAndVotes, • , • ]$INFO[ListItem.Duration(mins),, $LOCALIZE[12391]]</label>
								<shadowcolor>shadow</shadowcolor>
								<aligny>top</aligny>
								<font>font15</font>
								<visible>Container.Content(episodes) + !ListItem.IsParentFolder</visible>
								<visible>!ListItem.IsCollection</visible>
							</control>
							<control type="label">
								<top>42</top>
								<width>1310</width>
								<label>$INFO[ListItem.Property(Artist_Genre)]</label>
								<aligny>top</aligny>
								<font>font15</font>
								<textcolor>$VAR[ThemeLabelColor]</textcolor>
								<shadowcolor>shadow</shadowcolor>
								<visible>Container.Content(artists)</visible>
							</control>
							<control type="label">
								<top>42</top>
								<width>1310</width>
								<label>$INFO[ListItem.Artist]</label>
								<aligny>top</aligny>
								<font>font15</font>
								<textcolor>$VAR[ThemeLabelColor]</textcolor>
								<shadowcolor>shadow</shadowcolor>
								<visible>Container.Content(albums)</visible>
							</control>
							<control type="textbox">
								<top>90</top>
								<width>1310</width>
								<height>106</height>
								<label>$INFO[ListItem.Tagline,, - ]$VAR[VideoPlotVar,[COLOR white],[/COLOR]]</label>
								<font>font14_textbox</font>
								<textcolor>$VAR[ThemeLabelColor]</textcolor>
								<shadowcolor>shadow</shadowcolor>
								<autoscroll time="3500" delay="4000" repeat="5000">Skin.HasSetting(Enable.AutoScroll)</autoscroll>
								<visible>!Container.Content(artists)</visible>
								<visible>!ListItem.IsCollection</visible>
							</control>
							<control type="textbox">
								<top>90</top>
								<width>1310</width>
								<height>106</height>
								<label>$VAR[MusicPlotVar]</label>
								<shadowcolor>shadow</shadowcolor>
								<font>font14_textbox</font>
								<autoscroll time="3500" delay="4000" repeat="5000">Skin.HasSetting(Enable.AutoScroll)</autoscroll>
								<visible>[Container.Content(artists) | Container.Content(albums)]</visible>
							</control>
							<control type="image">
								<left>1200</left>
								<top>16</top>
								<width>192</width>
								<height>33</height>
								<colordiffuse>$VAR[ThemeLabelColor]</colordiffuse>
								<aspectratio>keep</aspectratio>
								<texture fallback="rating0.png">$INFO[ListItem.UserRating,flags/rating/,.png]</texture>
								<visible>Container.Content(albums) | Container.Content(songs)</visible>
							</control>
							<control type="image">
								<left>1360</left>
								<width>64</width>
								<height>64</height>
								<aspectratio>keep</aspectratio>
								<texture colordiffuse="$VAR[ThemeLabelColor]">$VAR[ListItemOverlay]</texture>
								<visible>Container.Content(episodes)</visible>
							</control>
							<control type="image">
								<left>1320</left>
								<top>9</top>
								<width>68</width>
								<height>30</height>
								<aspectratio>keep</aspectratio>
								<texture>$VAR[UnFocusHDIndicator]</texture>
								<visible>!String.IsEmpty(ListItem.VideoResolution) + Skin.HasSetting(noindicatorbiglist)</visible>
							</control>
						</control>
					</control>
				</focusedlayout>
			</control>
			<control type="scrollbar" id="50760">
				<left>1861</left>
				<top>94</top>
				<width>12</width>
				<height>937</height>
				<onleft>507</onleft>
				<onright condition="!Control.IsVisible(615)">4400</onright>
				<onright condition="Control.IsVisible(615)">615</onright>
				<texturesliderbackground>colors/black10.png</texturesliderbackground>
				<texturesliderbar>colors/white25.png</texturesliderbar>
				<texturesliderbarfocus colordiffuse="$VAR[ThemeLabelColor]">colors/white.png</texturesliderbarfocus>
				<showonepage>false</showonepage>
			</control>
		</control>
	</include>
	<include name="view_BigList-LandscapeCommons">
		<control type="group">
			<left>18</left>
			<top>10</top>
			<control type="image">
				<left>70</left>
				<top>-2</top>
				<width>200</width>
				<height>200</height>
				<aspectratio>scale</aspectratio>
				<texture background="true">$INFO[ListItem.Icon]</texture>
				<visible>Container.Content(albums) | Container.Content(songs)</visible>
			</control>
			<control type="image">
				<width>346</width>
				<height>195</height>
				<texture background="true">$INFO[ListItem.Art(fanart)]</texture>
				<aspectratio>scale</aspectratio>
				<visible>![Container.Content(episodes) | Container.Content(albums) | Container.Content(songs)]</visible>
			</control>
			<control type="image">
				<width>346</width>
				<height>195</height>
				<texture background="true">$VAR[NoSpoilerIconVar]</texture>
				<aspectratio>scale</aspectratio>
				<visible>Container.Content(episodes)</visible>
			</control>
			<control type="image">
				<left>286</left>
				<width>70</width>
				<height>70</height>
				<texture>$VAR[OverlayVar]</texture>
				<aspectratio align="right" aligny="top">keep</aspectratio>
				<visible>[!String.IsEmpty(Skin.String(507.Movies.DisableOverlay)) + Container.Content(movies)] | [!String.IsEmpty(Skin.String(507.TV.DisableOverlay)) + Container.Content(tvshows)] | [!String.IsEmpty(Skin.String(507.Episodes.DisableOverlay)) + Container.Content(episodes)]</visible>
			</control>
			<control type="image">
				<top>90</top>
				<width>346</width>
				<height>98</height>
				<aspectratio align="center" aligny="bottom">keep</aspectratio>
				<texture background="true">$INFO[ListItem.Art(clearlogo)]</texture>
				<visible>![Container.Content(episodes) | Container.Content(artists)] + !Container.Content(albums)</visible>
			</control>
		</control>
	</include>
</includes>