<?xml version="1.0" encoding="UTF-8" standalone="yes"?>
<addon id="resource.font.robotocjksc" name="Roboto CJKSC" version="0.0.2" provider-name="jurialmunkey">
    <requires>
        <import addon="kodi.resource" version="1.0.0"/>
    </requires>
    
    <extension point="kodi.resource.font" compile="false" />
    
    <extension point="xbmc.addon.metadata">
        <summary lang="en_GB">Roboto CJKSC fonts</summary>
        <description lang="en_GB"></description>
        <language></language>
        <platform>all</platform>
        <license>Apache-2.0</license>
        <forum></forum>
        <email></email>
        <source></source>
        <news></news>
        <disclaimer></disclaimer>
        <assets>
            <icon>icon.png</icon>
        </assets>
    </extension>
</addon>
