<!-- Added iVue Fonts -->
<?xml version="1.0" encoding="UTF-8"?>
<fonts>
    <fontset id="Default" idloc="31390">

		<font>
			<name>ivuefont12</name>
			<filename>NotoSans-Regular.ttf</filename>
			<size>25</size>
			<style>lighten</style>
		</font>
		<font>
			<name>ivuefont13</name>
			<filename>NotoSans-Regular.ttf</filename>
			<size>30</size>
			<style>lighten</style>
		</font>
		<font>
			<name>ivuefont14</name>
			<filename>NotoSans-Regular.ttf</filename>
			<size>33</size>
			<style>lighten</style>
		</font>
		<font>
			<name>ivuefont16</name>
			<filename>NotoSans-Regular.ttf</filename>
			<size>35</size>
			<style>lighten</style>
		</font>
		<font>
			<name>ivuefont30</name>
			<filename>NotoSans-Regular.ttf</filename>
			<size>42</size>
			<style>lighten</style>
		</font>
		<font>
			<name>ivuefont45</name>
			<filename>NotoSans-Regular.ttf</filename>
			<size>45</size>
			<style>lighten</style>
		</font>
		<font>
			<name>ivuefont_clock</name>
			<filename>Roboto-Thin.ttf</filename>
			<size>70</size>
		</font>
        <!-- Normal Fonts -->
        <font>
            <name>font10</name>
            <filename>Roboto-Regular.ttf</filename>
            <size>21</size>
        </font>
        <font>
            <name>font11</name>
            <filename>Roboto-Regular.ttf</filename>
            <size>22</size>
        </font>		
        <font>
            <name>font12</name>
            <filename>Roboto-Regular.ttf</filename>
            <size>26</size>
        </font>
        <font>
            <name>font13</name>
            <filename>Roboto-Regular.ttf</filename>
            <size>30</size>
        </font>
        <font>
            <name>font14</name>
            <filename>Roboto-Regular.ttf</filename>
            <size>33</size>
        </font>
        <font>
            <name>font16</name>
            <filename>Roboto-Regular.ttf</filename>
            <size>38</size>
        </font>
        <font>
            <name>font30</name>
            <filename>Roboto-Regular.ttf</filename>
            <size>45</size>
        </font>
        <font>
            <name>fontContextMenu</name>
            <filename>Roboto-Regular.ttf</filename>
            <size>27</size>
        </font>
        <!-- Title Fonts -->
        <font>
            <name>font10_title</name>
            <filename>Roboto-Bold.ttf</filename>
            <size>18</size>
        </font>
        <font>
            <name>font12_title</name>
            <filename>Roboto-Bold.ttf</filename>
            <size>26</size>
        </font>
        <font>
            <name>font13_title</name>
            <filename>Roboto-Bold.ttf</filename>
            <size>30</size>
        </font>
        <font>
            <name>font24_title</name>
            <filename>Roboto-Bold.ttf</filename>
            <size>36</size>
        </font>
        <font>
            <name>font28_title</name>
            <filename>Roboto-Bold.ttf</filename>
            <size>42</size>
        </font>
        <font>
            <name>font30_title</name>
            <filename>Roboto-Bold.ttf</filename>
            <size>45</size>
        </font>
        <font>
            <name>font35_title</name>
            <filename>Roboto-Bold.ttf</filename>
            <size>52</size>
        </font>
        <font>
            <name>font_MainMenu</name>
            <filename>destructobeambb_reg.ttf</filename>
            <size>55</size>
        </font>
		<font>
            <name>font_MainMenuUpper</name>
            <filename>destructobeambb_reg.ttf</filename>
            <size>55</size>
			<style>uppercase</style>
        </font>
        <font>
            <name>WeatherTemp</name>
            <filename>Roboto-Bold.ttf</filename>
            <size>120</size>
        </font>
    </fontset>
    <fontset id="Massive" idloc="15110">

		<font>
			<name>ivuefont12</name>
			<filename>NotoSans-Regular.ttf</filename>
			<size>25</size>
			<style>lighten</style>
		</font>
		<font>
			<name>ivuefont13</name>
			<filename>NotoSans-Regular.ttf</filename>
			<size>30</size>
			<style>lighten</style>
		</font>
		<font>
			<name>ivuefont14</name>
			<filename>NotoSans-Regular.ttf</filename>
			<size>33</size>
			<style>lighten</style>
		</font>
		<font>
			<name>ivuefont16</name>
			<filename>NotoSans-Regular.ttf</filename>
			<size>35</size>
			<style>lighten</style>
		</font>
		<font>
			<name>ivuefont30</name>
			<filename>NotoSans-Regular.ttf</filename>
			<size>42</size>
			<style>lighten</style>
		</font>
		<font>
			<name>ivuefont45</name>
			<filename>NotoSans-Regular.ttf</filename>
			<size>45</size>
			<style>lighten</style>
		</font>
		<font>
			<name>ivuefont_clock</name>
			<filename>Roboto-Thin.ttf</filename>
			<size>70</size>
		</font>
        <!-- Normal Fonts -->
        <font>
            <name>font10</name>
            <filename>Roboto-Regular.ttf</filename>
            <size>26</size>
        </font>
        <font>
            <name>font12</name>
            <filename>Roboto-Regular.ttf</filename>
            <size>34</size>
        </font>
        <font>
            <name>font13</name>
            <filename>Roboto-Regular.ttf</filename>
            <size>38</size>
        </font>
        <font>
            <name>font14</name>
            <filename>Roboto-Regular.ttf</filename>
            <size>38</size>
        </font>
        <font>
            <name>font16</name>
            <filename>Roboto-Regular.ttf</filename>
            <size>38</size>
        </font>
        <font>
            <name>font30</name>
            <filename>Roboto-Regular.ttf</filename>
            <size>45</size>
        </font>
        <font>
            <name>fontContextMenu</name>
            <filename>Roboto-Regular.ttf</filename>
            <size>38</size>
        </font>
        <!-- Title Fonts -->
        <font>
            <name>font10_title</name>
            <filename>Roboto-Bold.ttf</filename>
            <size>18</size>
        </font>
        <font>
            <name>font12_title</name>
            <filename>Roboto-Bold.ttf</filename>
            <size>26</size>
        </font>
        <font>
            <name>font13_title</name>
            <filename>Roboto-Bold.ttf</filename>
            <size>30</size>
        </font>
        <font>
            <name>font24_title</name>
            <filename>Roboto-Bold.ttf</filename>
            <size>36</size>
        </font>
        <font>
            <name>font28_title</name>
            <filename>Roboto-Bold.ttf</filename>
            <size>42</size>
        </font>
        <font>
            <name>font30_title</name>
            <filename>Roboto-Bold.ttf</filename>
            <size>45</size>
        </font>
        <font>
            <name>font35_title</name>
            <filename>Roboto-Bold.ttf</filename>
            <size>52</size>
        </font>
        <font>
            <name>font_MainMenu</name>
            <filename>destructobeambb_reg.ttf</filename>
            <size>60</size>
        </font>
		<font>
            <name>font_MainMenuUpper</name>
            <filename>destructobeambb_reg.ttf</filename>
            <size>60</size>
			<style>uppercase</style>
        </font>
        <font>
            <name>WeatherTemp</name>
            <filename>Roboto-Bold.ttf</filename>
            <size>120</size>
        </font>
    </fontset>
    <fontset id="DefaultNoCaps" idloc="31391">

		<font>
			<name>ivuefont12</name>
			<filename>NotoSans-Regular.ttf</filename>
			<size>25</size>
			<style>lighten</style>
		</font>
		<font>
			<name>ivuefont13</name>
			<filename>NotoSans-Regular.ttf</filename>
			<size>30</size>
			<style>lighten</style>
		</font>
		<font>
			<name>ivuefont14</name>
			<filename>NotoSans-Regular.ttf</filename>
			<size>33</size>
			<style>lighten</style>
		</font>
		<font>
			<name>ivuefont16</name>
			<filename>NotoSans-Regular.ttf</filename>
			<size>35</size>
			<style>lighten</style>
		</font>
		<font>
			<name>ivuefont30</name>
			<filename>NotoSans-Regular.ttf</filename>
			<size>42</size>
			<style>lighten</style>
		</font>
		<font>
			<name>ivuefont45</name>
			<filename>NotoSans-Regular.ttf</filename>
			<size>45</size>
			<style>lighten</style>
		</font>
		<font>
			<name>ivuefont_clock</name>
			<filename>Roboto-Thin.ttf</filename>
			<size>70</size>
		</font>
        <!-- Normal Fonts -->
        <font>
            <name>font10</name>
            <filename>Roboto-Regular.ttf</filename>
            <size>21</size>
        </font>
        <font>
            <name>font12</name>
            <filename>Roboto-Regular.ttf</filename>
            <size>26</size>
        </font>
        <font>
            <name>font13</name>
            <filename>Roboto-Regular.ttf</filename>
            <size>30</size>
        </font>
        <font>
            <name>font14</name>
            <filename>Roboto-Regular.ttf</filename>
            <size>33</size>
        </font>
        <font>
            <name>font16</name>
            <filename>Roboto-Regular.ttf</filename>
            <size>38</size>
        </font>
        <font>
            <name>font30</name>
            <filename>Roboto-Regular.ttf</filename>
            <size>45</size>
        </font>
        <font>
            <name>fontContextMenu</name>
            <filename>Roboto-Regular.ttf</filename>
            <size>27</size>
        </font>
        <!-- Title Fonts -->
        <font>
            <name>font10_title</name>
            <filename>Roboto-Bold.ttf</filename>
            <size>18</size>
        </font>
        <font>
            <name>font12_title</name>
            <filename>Roboto-Bold.ttf</filename>
            <size>26</size>
        </font>
        <font>
            <name>font13_title</name>
            <filename>Roboto-Bold.ttf</filename>
            <size>30</size>
        </font>
        <font>
            <name>font24_title</name>
            <filename>Roboto-Bold.ttf</filename>
            <size>36</size>
        </font>
        <font>
            <name>font28_title</name>
            <filename>Roboto-Bold.ttf</filename>
            <size>42</size>
        </font>
        <font>
            <name>font30_title</name>
            <filename>Roboto-Bold.ttf</filename>
            <size>45</size>
        </font>
        <font>
            <name>font35_title</name>
            <filename>Roboto-Bold.ttf</filename>
            <size>52</size>
        </font>
        <font>
            <name>font_MainMenu</name>
            <filename>destructobeambb_reg.ttf</filename>
            <size>60</size>
        </font>
		<font>
            <name>font_MainMenuUpper</name>
            <filename>destructobeambb_reg.ttf</filename>
            <size>60</size>
			<style>uppercase</style>
        </font>
        <font>
            <name>WeatherTemp</name>
            <filename>Roboto-Bold.ttf</filename>
            <size>120</size>
        </font>
    </fontset>
    <fontset id="Arial" idloc="31392">

		<font>
			<name>ivuefont12</name>
			<filename>NotoSans-Regular.ttf</filename>
			<size>25</size>
			<style>lighten</style>
		</font>
		<font>
			<name>ivuefont13</name>
			<filename>NotoSans-Regular.ttf</filename>
			<size>30</size>
			<style>lighten</style>
		</font>
		<font>
			<name>ivuefont14</name>
			<filename>NotoSans-Regular.ttf</filename>
			<size>33</size>
			<style>lighten</style>
		</font>
		<font>
			<name>ivuefont16</name>
			<filename>NotoSans-Regular.ttf</filename>
			<size>35</size>
			<style>lighten</style>
		</font>
		<font>
			<name>ivuefont30</name>
			<filename>NotoSans-Regular.ttf</filename>
			<size>42</size>
			<style>lighten</style>
		</font>
		<font>
			<name>ivuefont45</name>
			<filename>NotoSans-Regular.ttf</filename>
			<size>45</size>
			<style>lighten</style>
		</font>
		<font>
			<name>ivuefont_clock</name>
			<filename>Roboto-Thin.ttf</filename>
			<size>70</size>
		</font>
        <!-- Arial Font better for non English -->
        <font>
            <name>font10</name>
            <filename>arial.ttf</filename>
            <size>18</size>
        </font>
        <font>
            <name>font12</name>
            <filename>arial.ttf</filename>
            <size>22</size>
        </font>
        <font>
            <name>font13</name>
            <filename>arial.ttf</filename>
            <size>27</size>
        </font>
        <font>
            <name>font14</name>
            <filename>arial.ttf</filename>
            <size>30</size>
        </font>
        <font>
            <name>font16</name>
            <filename>arial.ttf</filename>
            <size>34</size>
        </font>
        <font>
            <name>font30</name>
            <filename>arial.ttf</filename>
            <size>42</size>
        </font>
        <font>
            <name>fontContextMenu</name>
            <filename>arial.ttf</filename>
            <size>24</size>
        </font>
        <!-- Title Fonts -->
        <font>
            <name>font10_title</name>
            <filename>arial.ttf</filename>
            <size>15</size>
            <style>bold</style>
        </font>
        <font>
            <name>font12_title</name>
            <filename>arial.ttf</filename>
            <size>22</size>
            <style>bold</style>
        </font>
        <font>
            <name>font13_title</name>
            <filename>arial.ttf</filename>
            <size>27</size>
            <style>bold</style>
        </font>
        <font>
            <name>font24_title</name>
            <filename>arial.ttf</filename>
            <size>33</size>
            <style>bold</style>
        </font>
        <font>
            <name>font28_title</name>
            <filename>arial.ttf</filename>
            <size>39</size>
            <style>bold</style>
        </font>
        <font>
            <name>font30_title</name>
            <filename>arial.ttf</filename>
            <size>42</size>
            <style>bold</style>
        </font>
        <font>
            <name>font35_title</name>
            <filename>arial.ttf</filename>
            <size>50</size>
            <style>bold</style>
        </font>
        <font>
            <name>font_MainMenu</name>
            <filename>destructobeambb_reg.ttf</filename>
            <size>52</size>
            <style>bold</style>
        </font>
		<font>
            <name>font_MainMenuUpper</name>
            <filename>destructobeambb_reg.ttf</filename>
            <size>52</size>
            <style>bold uppercase</style>
        </font>
        <font>
            <name>WeatherTemp</name>
            <filename>arial.ttf</filename>
            <size>120</size>
            <style>bold</style>
        </font>
    </fontset>
    <fontset id="LargeFont" idloc="31393" unicode="true">

		<font>
			<name>ivuefont12</name>
			<filename>NotoSans-Regular.ttf</filename>
			<size>25</size>
			<style>lighten</style>
		</font>
		<font>
			<name>ivuefont13</name>
			<filename>NotoSans-Regular.ttf</filename>
			<size>30</size>
			<style>lighten</style>
		</font>
		<font>
			<name>ivuefont14</name>
			<filename>NotoSans-Regular.ttf</filename>
			<size>33</size>
			<style>lighten</style>
		</font>
		<font>
			<name>ivuefont16</name>
			<filename>NotoSans-Regular.ttf</filename>
			<size>35</size>
			<style>lighten</style>
		</font>
		<font>
			<name>ivuefont30</name>
			<filename>NotoSans-Regular.ttf</filename>
			<size>42</size>
			<style>lighten</style>
		</font>
		<font>
			<name>ivuefont45</name>
			<filename>NotoSans-Regular.ttf</filename>
			<size>45</size>
			<style>lighten</style>
		</font>
		<font>
			<name>ivuefont_clock</name>
			<filename>Roboto-Thin.ttf</filename>
			<size>70</size>
		</font>
        <!-- Normal Fonts -->
        <font>
            <name>font10</name>
            <filename>Massive.ttf</filename>
            <size>18</size>
        </font>
        <font>
            <name>font12</name>
            <filename>Massive.ttf</filename>
            <size>26</size>
        </font>
        <font>
            <name>font13</name>
            <filename>Massive.ttf</filename>
            <size>30</size>
        </font>
        <font>
            <name>font14</name>
            <filename>Massive.ttf</filename>
            <size>33</size>
        </font>
        <font>
            <name>font16</name>
            <filename>Massive.ttf</filename>
            <size>38</size>
        </font>
        <font>
            <name>font30</name>
            <filename>Massive.ttf</filename>
            <size>45</size>
        </font>
        <font>
            <name>fontContextMenu</name>
            <filename>Massive.ttf</filename>
            <size>27</size>
        </font>
        <!-- Title Fonts -->
        <font>
            <name>font10_title</name>
            <filename>Massive.ttf</filename>
            <size>21</size>
        </font>
        <font>
            <name>font12_title</name>
            <filename>Massive.ttf</filename>
            <size>27</size>
        </font>
        <font>
            <name>font13_title</name>
            <filename>Massive.ttf</filename>
            <size>33</size>
        </font>
        <font>
            <name>font24_title</name>
            <filename>Massive.ttf</filename>
            <size>42</size>
        </font>
        <font>
            <name>font28_title</name>
            <filename>Massive.ttf</filename>
            <size>48</size>
        </font>
        <font>
            <name>font30_title</name>
            <filename>Massive.ttf</filename>
            <size>51</size>
        </font>
        <font>
            <name>font35_title</name>
            <filename>Massive.ttf</filename>
            <size>57</size>
        </font>
        <font>
            <name>font_MainMenu</name>
            <filename>destructobeambb_reg.ttf</filename>
            <size>66</size>
        </font>
		<font>
            <name>font_MainMenuUpper</name>
            <filename>destructobeambb_reg.ttf</filename>
            <size>66</size>
			<style>uppercase</style>
        </font>
        <font>
            <name>WeatherTemp</name>
            <filename>Massive.ttf</filename>
            <size>129</size>
        </font>
    </fontset>
    <fontset id="Ubuntu Normal" idloc="31270">

		<font>
			<name>ivuefont12</name>
			<filename>NotoSans-Regular.ttf</filename>
			<size>25</size>
			<style>lighten</style>
		</font>
		<font>
			<name>ivuefont13</name>
			<filename>NotoSans-Regular.ttf</filename>
			<size>30</size>
			<style>lighten</style>
		</font>
		<font>
			<name>ivuefont14</name>
			<filename>NotoSans-Regular.ttf</filename>
			<size>33</size>
			<style>lighten</style>
		</font>
		<font>
			<name>ivuefont16</name>
			<filename>NotoSans-Regular.ttf</filename>
			<size>35</size>
			<style>lighten</style>
		</font>
		<font>
			<name>ivuefont30</name>
			<filename>NotoSans-Regular.ttf</filename>
			<size>42</size>
			<style>lighten</style>
		</font>
		<font>
			<name>ivuefont45</name>
			<filename>NotoSans-Regular.ttf</filename>
			<size>45</size>
			<style>lighten</style>
		</font>
		<font>
			<name>ivuefont_clock</name>
			<filename>Roboto-Thin.ttf</filename>
			<size>70</size>
		</font>
        <!-- Normal Fonts -->
        <font>
            <name>font10</name>
            <filename>Ubuntu-M.ttf</filename>
            <size>18</size>
        </font>
        <font>
            <name>font12</name>
            <filename>Ubuntu-M.ttf</filename>
            <size>26</size>
        </font>
        <font>
            <name>font13</name>
            <filename>Ubuntu-M.ttf</filename>
            <size>30</size>
        </font>
        <font>
            <name>font14</name>
            <filename>Ubuntu-M.ttf</filename>
            <size>33</size>
        </font>
        <font>
            <name>font16</name>
            <filename>Ubuntu-M.ttf</filename>
            <size>38</size>
        </font>
        <font>
            <name>font30</name>
            <filename>Ubuntu-M.ttf</filename>
            <size>45</size>
        </font>
        <font>
            <name>fontContextMenu</name>
            <filename>Ubuntu-M.ttf</filename>
            <size>27</size>
        </font>
        <!-- Title Fonts -->
        <font>
            <name>font10_title</name>
            <filename>Ubuntu-M.ttf</filename>
            <size>21</size>
        </font>
        <font>
            <name>font12_title</name>
            <filename>Ubuntu-M.ttf</filename>
            <size>27</size>
        </font>
        <font>
            <name>font13_title</name>
            <filename>Ubuntu-M.ttf</filename>
            <size>33</size>
        </font>
        <font>
            <name>font24_title</name>
            <filename>Ubuntu-M.ttf</filename>
            <size>42</size>
        </font>
        <font>
            <name>font28_title</name>
            <filename>Ubuntu-M.ttf</filename>
            <size>48</size>
        </font>
        <font>
            <name>font30_title</name>
            <filename>Ubuntu-M.ttf</filename>
            <size>51</size>
        </font>
        <font>
            <name>font35_title</name>
            <filename>Ubuntu-M.ttf</filename>
            <size>57</size>
        </font>
        <font>
            <name>font_MainMenu</name>
            <filename>destructobeambb_reg.ttf</filename>
            <size>66</size>
        </font>
		<font>
            <name>font_MainMenuUpper</name>
            <filename>destructobeambb_reg.ttf</filename>
            <size>66</size>
			<style>uppercase</style>
        </font>
        <font>
            <name>WeatherTemp</name>
            <filename>Ubuntu-M.ttf</filename>
            <size>129</size>
        </font>
    </fontset>
    <fontset id="Ubuntu Bold" idloc="31271">

		<font>
			<name>ivuefont12</name>
			<filename>NotoSans-Regular.ttf</filename>
			<size>25</size>
			<style>lighten</style>
		</font>
		<font>
			<name>ivuefont13</name>
			<filename>NotoSans-Regular.ttf</filename>
			<size>30</size>
			<style>lighten</style>
		</font>
		<font>
			<name>ivuefont14</name>
			<filename>NotoSans-Regular.ttf</filename>
			<size>33</size>
			<style>lighten</style>
		</font>
		<font>
			<name>ivuefont16</name>
			<filename>NotoSans-Regular.ttf</filename>
			<size>35</size>
			<style>lighten</style>
		</font>
		<font>
			<name>ivuefont30</name>
			<filename>NotoSans-Regular.ttf</filename>
			<size>42</size>
			<style>lighten</style>
		</font>
		<font>
			<name>ivuefont45</name>
			<filename>NotoSans-Regular.ttf</filename>
			<size>45</size>
			<style>lighten</style>
		</font>
		<font>
			<name>ivuefont_clock</name>
			<filename>Roboto-Thin.ttf</filename>
			<size>70</size>
		</font>
        <!-- Normal Fonts -->
        <font>
            <name>font10</name>
            <filename>Ubuntu-B.ttf</filename>
            <size>18</size>
        </font>
        <font>
            <name>font12</name>
            <filename>Ubuntu-B.ttf</filename>
            <size>26</size>
        </font>
        <font>
            <name>font13</name>
            <filename>Ubuntu-B.ttf</filename>
            <size>30</size>
        </font>
        <font>
            <name>font14</name>
            <filename>Ubuntu-B.ttf</filename>
            <size>33</size>
        </font>
        <font>
            <name>font16</name>
            <filename>Ubuntu-B.ttf</filename>
            <size>38</size>
        </font>
        <font>
            <name>font30</name>
            <filename>Ubuntu-B.ttf</filename>
            <size>45</size>
        </font>
        <font>
            <name>fontContextMenu</name>
            <filename>Ubuntu-B.ttf</filename>
            <size>27</size>
        </font>
        <!-- Title Fonts -->
        <font>
            <name>font10_title</name>
            <filename>Ubuntu-B.ttf</filename>
            <size>21</size>
        </font>
        <font>
            <name>font12_title</name>
            <filename>Ubuntu-B.ttf</filename>
            <size>27</size>
        </font>
        <font>
            <name>font13_title</name>
            <filename>Ubuntu-B.ttf</filename>
            <size>33</size>
        </font>
        <font>
            <name>font24_title</name>
            <filename>Ubuntu-B.ttf</filename>
            <size>42</size>
        </font>
        <font>
            <name>font28_title</name>
            <filename>Ubuntu-B.ttf</filename>
            <size>48</size>
        </font>
        <font>
            <name>font30_title</name>
            <filename>Ubuntu-B.ttf</filename>
            <size>51</size>
        </font>
        <font>
            <name>font35_title</name>
            <filename>Ubuntu-B.ttf</filename>
            <size>57</size>
        </font>
        <font>
            <name>font_MainMenu</name>
            <filename>destructobeambb_reg.ttf</filename>
            <size>66</size>
        </font>
		<font>
            <name>font_MainMenuUpper</name>
            <filename>destructobeambb_reg.ttf</filename>
            <size>66</size>
			<style>uppercase</style>
        </font>
        <font>
            <name>WeatherTemp</name>
            <filename>Ubuntu-B.ttf</filename>
            <size>129</size>
        </font>
    </fontset>
	<fontset id="skin.confluence Default">

		<font>
			<name>ivuefont12</name>
			<filename>NotoSans-Regular.ttf</filename>
			<size>25</size>
			<style>lighten</style>
		</font>
		<font>
			<name>ivuefont13</name>
			<filename>NotoSans-Regular.ttf</filename>
			<size>30</size>
			<style>lighten</style>
		</font>
		<font>
			<name>ivuefont14</name>
			<filename>NotoSans-Regular.ttf</filename>
			<size>33</size>
			<style>lighten</style>
		</font>
		<font>
			<name>ivuefont16</name>
			<filename>NotoSans-Regular.ttf</filename>
			<size>35</size>
			<style>lighten</style>
		</font>
		<font>
			<name>ivuefont30</name>
			<filename>NotoSans-Regular.ttf</filename>
			<size>42</size>
			<style>lighten</style>
		</font>
		<font>
			<name>ivuefont45</name>
			<filename>NotoSans-Regular.ttf</filename>
			<size>45</size>
			<style>lighten</style>
		</font>
		<font>
			<name>ivuefont_clock</name>
			<filename>Roboto-Thin.ttf</filename>
			<size>70</size>
		</font>
		<!-- Normal Fonts -->
		<font>
			<name>font10</name>
			<filename>skin.confluence/Roboto-Regular.ttf</filename>
			<size>21.0</size>
		</font>
		<font>
			<name>font12</name>
			<filename>skin.confluence/Roboto-Regular.ttf</filename>
			<size>25.0</size>
		</font>
		<font>
			<name>font13</name>
			<filename>skin.confluence/Roboto-Regular.ttf</filename>
			<size>30.0</size>
		</font>
		<font>
			<name>font14</name>
			<filename>skin.confluence/Roboto-Regular.ttf</filename>
			<size>33.0</size>
		</font>
		<font>
			<name>font16</name>
			<filename>skin.confluence/Roboto-Regular.ttf</filename>
			<size>37.0</size>
		</font>
		<font>
			<name>font30</name>
			<filename>skin.confluence/Roboto-Regular.ttf</filename>
			<size>45.0</size>
		</font>
		<font>
			<name>fontContextMenu</name>
			<filename>skin.confluence/Roboto-Regular.ttf</filename>
			<size>27.0</size>
		</font>
		<!-- Title Fonts -->
		<font>
			<name>font10_title</name>
			<filename>skin.confluence/Roboto-Bold.ttf</filename>
			<size>18.0</size>
		</font>
		<font>
			<name>font12_title</name>
			<filename>skin.confluence/Roboto-Bold.ttf</filename>
			<size>25.0</size>
		</font>
		<font>
			<name>font13_title</name>
			<filename>skin.confluence/Roboto-Bold.ttf</filename>
			<size>30.0</size>
		</font>
		<font>
			<name>font24_title</name>
			<filename>skin.confluence/Roboto-Bold.ttf</filename>
			<size>36.0</size>
		</font>
		<font>
			<name>font28_title</name>
			<filename>skin.confluence/Roboto-Bold.ttf</filename>
			<size>42.0</size>
		</font>
		<font>
			<name>font30_title</name>
			<filename>skin.confluence/Roboto-Bold.ttf</filename>
			<size>45.0</size>
		</font>
		<font>
			<name>font35_title</name>
			<filename>skin.confluence/Roboto-Bold.ttf</filename>
			<size>52.0</size>
		</font>
		<font>
			<name>font_MainMenu</name>
			<filename>skin.confluence/Roboto-Bold.ttf</filename>
			<size>60.0</size>
		</font>
		<font>
			<name>WeatherTemp</name>
			<filename>skin.confluence/Roboto-Bold.ttf</filename>
			<size>120.0</size>
		</font>
	</fontset>
	<fontset id="skin.confluence Massive">

		<font>
			<name>ivuefont12</name>
			<filename>NotoSans-Regular.ttf</filename>
			<size>25</size>
			<style>lighten</style>
		</font>
		<font>
			<name>ivuefont13</name>
			<filename>NotoSans-Regular.ttf</filename>
			<size>30</size>
			<style>lighten</style>
		</font>
		<font>
			<name>ivuefont14</name>
			<filename>NotoSans-Regular.ttf</filename>
			<size>33</size>
			<style>lighten</style>
		</font>
		<font>
			<name>ivuefont16</name>
			<filename>NotoSans-Regular.ttf</filename>
			<size>35</size>
			<style>lighten</style>
		</font>
		<font>
			<name>ivuefont30</name>
			<filename>NotoSans-Regular.ttf</filename>
			<size>42</size>
			<style>lighten</style>
		</font>
		<font>
			<name>ivuefont45</name>
			<filename>NotoSans-Regular.ttf</filename>
			<size>45</size>
			<style>lighten</style>
		</font>
		<font>
			<name>ivuefont_clock</name>
			<filename>Roboto-Thin.ttf</filename>
			<size>70</size>
		</font>
		<!-- Normal Fonts -->
		<font>
			<name>font10</name>
			<filename>skin.confluence/Roboto-Regular.ttf</filename>
			<size>21.0</size>
		</font>
		<font>
			<name>font12</name>
			<filename>skin.confluence/Roboto-Regular.ttf</filename>
			<size>34.0</size>
		</font>
		<font>
			<name>font13</name>
			<filename>skin.confluence/Roboto-Regular.ttf</filename>
			<size>37.0</size>
		</font>
		<font>
			<name>font14</name>
			<filename>skin.confluence/Roboto-Regular.ttf</filename>
			<size>37.0</size>
		</font>
		<font>
			<name>font16</name>
			<filename>skin.confluence/Roboto-Regular.ttf</filename>
			<size>37.0</size>
		</font>
		<font>
			<name>font30</name>
			<filename>skin.confluence/Roboto-Regular.ttf</filename>
			<size>45.0</size>
		</font>
		<font>
			<name>fontContextMenu</name>
			<filename>skin.confluence/Roboto-Regular.ttf</filename>
			<size>37.0</size>
		</font>
		<!-- Title Fonts -->
		<font>
			<name>font10_title</name>
			<filename>skin.confluence/Roboto-Bold.ttf</filename>
			<size>18.0</size>
		</font>
		<font>
			<name>font12_title</name>
			<filename>skin.confluence/Roboto-Bold.ttf</filename>
			<size>25.0</size>
		</font>
		<font>
			<name>font13_title</name>
			<filename>skin.confluence/Roboto-Bold.ttf</filename>
			<size>30.0</size>
		</font>
		<font>
			<name>font24_title</name>
			<filename>skin.confluence/Roboto-Bold.ttf</filename>
			<size>36.0</size>
		</font>
		<font>
			<name>font28_title</name>
			<filename>skin.confluence/Roboto-Bold.ttf</filename>
			<size>42.0</size>
		</font>
		<font>
			<name>font30_title</name>
			<filename>skin.confluence/Roboto-Bold.ttf</filename>
			<size>45.0</size>
		</font>
		<font>
			<name>font35_title</name>
			<filename>skin.confluence/Roboto-Bold.ttf</filename>
			<size>52.0</size>
		</font>
		<font>
			<name>font_MainMenu</name>
			<filename>skin.confluence/Roboto-Bold.ttf</filename>
			<size>60.0</size>
		</font>
		<font>
			<name>WeatherTemp</name>
			<filename>skin.confluence/Roboto-Bold.ttf</filename>
			<size>120.0</size>
		</font>
	</fontset>
	<fontset id="skin.confluence DefaultNoCaps">

		<font>
			<name>ivuefont12</name>
			<filename>NotoSans-Regular.ttf</filename>
			<size>25</size>
			<style>lighten</style>
		</font>
		<font>
			<name>ivuefont13</name>
			<filename>NotoSans-Regular.ttf</filename>
			<size>30</size>
			<style>lighten</style>
		</font>
		<font>
			<name>ivuefont14</name>
			<filename>NotoSans-Regular.ttf</filename>
			<size>33</size>
			<style>lighten</style>
		</font>
		<font>
			<name>ivuefont16</name>
			<filename>NotoSans-Regular.ttf</filename>
			<size>35</size>
			<style>lighten</style>
		</font>
		<font>
			<name>ivuefont30</name>
			<filename>NotoSans-Regular.ttf</filename>
			<size>42</size>
			<style>lighten</style>
		</font>
		<font>
			<name>ivuefont45</name>
			<filename>NotoSans-Regular.ttf</filename>
			<size>45</size>
			<style>lighten</style>
		</font>
		<font>
			<name>ivuefont_clock</name>
			<filename>Roboto-Thin.ttf</filename>
			<size>70</size>
		</font>
		<!-- Normal Fonts -->
		<font>
			<name>font10</name>
			<filename>skin.confluence/Roboto-Regular.ttf</filename>
			<size>21.0</size>
		</font>
		<font>
			<name>font12</name>
			<filename>skin.confluence/Roboto-Regular.ttf</filename>
			<size>25.0</size>
		</font>
		<font>
			<name>font13</name>
			<filename>skin.confluence/Roboto-Regular.ttf</filename>
			<size>30.0</size>
		</font>
		<font>
			<name>font14</name>
			<filename>skin.confluence/Roboto-Regular.ttf</filename>
			<size>33.0</size>
		</font>
		<font>
			<name>font16</name>
			<filename>skin.confluence/Roboto-Regular.ttf</filename>
			<size>37.0</size>
		</font>
		<font>
			<name>font30</name>
			<filename>skin.confluence/Roboto-Regular.ttf</filename>
			<size>45.0</size>
		</font>
		<font>
			<name>fontContextMenu</name>
			<filename>skin.confluence/Roboto-Regular.ttf</filename>
			<size>27.0</size>
		</font>
		<!-- Title Fonts -->
		<font>
			<name>font10_title</name>
			<filename>skin.confluence/Roboto-Bold.ttf</filename>
			<size>18.0</size>
		</font>
		<font>
			<name>font12_title</name>
			<filename>skin.confluence/Roboto-Bold.ttf</filename>
			<size>25.0</size>
		</font>
		<font>
			<name>font13_title</name>
			<filename>skin.confluence/Roboto-Bold.ttf</filename>
			<size>30.0</size>
		</font>
		<font>
			<name>font24_title</name>
			<filename>skin.confluence/Roboto-Bold.ttf</filename>
			<size>36.0</size>
		</font>
		<font>
			<name>font28_title</name>
			<filename>skin.confluence/Roboto-Bold.ttf</filename>
			<size>42.0</size>
		</font>
		<font>
			<name>font30_title</name>
			<filename>skin.confluence/Roboto-Bold.ttf</filename>
			<size>45.0</size>
		</font>
		<font>
			<name>font35_title</name>
			<filename>skin.confluence/Roboto-Bold.ttf</filename>
			<size>52.0</size>
		</font>
		<font>
			<name>font_MainMenu</name>
			<filename>skin.confluence/Roboto-Bold.ttf</filename>
			<size>60.0</size>
		</font>
		<font>
			<name>WeatherTemp</name>
			<filename>skin.confluence/Roboto-Bold.ttf</filename>
			<size>120.0</size>
		</font>
	</fontset>
	<fontset id="skin.confluence Arial">

		<font>
			<name>ivuefont12</name>
			<filename>NotoSans-Regular.ttf</filename>
			<size>25</size>
			<style>lighten</style>
		</font>
		<font>
			<name>ivuefont13</name>
			<filename>NotoSans-Regular.ttf</filename>
			<size>30</size>
			<style>lighten</style>
		</font>
		<font>
			<name>ivuefont14</name>
			<filename>NotoSans-Regular.ttf</filename>
			<size>33</size>
			<style>lighten</style>
		</font>
		<font>
			<name>ivuefont16</name>
			<filename>NotoSans-Regular.ttf</filename>
			<size>35</size>
			<style>lighten</style>
		</font>
		<font>
			<name>ivuefont30</name>
			<filename>NotoSans-Regular.ttf</filename>
			<size>42</size>
			<style>lighten</style>
		</font>
		<font>
			<name>ivuefont45</name>
			<filename>NotoSans-Regular.ttf</filename>
			<size>45</size>
			<style>lighten</style>
		</font>
		<font>
			<name>ivuefont_clock</name>
			<filename>Roboto-Thin.ttf</filename>
			<size>70</size>
		</font>
		<!-- Arial Font better for non English -->
		<font>
			<name>font10</name>
			<filename>skin.confluence/arial.ttf</filename>
			<size>18.0</size>
		</font>
		<font>
			<name>font12</name>
			<filename>skin.confluence/arial.ttf</filename>
			<size>22.0</size>
		</font>
		<font>
			<name>font13</name>
			<filename>skin.confluence/arial.ttf</filename>
			<size>27.0</size>
		</font>
		<font>
			<name>font14</name>
			<filename>skin.confluence/arial.ttf</filename>
			<size>30.0</size>
		</font>
		<font>
			<name>font16</name>
			<filename>skin.confluence/arial.ttf</filename>
			<size>34.0</size>
		</font>
		<font>
			<name>font30</name>
			<filename>skin.confluence/arial.ttf</filename>
			<size>42.0</size>
		</font>
		<font>
			<name>fontContextMenu</name>
			<filename>skin.confluence/arial.ttf</filename>
			<size>24.0</size>
		</font>
		<!-- Title Fonts -->
		<font>
			<name>font10_title</name>
			<filename>skin.confluence/arial.ttf</filename>
			<size>15.0</size>
			<style>bold</style>
		</font>
		<font>
			<name>font12_title</name>
			<filename>skin.confluence/arial.ttf</filename>
			<size>22.0</size>
			<style>bold</style>
		</font>
		<font>
			<name>font13_title</name>
			<filename>skin.confluence/arial.ttf</filename>
			<size>27.0</size>
			<style>bold</style>
		</font>
		<font>
			<name>font24_title</name>
			<filename>skin.confluence/arial.ttf</filename>
			<size>33.0</size>
			<style>bold</style>
		</font>
		<font>
			<name>font28_title</name>
			<filename>skin.confluence/arial.ttf</filename>
			<size>39.0</size>
			<style>bold</style>
		</font>
		<font>
			<name>font30_title</name>
			<filename>skin.confluence/arial.ttf</filename>
			<size>42.0</size>
			<style>bold</style>
		</font>
		<font>
			<name>font35_title</name>
			<filename>skin.confluence/arial.ttf</filename>
			<size>49.0</size>
			<style>bold</style>
		</font>
		<font>
			<name>font_MainMenu</name>
			<filename>skin.confluence/arial.ttf</filename>
			<size>52.0</size>
			<style>bold</style>
		</font>
		<font>
			<name>WeatherTemp</name>
			<filename>skin.confluence/arial.ttf</filename>
			<size>120.0</size>
			<style>bold</style>
		</font>
	</fontset>
</fonts>