<?xml version="1.0" encoding="UTF-8" standalone="yes"?>
<addon id="script.module.xenonpluss" name="Xenon Plus Flavors" version="425" provider-name="Zaxxon709">
	<requires>
		<import addon="xbmc.python" version="3.0.0"/>
	</requires>
	<extension point="xbmc.python.pluginsource" library="addon.py">
	</extension>
	<extension point="xbmc.addon.metadata">
		<summary lang="en_GB">Diggz Xenon Plus Flavors</summary>
		<description lang="en_GB">Kodi 21</description>
		<disclaimer lang="en_GB">This Addon contains no content</disclaimer>
		<language>en</language>
		<platform>all</platform>
		<license>GPL-2.0-or-later</license>
		<forum></forum>
		<website></website> 
		<email></email>
		<source></source>
	</extension>
</addon>