<?xml version="1.0" encoding="utf-8"?>
<window type="dialog" id="2121">
    <defaultcontrol>10</defaultcontrol>
    <coordinates>
        <left>502</left>
        <top>345</top>
    </coordinates>
    <include>dialogeffect</include>
    <controls>
        <control type="image">
            <left>0</left>
            <top>0</top>
            <width>915</width>
            <height>360</height>
            <texture border="40">$VAR[DialogPath]DialogBack.png</texture>
        </control>
        <control type="image">
            <description>Dialog Header image</description>
            <left>60</left>
            <top>24</top>
            <width>795</width>
            <height>60</height>
            <texture>$VAR[DialogPath]dialogheader.png</texture>
        </control>
        <control type="label">
            <description>header label</description>
            <left>60</left>
            <top>30</top>
            <width>795</width>
            <height>45</height>
            <font>font13_title</font>
            <label>$LOCALIZE[31306] $LOCALIZE[31492]</label>
            <align>center</align>
            <aligny>center</aligny>
            <textcolor>selected</textcolor>
            <shadowcolor>black</shadowcolor>
        </control>
        <control type="button">
            <description>Close Window button</description>
            <left>740</left>
            <top>24</top>
            <onclick>PreviousMenu</onclick>
            <include>DialogCloseButton</include>
            <onleft>10</onleft>
            <onright>10</onright>
            <onup>10</onup>
            <ondown>10</ondown>
        </control>
        <control type="label">
            <left>0</left>
            <top>135</top>
            <width>825</width>
            <height>98</height>
            <align>center</align>
            <aligny>center</aligny>
            <label>$LOCALIZE[19194]</label>
            <font>font24_title</font>
        </control>
        <control type="label">
            <left>45</left>
            <top>90</top>
            <width>825</width>
            <height>45</height>
            <align>center</align>
            <aligny>center</aligny>
            <label>$LOCALIZE[31493]</label>
            <font>font13</font>
        </control>
        <control type="button" id="11">
            <description>Yes button</description>
            <left>142</left>
            <top>262</top>
            <width>300</width>
            <height>60</height>
            <label>107</label>
            <font>font12_title</font>
            <textcolor>white</textcolor>
            <focusedcolor>white</focusedcolor>
            <align>center</align>
            <onleft>10</onleft>
            <onright>10</onright>
            <onup>11</onup>
            <ondown>11</ondown>
            <onclick>Skin.ResetSettings</onclick>
            <onclick>ReloadSkin()</onclick>
            <onclick>Dialog.Close(2121)</onclick>
            <onclick>ActivateWindow(home)</onclick>
        </control>
        <control type="button" id="10">
            <description>No button</description>
            <left>458</left>
            <top>262</top>
            <width>300</width>
            <height>60</height>
            <label>106</label>
            <font>font12_title</font>
            <textcolor>white</textcolor>
            <focusedcolor>white</focusedcolor>
            <align>center</align>
            <onleft>11</onleft>
            <onright>11</onright>
            <onup>10</onup>
            <ondown>10</ondown>
            <onclick>PreviousMenu</onclick>
        </control>
    </controls>
</window>
