<?xml version="1.0" encoding="UTF-8"?>
<window>
	<defaultcontrol>6</defaultcontrol>
	<include>dialogeffect</include>
	<controls>
		<include>BehindDialogDarkBackgroundDarker</include>
		<control type="label" id="1">
			<description>header label</description>
			<left>0</left>
			<top>20</top>
			<width>1900</width>
			<height>60</height>
			<font>font28_title</font>
			<label></label>
			<align>center</align>
			<aligny>center</aligny>
			<textcolor>selected</textcolor>
		</control>
		<control type="group">
			<left>50</left>
			<top>60</top>
			<!-- Color picker panel -->
			<control type="panel" id="6">
				<left>0</left>
				<top>60</top>
				<width>1900</width>
				<bottom>26</bottom>
				<onup>6</onup>
				<ondown>6</ondown>
				<onleft>9001</onleft>
				<onright>61</onright>
				<orientation>vertical</orientation>
				<pagecontrol>61</pagecontrol>
				<viewtype label="100">icon</viewtype>
				<itemlayout height="76" width="128">
					<control type="group">
						<control type="image">
							<top>2</top>
							<left>7</left>
							<width>123</width>
							<height>71</height>
							<texture border="10" colordiffuse="35FFFFFF">colors/white.png</texture>
							<aspectratio>stretch</aspectratio>
						</control>
						<control type="image">
							<top>3</top>
							<left>8</left>
							<width>123</width>
							<height>71</height>
							<texture border="10">colors/white.png</texture>
							<colordiffuse>$INFO[ListItem.Label2]</colordiffuse>
							<aspectratio>stretch</aspectratio>
						</control>
					</control>
				</itemlayout>
				<focusedlayout height="155" width="101">
					<control type="group">
						<animation effect="zoom" time="200" tween="sine" easing="inout" start="100" end="124" center="auto">Focus</animation>
						<control type="image">
							<top>2</top>
							<left>7</left>
							<width>123</width>
							<height>71</height>
							<texture border="10">colors/white.png</texture>
							<aspectratio>stretch</aspectratio>
						</control>
						<control type="image">
							<top>3</top>
							<left>8</left>
							<width>123</width>
							<height>71</height>
							<texture border="10">colors/white.png</texture>
							<colordiffuse>$INFO[ListItem.Label2]</colordiffuse>
							<aspectratio>stretch</aspectratio>
						</control>
					</control>
				</focusedlayout>
			</control>
			<control type="label">
				<description>name of colour</description>
				<left>-50</left>
				<top>16</top>
				<width>1900</width>
				<height>35</height>
				<font>font12</font>
				<align>center</align>
				<aligny>center</aligny>
				<scroll>false</scroll>
				<label>$INFO[ListItem.Label][COLOR=$INFO[ListItem.Label2]]$INFO[ListItem.Label2, ][/COLOR]</label>
				<shadowcolor>FF424242</shadowcolor>
			</control>
		</control>
	</controls>
</window>