<?xml version="1.0" encoding="UTF-8"?>
<includes>

    <include name="Defs_Store_Content"><content target="$PARAM[include_target]">$PARAM[include_content]</content></include>
    <include name="Defs_Store_MainMenu"><content><include>skinshortcuts-mainmenu</include></content></include>

    <include name="Defs_Store_Init">
        <onload condition="!Skin.HasSetting(store_init)">Skin.SetString(Store_Widget1_Content,videodb://recentlyaddedmovies)</onload>
        <onload condition="!Skin.HasSetting(store_init)">Skin.SetString(Store_Widget1_Target,videos)</onload>
        <onload condition="!Skin.HasSetting(store_init)">Skin.SetString(Store_Widget1_Title,$LOCALIZE[20386])</onload>
        <onload condition="!Skin.HasSetting(store_init)">Skin.Reset(Store_Widget1_Genres)</onload>
        <onload condition="!Skin.HasSetting(store_init)">Skin.Reset(Store_Widget1_Landscape)</onload>

        <onload condition="!Skin.HasSetting(store_init)">Skin.SetString(Store_Widget2_Content,special://skin/extras/playlists/RecentlyPlayedMovies.xsp)</onload>
        <onload condition="!Skin.HasSetting(store_init)">Skin.SetString(Store_Widget2_Target,videos)</onload>
        <onload condition="!Skin.HasSetting(store_init)">Skin.SetString(Store_Widget2_Title,$LOCALIZE[31242])</onload>
        <onload condition="!Skin.HasSetting(store_init)">Skin.Reset(Store_Widget2_Genres)</onload>
        <onload condition="!Skin.HasSetting(store_init)">Skin.Reset(Store_Widget2_Landscape)</onload>
        
        <onload condition="!Skin.HasSetting(store_init)">Skin.SetString(Store_Widget3_Content,videodb://movies/genres)</onload>
        <onload condition="!Skin.HasSetting(store_init)">Skin.SetString(Store_Widget3_Target,videos)</onload>
        <onload condition="!Skin.HasSetting(store_init)">Skin.SetString(Store_Widget3_Title,$LOCALIZE[20338] $LOCALIZE[135])</onload>
        <onload condition="!Skin.HasSetting(store_init)">Skin.SetBool(Store_Widget3_Genres)</onload>
        <onload condition="!Skin.HasSetting(store_init)">Skin.Reset(Store_Widget3_Landscape)</onload>
        
        <onload condition="!Skin.HasSetting(store_init)">Skin.SetString(Store_Widget4_Content,special://skin/extras/playlists/RandomMovies.xsp)</onload>
        <onload condition="!Skin.HasSetting(store_init)">Skin.SetString(Store_Widget4_Target,videos)</onload>
        <onload condition="!Skin.HasSetting(store_init)">Skin.SetString(Store_Widget4_Title,$LOCALIZE[31054])</onload>
        <onload condition="!Skin.HasSetting(store_init)">Skin.Reset(Store_Widget4_Genres)</onload>
        <onload condition="!Skin.HasSetting(store_init)">Skin.Reset(Store_Widget4_Landscape)</onload>
        
        <onload condition="!Skin.HasSetting(store_init)">Skin.SetString(Store_Widget5_Content,special://skin/extras/playlists/RecentShows.xsp)</onload>
        <onload condition="!Skin.HasSetting(store_init)">Skin.SetString(Store_Widget5_Target,videos)</onload>
        <onload condition="!Skin.HasSetting(store_init)">Skin.SetString(Store_Widget5_Title,$LOCALIZE[626])</onload>
        <onload condition="!Skin.HasSetting(store_init)">Skin.Reset(Store_Widget5_Genres)</onload>
        <onload condition="!Skin.HasSetting(store_init)">Skin.Reset(Store_Widget5_Landscape)</onload>

        <onload condition="!Skin.HasSetting(store_init)">Skin.SetString(Store_Widget6_Content,videodb://recentlyaddedepisodes)</onload>
        <onload condition="!Skin.HasSetting(store_init)">Skin.SetString(Store_Widget6_Target,videos)</onload>
        <onload condition="!Skin.HasSetting(store_init)">Skin.SetString(Store_Widget6_Title,$LOCALIZE[20387])</onload>
        <onload condition="!Skin.HasSetting(store_init)">Skin.Reset(Store_Widget6_Genres)</onload>
        <onload condition="!Skin.HasSetting(store_init)">Skin.SetBool(Store_Widget6_Landscape)</onload>
        
        <onload condition="!Skin.HasSetting(store_init)">Skin.SetString(Store_Widget7_Content,videodb://tvshows/genres)</onload>
        <onload condition="!Skin.HasSetting(store_init)">Skin.SetString(Store_Widget7_Target,videos)</onload>
        <onload condition="!Skin.HasSetting(store_init)">Skin.SetString(Store_Widget7_Title,$LOCALIZE[20364] $LOCALIZE[135])</onload>
        <onload condition="!Skin.HasSetting(store_init)">Skin.SetBool(Store_Widget7_Genres)</onload>
        <onload condition="!Skin.HasSetting(store_init)">Skin.Reset(Store_Widget7_Landscape)</onload>
        
        <onload condition="!Skin.HasSetting(store_init)">Skin.SetString(Store_Widget8_Content,special://skin/extras/playlists/RandomEpisodes.xsp)</onload>
        <onload condition="!Skin.HasSetting(store_init)">Skin.SetString(Store_Widget8_Target,videos)</onload>
        <onload condition="!Skin.HasSetting(store_init)">Skin.SetString(Store_Widget8_Title,$LOCALIZE[31055])</onload>
        <onload condition="!Skin.HasSetting(store_init)">Skin.Reset(Store_Widget8_Genres)</onload>
        <onload condition="!Skin.HasSetting(store_init)">Skin.SetBool(Store_Widget8_Landscape)</onload>

        <onload condition="!Skin.HasSetting(store_init)">Skin.SetBool(store_init)</onload>
    </include>

    <include name="Defs_SkinSettings_StoreWidget">
        <control type="group" id="812$PARAM[id]">
            <height>72</height>
            <width>100%</width>
            <control type="togglebutton" id="813$PARAM[id]">
                <onleft>815$PARAM[id]</onleft>
                <onright>814$PARAM[id]</onright>
                <ondown>813$PARAM[next_id]</ondown>
                <onup>813$PARAM[prev_id]</onup>
                <left>0</left>
                <textoffsetx>148</textoffsetx>
                <width>1000</width>
                <alttexturenofocus colordiffuse="$VAR[HighlightColor]">common/white.png</alttexturenofocus>
                <alttexturefocus colordiffuse="$VAR[HighlightColor]">common/white.png</alttexturefocus>
                <usealttexture>Control.HasFocus(814$PARAM[id]) | Control.HasFocus(815$PARAM[id])</usealttexture>
                <label>$INFO[Skin.String(Store_Widget$PARAM[id]_Title)]</label>
                <altlabel>[COLOR=Selected]$INFO[Skin.String(Store_Widget$PARAM[id]_Title)][/COLOR]</altlabel>
                <onclick>RunScript(script.skinshortcuts,type=widgets&amp;grouping=widget&amp;skinWidgetPath=Store_Widget$PARAM[id]_Content&amp;skinWidgetName=Store_Widget$PARAM[id]_Title&amp;skinWidgetTarget=Store_Widget$PARAM[id]_Target)</onclick>
                <height>72</height>
                <include>Defs_OptionButton</include>
            </control>

            <control type="label">
                <label>$VAR[Label_Store_Widget$PARAM[id]_ViewMode]</label>
                <align>right</align>
                <width>300</width>
                <height>72</height>
                <right>64</right>
                <width>100%</width>
                <font>Font-ListInfo-Small</font>
                <include>Defs_OptionButton</include>
                <visible>![Control.HasFocus(813$PARAM[id]) | Control.HasFocus(814$PARAM[id]) | Control.HasFocus(815$PARAM[id])]</visible>
            </control>
            <control type="label">
                <label>$VAR[Label_Store_Widget$PARAM[id]_ViewMode]</label>
                <align>right</align>
                <width>300</width>
                <height>72</height>
                <right>64</right>
                <textcolor>Selected</textcolor>
                <width>100%</width>
                <font>Font-ListInfo-Small</font>
                <include>Defs_OptionButton</include>
                <visible>[Control.HasFocus(813$PARAM[id]) | Control.HasFocus(814$PARAM[id]) | Control.HasFocus(815$PARAM[id])]</visible>
            </control>

            <control type="image">
                <top>4</top>
                <width>64</width>
                <height>64</height>
                <left>0</left>
                <texture colordiffuse="Disabled">special://skin/extras/icons/settings.png</texture>
                <visible>!Control.HasFocus(813$PARAM[id])</visible>
            </control>
            <control type="image">
                <top>4</top>
                <width>64</width>
                <height>64</height>
                <left>0</left>
                <texture colordiffuse="Selected">special://skin/extras/icons/settings.png</texture>
                <visible>Control.HasFocus(813$PARAM[id])</visible>
            </control>
            <control type="button" id="814$PARAM[id]">
                <onleft>813$PARAM[id]</onleft>
                <onright>815$PARAM[id]</onright>
                <ondown>813$PARAM[next_id]</ondown>
                <onup>813$PARAM[prev_id]</onup>
                <width>64</width>
                <height>64</height>
                <top>4</top>
                <left>64</left>
                <texturenofocus colordiffuse="Disabled">special://skin/extras/icons/write.png</texturenofocus>
                <texturefocus colordiffuse="Selected">special://skin/extras/icons/write.png</texturefocus>
                <align>center</align>
                <onclick>Skin.SetString(Store_Widget$PARAM[id]_Title)</onclick>
                <include>Defs_OptionButton</include>
            </control>
            <control type="button" id="815$PARAM[id]">
                <onleft>814$PARAM[id]</onleft>
                <onright>813$PARAM[id]</onright>
                <ondown>813$PARAM[next_id]</ondown>
                <onup>813$PARAM[prev_id]</onup>
                <width>64</width>
                <height>64</height>
                <top>4</top>
                <right>0</right>
                <texturenofocus colordiffuse="Disabled">special://skin/extras/icons/pictures.png</texturenofocus>
                <texturefocus colordiffuse="Selected">special://skin/extras/icons/pictures.png</texturefocus>
                <align>center</align>
                <selected>Skin.HasSetting(Store_Widget$PARAM[id]_Landscape)</selected>

                <onclick condition="!Skin.HasSetting(Store_Widget$PARAM[id]_Genres) + !Skin.HasSetting(Store_Widget$PARAM[id]_Landscape)">Skin.ToggleSetting(Store_Widget$PARAM[id]_Landscape)</onclick>

                <onclick condition="!Skin.HasSetting(Store_Widget$PARAM[id]_Genres) + Skin.HasSetting(Store_Widget$PARAM[id]_Landscape)">Skin.ToggleSetting(Store_Widget$PARAM[id]_Genres)</onclick>
                <onclick condition="!Skin.HasSetting(Store_Widget$PARAM[id]_Genres) + Skin.HasSetting(Store_Widget$PARAM[id]_Landscape)">Skin.ToggleSetting(Store_Widget$PARAM[id]_Landscape)</onclick>

                <onclick condition="Skin.HasSetting(Store_Widget$PARAM[id]_Genres) + Skin.HasSetting(Store_Widget$PARAM[id]_Landscape)">Skin.ToggleSetting(Store_Widget$PARAM[id]_Landscape)</onclick>
                <onclick condition="Skin.HasSetting(Store_Widget$PARAM[id]_Genres)">Skin.ToggleSetting(Store_Widget$PARAM[id]_Genres)</onclick>

                <include>Defs_OptionButton</include>
            </control>
            
        </control>
    </include>

    <variable name="DefEpisodesFlags">
		<value condition="String.IsEqual(Skin.String(episodesflags),$LOCALIZE[31720])">$INFO[ListItem.Property(TotalEpisodes)] [UPPERCASE]$LOCALIZE[31723][/UPPERCASE]</value>
		<value condition="String.IsEqual(Skin.String(episodesflags),$LOCALIZE[31721])">$INFO[ListItem.Property(UnwatchedEpisodes)] [UPPERCASE]$LOCALIZE[31724][/UPPERCASE]</value>
		<value condition="String.IsEqual(Skin.String(episodesflags),$LOCALIZE[31722])">$INFO[ListItem.Property(WatchedEpisodes)] [UPPERCASE]$LOCALIZE[31725][/UPPERCASE]</value>
		<value condition="String.IsEmpty(ListItem.Property(UnwatchedEpisodes))">$INFO[ListItem.Property(TotalEpisodes)] [UPPERCASE]$LOCALIZE[31723][/UPPERCASE]</value>
		<value condition="String.IsEmpty(ListItem.Property(WatchedEpisodes))">$INFO[ListItem.Property(TotalEpisodes)] [UPPERCASE]$LOCALIZE[31723][/UPPERCASE]</value>   
	</variable>
    <!-- Time Limit -->
    <include name="TimeLimit1"><visible>[System.IdleTime(1) + Skin.HasSetting(furniture.overlayinfo)] | Control.HasFocus(9601)</visible></include>
    <include name="TimeLimit2"><visible>[System.IdleTime(2) + Skin.HasSetting(furniture.overlayinfo)] | Control.HasFocus(9601)</visible></include>
    <include name="TimeLimit3"><visible>[System.IdleTime(3) + Skin.HasSetting(furniture.overlayinfo)] | Control.HasFocus(9601)</visible></include> 
    <include name="TimeLimit4"><visible>[System.IdleTime(4) + Skin.HasSetting(furniture.overlayinfo)] | Control.HasFocus(9601)</visible></include> 
    <include name="TimeLimit5"><visible>[System.IdleTime(5) + Skin.HasSetting(furniture.overlayinfo)] | Control.HasFocus(9601)</visible></include> 
    <include name="TimeLimit6"><visible>[System.IdleTime(6) + Skin.HasSetting(furniture.overlayinfo)] | Control.HasFocus(9601)</visible></include> 
    <include name="TimeLimit7"><visible>[System.IdleTime(7) + Skin.HasSetting(furniture.overlayinfo)] | Control.HasFocus(9601)</visible></include> 
    <include name="TimeLimit8"><visible>[System.IdleTime(8) + Skin.HasSetting(furniture.overlayinfo)] | Control.HasFocus(9601)</visible></include> 
    <include name="TimeLimit9"><visible>[System.IdleTime(9) + Skin.HasSetting(furniture.overlayinfo)] | Control.HasFocus(9601)</visible></include> 
    <include name="TimeLimit10"><visible>[System.IdleTime(10) + Skin.HasSetting(furniture.overlayinfo)] | Control.HasFocus(9601)</visible></include>
	<!-- Background Rotation Duration -->
	<include name="RotationLimit1"><timeperimage>5000</timeperimage></include>
	<include name="RotationLimit2"><timeperimage>10000</timeperimage></include>
	<include name="RotationLimit3"><timeperimage>15000</timeperimage></include>
	<include name="RotationLimit4"><timeperimage>20000</timeperimage></include>
	<include name="RotationLimit5"><timeperimage>30000</timeperimage></include>
	<include name="RotationLimit6"><timeperimage>60000</timeperimage></include>
	<include name="RotationLimit7"><timeperimage>300000</timeperimage></include>
	<include name="RotationLimit8"><timeperimage>600000</timeperimage></include>
	<include name="RotationLimit9"><timeperimage>900000</timeperimage></include>
	<include name="RotationLimit10"><timeperimage>1200000</timeperimage></include>
	<include name="RotationLimit11"><timeperimage>1500000</timeperimage></include>
	<include name="RotationLimit12"><timeperimage>1800000</timeperimage></include>
	<!-- Fadelabel Rotation Duration -->
	<include name="FadeLimit1"><pauseatend>5000</pauseatend></include>
	<include name="FadeLimit2"><pauseatend>10000</pauseatend></include>
	<include name="FadeLimit3"><pauseatend>15000</pauseatend></include>
	<include name="FadeLimit4"><pauseatend>20000</pauseatend></include>
	<include name="FadeLimit5"><pauseatend>30000</pauseatend></include>
	<include name="FadeLimit6"><pauseatend>60000</pauseatend></include>
	<include name="FadeLimit7"><pauseatend>300000</pauseatend></include>
	<include name="FadeLimit8"><pauseatend>600000</pauseatend></include>
	<include name="FadeLimit9"><pauseatend>900000</pauseatend></include>
	<include name="FadeLimit10"><pauseatend>1200000</pauseatend></include>
	<include name="FadeLimit11"><pauseatend>1500000</pauseatend></include>
	<include name="FadeLimit12"><pauseatend>1800000</pauseatend></include>	
    <!-- Password Protection -->
	<variable name="passcode">
		<value condition="[String.IsEmpty(Container(211).ListItem.Property(ParentalControl)) | String.Contains(Container(211).ListItem.Property(ParentalControl),no)]">$LOCALIZE[106]</value>
		<value>$LOCALIZE[107]</value>
	</variable>
	<variable name="temp_passcode">
		<value condition="!String.IsEmpty(Skin.String(temp))">$INFO[Skin.String(temp)]</value>
		<value>$INFO[Skin.String(passcode)]</value>
	</variable>
	<variable name="password_time">
		<value condition="!String.IsEmpty(Skin.String(password_time))">$INFO[Skin.String(password_time)]</value>
		<value>5</value>
	</variable>
	<variable name="password_notification">
		<value condition="String.IsEqual(Skin.String(mypassword),Skin.String(passcode))">$LOCALIZE[31697] $VAR[password_time] $LOCALIZE[31698]</value>
		<value>$LOCALIZE[31696]</value>
	</variable>
	<include name="DefSubMenu">                 
		<left>150</left>                        
		<right>0</right>
		<top>48</top>
		<height>70</height>
		<onleft>noop</onleft>
		<onright>noop</onright>
		<scrolltime>200</scrolltime>
		<orientation>horizontal</orientation>
		<itemlayout width="354" height="80">
			<control type="label">
				<left>side</left>
				<right>30</right>
				<height>70</height>
				<width>240</width>
				<scroll>yes</scroll>
				<font>Font-ListInfo-Small</font>
				<fontcolor>HomeBarFG</fontcolor>
				<aligny>center</aligny>
				<label>$INFO[ListItem.Label]</label>
				<visible>!Skin.HasSetting(home.hidesubmenusicons)</visible>
			</control>
			<control type="label">
				<left>side</left>
				<right>side</right>
				<height>70</height>
				<scroll>yes</scroll>
				<font>Font-ListInfo-Small</font>
				<fontcolor>HomeBarFG</fontcolor>
				<align>center</align>
				<aligny>center</aligny>
				<label>$INFO[ListItem.Label]</label>
				<visible>Skin.HasSetting(home.hidesubmenusicons)</visible>
			</control>
			<control type="image"> 
				<height>60</height>
				<width>60</width>
				<right>5</right>
				<centertop>50%</centertop>
				<texture colordiffuse="ListLabel">$PARAM[icon]</texture>
				<visible>!Skin.HasSetting(home.hidesubmenusicons)</visible>
			</control>
		</itemlayout>
		<focusedlayout width="354" height="80">
			<control type="image">
				<width>354</width> 
				<height>70</height>
				<texture colordiffuse="$VAR[HighlightColor]">common/white.png</texture>
			</control>
			<control type="label">
				<left>side</left>
				<right>30</right>
				<height>70</height>
				<width>240</width>
				<scroll>yes</scroll>
				<textcolor>Selected</textcolor>
				<font>Font-ListInfo-Small</font>
				<aligny>center</aligny>
				<label>$INFO[ListItem.Label]</label>
				<visible>!Skin.HasSetting(home.hidesubmenusicons)</visible>
			</control>
			<control type="label">
				<left>side</left>
				<right>side</right>
				<height>70</height>
				<scroll>yes</scroll>
				<textcolor>Selected</textcolor>
				<font>Font-ListInfo-Small</font>
				<aligny>center</aligny>
				<align>center</align>
				<label>$INFO[ListItem.Label]</label>
				<visible>Skin.HasSetting(home.hidesubmenusicons)</visible>
			</control>
			<control type="image"> 
				<height>60</height>
				<width>60</width>
				<right>5</right>
				<centertop>45%</centertop>
				<texture colordiffuse="Selected">$PARAM[icon]</texture>
				<visible>!Skin.HasSetting(home.hidesubmenusicons)</visible>
			</control>
		</focusedlayout>
    </include>
    <include name="DefSubMenu_Small">                 
		<left>110</left>                        
		<right>50</right>
		<top>0</top>
		<height>60</height>
		<onleft>noop</onleft>
		<onright>noop</onright>
		<scrolltime>200</scrolltime>
		<orientation>horizontal</orientation>
		<itemlayout width="352" height="60">
			<control type="label">
				<left>side</left>
				<right>30</right>
				<height>60</height>
				<width>240</width>
				<scroll>yes</scroll>
				<font>Font-ListInfo-Small</font>
				<fontcolor>HomeBarFG</fontcolor>
				<aligny>center</aligny>
				<label>$INFO[ListItem.Label]</label>
				<visible>!Skin.HasSetting(home.hidesubmenusicons)</visible>
			</control>
			<control type="label">
				<left>side</left>
				<right>side</right>
				<height>60</height>
				<scroll>yes</scroll>
				<font>Font-ListInfo-Small</font>
				<fontcolor>HomeBarFG</fontcolor>
				<align>center</align>
				<aligny>center</aligny>
				<label>$INFO[ListItem.Label]</label>
				<visible>Skin.HasSetting(home.hidesubmenusicons)</visible>
			</control>
			<control type="image"> 
				<height>60</height>
				<width>60</width>
				<right>0</right>
				<centertop>50%</centertop>
				<texture colordiffuse="ListLabel">$PARAM[icon]</texture>
				<visible>!Skin.HasSetting(home.hidesubmenusicons)</visible>
			</control>
		</itemlayout>
		<focusedlayout width="352" height="60">
			<control type="image">
				<width>352</width> 
				<height>60</height>
				<texture colordiffuse="$VAR[HighlightColor]">common/white.png</texture>
			</control>
			<control type="label">
				<left>side</left>
				<right>30</right>
				<height>60</height>
				<width>240</width>
				<scroll>yes</scroll>
				<textcolor>Selected</textcolor>
				<font>Font-ListInfo-Small</font>
				<aligny>center</aligny>
				<label>$INFO[ListItem.Label]</label>
				<visible>!Skin.HasSetting(home.hidesubmenusicons)</visible>
			</control>
			<control type="label">
				<left>side</left>
				<right>side</right>
				<height>60</height>
				<scroll>yes</scroll>
				<textcolor>Selected</textcolor>
				<font>Font-ListInfo-Small</font>
				<aligny>center</aligny>
				<align>center</align>
				<label>$INFO[ListItem.Label]</label>
				<visible>Skin.HasSetting(home.hidesubmenusicons)</visible>
			</control>
			<control type="image"> 
				<height>60</height>
				<width>60</width>
				<right>0</right>
				<centertop>50%</centertop>
				<texture colordiffuse="Selected">$PARAM[icon]</texture>
				<visible>!Skin.HasSetting(home.hidesubmenusicons)</visible>
			</control>
		</focusedlayout>
    </include>
	<include name="DefSubMenu_Touch">
		<animation type="Conditional" condition="Control.HasFocus(9002)" reversible="false">
			<effect type="fade" start="0" end="100" time="250" delay="0" tween="cubic" easing="inout"/>
			<effect type="slide" start="0,48" end="0" center="auto" tween="back" easing="out" time="400" delay="0"/>
		</animation>
		<include>Animation_Touch_Submenu</include>
		<animation effect="slide" start="0" end="0,50" time="150">WindowClose</animation>
		<animation effect="slide" end="0" start="0,50" time="150">WindowOpen</animation>
		<posy>500</posy>
		<left>10</left>
		<width>364</width>
		<height>414</height>
		<itemlayout width="364" height="69">
			<control type="label">
				<align>center</align>
				<aligny>center</aligny>
				<width>100%</width>
				<centertop>50%</centertop>
				<height>100%</height>
				<textcolor>HomeBarFG</textcolor>
				<font>Font-ListInfo-Small</font>
				<label>$INFO[ListItem.Label]</label>
			</control>
		</itemlayout>
		<focusedlayout width="364" height="69">
			<control type="image">
				<width>100%</width>
				<height>100%</height>
				<texture colordiffuse="$VAR[HighlightColor]">common/white.png</texture>
			</control>
			<control type="label">
				<align>center</align>
				<aligny>center</aligny>
				<width>100%</width>
				<centertop>50%</centertop>
				<height>100%</height>
				<scroll>yes</scroll>
				<textcolor>Selected</textcolor>
				<font>Font-ListInfo-Small</font>
				<label>$INFO[ListItem.Label]</label>
			</control>
		</focusedlayout>
	</include>
    <include name="DefCdArtContainer">
        <top>45</top>
        <left>150</left>
        <width>1184</width>
        <height>990</height>
        <preloaditems>2</preloaditems>
        <pagecontrol>60</pagecontrol>
        <orientation>vertical</orientation>
        <scrolltime tween="quadratic">400</scrolltime>
        <itemlayout height="330" width="296">
            <control type="image">
                <left>10</left>
                <top>10</top>
                <right>10</right>
                <bottom>10</bottom>
                <texture border="5" colordiffuse="PosterBorder">common/white.png</texture>
            </control>
            <control type="label">
                <left>20</left>
                <right>20</right>
                <bottom>10</bottom>
                <height>50</height>
                <aligny>center</aligny>
                <align>center</align>
                <font>Tiny</font>
                <label>$INFO[ListItem.Label]</label>
                <textcolor>ListLabel</textcolor>
                <visible>!String.IsEmpty(ListItem.Label)</visible>
            </control>
            <control type="image">
                <left>20</left>
                <top>20</top>
                <right>20</right>
                <height>256</height>
                <aspectratio scalediffuse="false">scale</aspectratio>
                <texture colordiffuse="PosterBorder">common/white.png</texture>
            </control>
            <control type="image">
                <left>20</left>
                <top>20</top>
                <right>20</right>
                <height>256</height>
                <aspectratio scalediffuse="false" align="center" aligny="center">keep</aspectratio>
                <texture background="true">$INFO[ListItem.Art(thumb)]</texture>
            </control>
        </itemlayout>
        <focusedlayout height="330" width="296">
            <control type="image">
                <left>10</left>
                <top>10</top>
                <right>10</right>
                <bottom>10</bottom>
                <texture border="5" colordiffuse="$VAR[HighlightColor]">common/white.png</texture>
            </control>
            <control type="label">
                <left>20</left>
                <right>20</right>
                <bottom>10</bottom>
                <height>50</height>
                <aligny>center</aligny>
                <align>center</align>
                <font>Tiny</font>
                <label>$INFO[ListItem.Label]</label>
                <selectedcolor>Selected</selectedcolor>
                <textcolor>Selected</textcolor>
                <visible>!String.IsEmpty(ListItem.Label)</visible>
            </control>
            <control type="image">
                <left>20</left>
                <top>20</top>
                <right>20</right>
                <height>256</height>
                <aspectratio scalediffuse="false">scale</aspectratio>
                <texture colordiffuse="PosterBorder">common/white.png</texture>
            </control>
            <control type="image">
                <left>20</left>
                <top>20</top>
                <right>20</right>
                <height>256</height>
                <aspectratio scalediffuse="false" align="center" aligny="center">keep</aspectratio>
                <texture background="true">$INFO[ListItem.Art(thumb)]</texture>
            </control>
        </focusedlayout>
    </include>
	<include name="DefExtendedInfoItemContent">
        <control type="image">
            <left>5</left>
            <top>5</top>
            <right>5</right>
            <bottom>105</bottom>
            <texture colordiffuse="PosterBorder">common/white.png</texture>
        </control>
        <control type="image">
            <left>10</left>
            <top>10</top>
            <right>10</right>
            <bottom>110</bottom>
            <aspectratio scalediffuse="false">scale</aspectratio>  
            <texture diffuse="common/white.png" background="true" fallback="DefaultPicture.png">$INFO[ListItem.Icon]</texture>
        </control>     
        <control type="image">
            <left>5</left>
            <right>5</right>
            <bottom>0</bottom>
            <height>86</height>
            <texture colordiffuse="PosterBorder">common/white.png</texture>
        </control>
        <control type="textbox">
            <left>20</left>
            <right>20</right>
            <centerbottom>44</centerbottom>
            <height>86</height>
            <autoscroll>false</autoscroll>
            <font>Font-ListInfo</font>
            <textcolor>ListLabel</textcolor>
            <label>$INFO[ListItem.Label]</label>
            <aligny>center</aligny>
            <align>center</align>
        </control>
    </include>
    <include name="DefExtendedInfoFocusContent">
        <control type="image">
            <left>5</left>
            <top>5</top>
            <right>5</right>
            <bottom>105</bottom>
            <texture colordiffuse="PosterBorder">common/white.png</texture>
        </control>
        <control type="image">
            <left>10</left>
            <top>10</top>
            <right>10</right>
            <bottom>110</bottom>
            <aspectratio scalediffuse="false">scale</aspectratio>        
            <texture diffuse="common/white.png" background="true" fallback="DefaultPicture.png">$INFO[ListItem.Icon]</texture>
        </control>
        <control type="group">
            <control type="image">
                <left>5</left>
                <right>5</right>
                <bottom>0</bottom>
                <height>86</height>
                <texture colordiffuse="$VAR[HighlightColor]">common/white.png</texture>
            </control>
            <control type="textbox">
                <left>20</left>
                <right>20</right>
                <centerbottom>44</centerbottom>
                <height>86</height>
                <autoscroll>false</autoscroll>
                <font>Font-ListInfo</font>
                <textcolor>Selected</textcolor>
                <label>$INFO[ListItem.Label]</label>
                <aligny>center</aligny>
                <align>center</align>
            </control>
        </control>
    </include>
    <variable name="Defs_SpinnerTexture">
        <value condition="!String.IsEmpty(Skin.String(SkinHelper.SpinnerTexture.Path)) + !String.IsEmpty(Skin.String(SkinHelper.SpinnerTexture)) + !String.IsEqual(Skin.String(SkinHelper.SpinnerTexture.Path),None)">$INFO[Skin.String(SkinHelper.SpinnerTexture.Path)]</value>
        <value>special://skin/extras/busy_spinners/Default</value>
    </variable>
    <include name="Defs_OptionButton2">
        <width>364</width>
        <height>69</height>
        <textcolor>ListLabel</textcolor>
        <alttextcolor>Selected</alttextcolor>
        <selectedcolor>Selected</selectedcolor>
        <focusedcolor>Selected</focusedcolor>
        <font>Font-ListInfo-Small</font>
        <aligny>center</aligny>
        <textoffsetx>side</textoffsetx>
        <radioposx>320</radioposx>
        <texturenofocus colordiffuse="PosterBorder">common/white.png</texturenofocus>
        <texturefocus colordiffuse="$VAR[HighlightColor]">common/white.png</texturefocus>
        <alttexturenofocus colordiffuse="PosterBorder">common/white.png</alttexturenofocus>
        <alttexturefocus colordiffuse="$VAR[HighlightColor]">common/white.png</alttexturefocus>
    </include>
    <include name="Defs_OptionButton">
        <width>364</width>
        <height>69</height>
        <textcolor>ListLabel</textcolor>
        <alttextcolor>Selected</alttextcolor>
        <selectedcolor>Selected</selectedcolor>
        <focusedcolor>Selected</focusedcolor>
        <font>Font-ListInfo-Small</font>
        <aligny>center</aligny>
        <textoffsetx>side</textoffsetx>
        <radioposx>320</radioposx>
        <texturenofocus>noop</texturenofocus>
        <texturefocus colordiffuse="$VAR[HighlightColor]">common/white.png</texturefocus>
        <alttexturenofocus>noop</alttexturenofocus>
        <alttexturefocus colordiffuse="$VAR[HighlightColor]">common/white.png</alttexturefocus>
    </include>	
    <include name="Defs_OptionRadioButton">
        <width>364</width>
        <height>69</height>
        <textcolor>ListLabel</textcolor>
        <alttextcolor>Selected</alttextcolor>
        <selectedcolor>Selected</selectedcolor>
        <focusedcolor>Selected</focusedcolor>
        <font>Font-ListInfo-Small</font>
        <aligny>center</aligny>
        <textwidth>310</textwidth>
        <scroll>yes</scroll>
        <textoffsetx>side</textoffsetx>
        <radioposx>332</radioposx>
        <texturenofocus colordiffuse="PosterBorder">common/white.png</texturenofocus>
        <texturefocus colordiffuse="$VAR[HighlightColor]">common/white.png</texturefocus>
        <alttexturenofocus colordiffuse="PosterBorder">common/white.png</alttexturenofocus>
        <alttexturefocus colordiffuse="$VAR[HighlightColor]">common/white.png</alttexturefocus>
    </include>
    <include name="Defs_OSDButton">
        <width>130</width>
        <height>48</height>
        <textcolor>ListLabel</textcolor>
        <selectedcolor>$VAR[HighlightColor]</selectedcolor>
        <focusedcolor>$VAR[HighlightColor]</focusedcolor>
        <font>Font-OSD</font>
        <textoffsetx>side</textoffsetx>
        <texturenofocus>noop</texturenofocus>
        <texturefocus>noop</texturefocus>
        <alttexturenofocus>noop</alttexturenofocus>
        <alttexturefocus>noop</alttexturefocus>
    </include>
    <include name="Defs_KeyboardButton">
        <width>120</width>
        <height>70</height>
        <textcolor>ListLabel</textcolor>
        <selectedcolor>Selected</selectedcolor>
        <focusedcolor>Selected</focusedcolor>
        <font>Font-ListInfo-Small</font>
        <aligny>center</aligny>
        <textoffsetx>side</textoffsetx>
        <radioposx>320</radioposx>
        <texturenofocus colordiffuse="PosterBorder">common/white.png</texturenofocus>
        <texturefocus colordiffuse="$VAR[HighlightColor]">common/white.png</texturefocus>
        <alttexturenofocus colordiffuse="PosterBorder">common/white.png</alttexturenofocus>
        <alttexturefocus colordiffuse="$VAR[HighlightColor]">common/white.png</alttexturefocus>
    </include>
    <variable name="Defs_Hub_Widget">
        <value condition="!String.IsEmpty(Container(9501).ListItem.Property(widgetPath))">$INFO[Container(9501).ListItem.Property(widgetPath)]</value>
        <value condition="!String.IsEmpty(Container(9501).ListItem.Property(hubImage))">$INFO[Container(9501).ListItem.Property(hubImage)]</value>
        <value condition="Window.IsVisible(1101) + !String.IsEmpty(Skin.String(Widget.1101))">$INFO[Skin.String(Widget.1101)]</value>
        <value condition="Window.IsVisible(1102) + !String.IsEmpty(Skin.String(Widget.1102))">$INFO[Skin.String(Widget.1102)]</value>
        <value condition="Window.IsVisible(1103) + !String.IsEmpty(Skin.String(Widget.1103))">$INFO[Skin.String(Widget.1103)]</value>
        <value condition="Window.IsVisible(1104) + !String.IsEmpty(Skin.String(Widget.1104))">$INFO[Skin.String(Widget.1104)]</value>
        <value condition="Window.IsVisible(1105) + !String.IsEmpty(Skin.String(Widget.1105))">$INFO[Skin.String(Widget.1105)]</value>
        <value condition="Window.IsVisible(1106) + !String.IsEmpty(Skin.String(Widget.1106))">$INFO[Skin.String(Widget.1106)]</value>
        <value condition="Window.IsVisible(1107) + !String.IsEmpty(Skin.String(Widget.1107))">$INFO[Skin.String(Widget.1107)]</value>
        <value condition="Window.IsVisible(1108) + !String.IsEmpty(Skin.String(Widget.1108))">$INFO[Skin.String(Widget.1108)]</value>
        <value condition="Window.IsVisible(1109) + !String.IsEmpty(Skin.String(Widget.1109))">$INFO[Skin.String(Widget.1109)]</value>
        <value condition="Window.IsVisible(1110) + !String.IsEmpty(Skin.String(Widget.1110))">$INFO[Skin.String(Widget.1110)]</value>
        <value condition="Window.IsVisible(1111) + !String.IsEmpty(Skin.String(Widget.1111))">$INFO[Skin.String(Widget.1111)]</value>
        <value condition="Window.IsVisible(1112) + !String.IsEmpty(Skin.String(Widget.1112))">$INFO[Skin.String(Widget.1112)]</value>
        <value condition="Window.IsVisible(1113) + !String.IsEmpty(Skin.String(Widget.1113))">$INFO[Skin.String(Widget.1113)]</value>
        <value condition="Window.IsVisible(1114) + !String.IsEmpty(Skin.String(Widget.1114))">$INFO[Skin.String(Widget.1114)]</value>
        <value condition="Window.IsVisible(1115) + !String.IsEmpty(Skin.String(Widget.1115))">$INFO[Skin.String(Widget.1115)]</value>
        <value condition="Window.IsVisible(1102)">special://skin/extras/playlists/RandomEpisodes.xsp</value>
        <value>special://skin/extras/playlists/RandomMovies.xsp</value>
    </variable>
    <variable name="Defs_Hub_Widget_Target">
        <value condition="Window.IsVisible(1101) + !String.IsEmpty(Skin.String(Widget.1101.Type))">$INFO[Skin.String(Widget.1101.Type)]</value>
        <value condition="Window.IsVisible(1102) + !String.IsEmpty(Skin.String(Widget.1102.Type))">$INFO[Skin.String(Widget.1102.Type)]</value>
        <value condition="Window.IsVisible(1103) + !String.IsEmpty(Skin.String(Widget.1103.Type))">$INFO[Skin.String(Widget.1103.Type)]</value>
        <value condition="Window.IsVisible(1104) + !String.IsEmpty(Skin.String(Widget.1104.Type))">$INFO[Skin.String(Widget.1104.Type)]</value>
        <value condition="Window.IsVisible(1105) + !String.IsEmpty(Skin.String(Widget.1105.Type))">$INFO[Skin.String(Widget.1105.Type)]</value>
        <value condition="Window.IsVisible(1106) + !String.IsEmpty(Skin.String(Widget.1106.Type))">$INFO[Skin.String(Widget.1106.Type)]</value>
        <value condition="Window.IsVisible(1107) + !String.IsEmpty(Skin.String(Widget.1107.Type))">$INFO[Skin.String(Widget.1107.Type)]</value>
        <value condition="Window.IsVisible(1108) + !String.IsEmpty(Skin.String(Widget.1108.Type))">$INFO[Skin.String(Widget.1108.Type)]</value>
        <value condition="Window.IsVisible(1109) + !String.IsEmpty(Skin.String(Widget.1109.Type))">$INFO[Skin.String(Widget.1109.Type)]</value>
        <value>videos</value>
    </variable>    
	<variable name="Defs_HomeTileColor">
        <value condition="Skin.HasSetting(home.tilecolor) + !String.IsEmpty(Container(9000).ListItem.Property(tilecolor))">$INFO[Container(9000).ListItem.Property(tilecolor)]</value>
        <value condition="Skin.HasSetting(home.tilecolor) + !String.IsEmpty(Container(9501).ListItem.Property(tilecolor))">$INFO[Container(9501).ListItem.Property(tilecolor)]</value>        
		<value condition="Skin.HasSetting(home.tilecolor) + !String.IsEmpty(Container(211).ListItem.Property(tilecolor))">$INFO[Container(211).ListItem.Property(tilecolor)]</value>
        <value>$VAR[HighlightColor]</value>
    </variable>   
    <variable name="Defs_HomeTextColor">
        <value condition="!String.IsEmpty(Container(9000).ListItem.Property(textcolor)) + Skin.HasSetting(home.textcolor)">$INFO[Container(9000).ListItem.Property(textcolor)]</value>
        <value condition="!String.IsEmpty(Container(9501).ListItem.Property(textcolor)) + Skin.HasSetting(home.textcolor)">$INFO[Container(9501).ListItem.Property(textcolor)]</value>
		<value condition="String.IsEmpty(Skin.String(TextColor))">HomeBarFG</value>
        <value>$INFO[Skin.String(TextColor)]</value>
    </variable>
    <include name="Defs_Shortcuts_SetHub">
        <control type="button" id="$PARAM[buttonid2]" description="Set HUB WIDGET">
            <width>100%</width>
            <label>31097</label>
            <label2>$INFO[Skin.String(Widget.$PARAM[hubid].Label)]</label2>
            <visible>String.IsEqual(Window.Property(groupname),mainmenu)</visible>
            <visible>String.IsEqual(Container(211).ListItem.Label2,Hub $PARAM[hubid]) | String.IsEqual(Container(211).ListItem.Property(Path),ActivateWindow($PARAM[hubid]))</visible>
            <include>Defs_OptionButton</include>
            <onclick>RunScript(script.skinshortcuts,type=shortcuts&amp;grouping=widget&amp;skinList=Widget.$PARAM[hubid]&amp;skinLabel=Widget.$PARAM[hubid].Label)</onclick>
        </control>
        <control type="button" id="$PARAM[buttonid1]" description="Set HUB">
            <width>100%</width>
            <label>31096</label>
            <visible>String.IsEqual(Window.Property(groupname),mainmenu)</visible>
            <include>Defs_OptionButton</include>
            <visible>String.IsEqual(Container(211).ListItem.Label2,Hub $PARAM[hubid]) | String.IsEqual(Container(211).ListItem.Property(Path),ActivateWindow($PARAM[hubid]))</visible>
            <onclick>RunScript(script.skinshortcuts,type=manage&amp;group=x$PARAM[hubid])</onclick>
        </control>
    </include>
    <variable name="Defs_HomeWidget_Content">
        <value condition="Player.HasVideo + Skin.HasSetting(background.showvideo)">noop</value>
        <value condition="String.IsEqual(Container(9000).ListItem.Property(widget),Weather) + !String.IsEmpty(Skin.String(weather.fanart.path))">$INFO[Skin.String(weather.fanart.path)]$INFO[Window(Weather).Property(Current.FanartCode)]$VAR[WeatherBackgroundTypeVar]</value>
        <value condition="!String.IsEmpty(Container(9000).ListItem.Property(widgetPath)) + !Skin.HasSetting(widgets.persistent)">$INFO[Container(9000).ListItem.Property(widgetPath)]</value>
        <value condition="!String.IsEmpty(Container(9000).ListItem.Property(Background))">noop</value>
        <value condition="[String.IsEqual(Skin.String(home.fallbackwidget.name),Weather) | String.IsEqual(Skin.String(home.fallbackwidget.node),Weather)] + !String.IsEmpty(Skin.String(weather.fanart.path))">$INFO[Skin.String(weather.fanart.path)]$INFO[Window(Weather).Property(Current.FanartCode)]$VAR[WeatherBackgroundTypeVar]</value>
        <value condition="!String.IsEmpty(Skin.String(home.fallbackwidget)) + String.IsEmpty(Container(9000).ListItem.Property(widgetName))">$INFO[Skin.String(home.fallbackwidget)]</value>
        <value condition="!String.IsEqual(Skin.String(home.fallbackwidget.name),None) + String.IsEmpty(Container(9000).ListItem.Property(widgetName))">special://skin/extras/playlists/RandomMovies.xsp</value>
    </variable>
    <variable name="Defs_HomeWidget_Target">
        <value condition="!String.IsEmpty(Container(9000).ListItem.Property(widgetTarget))">$INFO[Container(9000).ListItem.Property(widgetTarget)]</value>
        <value condition="!String.IsEmpty(Skin.String(home.fallbackwidget))">$INFO[Skin.String(home.fallbackwidget)]</value>
		<value>videos</value>
    </variable>	
    <variable name="Defs_Widget_Label">
        <value condition="String.IsEqual(Window.Property(groupname),mainmenu)">Widget</value>
        <value condition="String.Contains(Window.Property(groupname),x11)">$LOCALIZE[31097]</value>    
    </variable>
    <variable name="Defs_Widget_Label2">
        <value condition="String.IsEqual(Window.Property(groupname),mainmenu)">$VAR[Label_ShortcutsWidget]</value>
        <value condition="String.Contains(Window.Property(groupname),x11)">$INFO[Container(211).ListItem.Property(widgetName)]</value>
    </variable>
	<include name="KodiFlixButtonsValues">
		<height>25</height>
		<width>901</width>
		<textoffsetx>15</textoffsetx>
		<aligny>top</aligny>
		<font>Netflix</font>
		<textcolor>white</textcolor>
		<focusedcolor>white</focusedcolor>
		<onclick>noop</onclick>
	</include>
	<include name="ClearArtLeft">
		<left>pad</left>
		<bottom>66</bottom>
	</include>
	<include name="ClearArtRight">
		<right>pad</right>
		<bottom>66</bottom>
	</include>
	<include name="ClearArtLeft2">
		<left>pad</left>
		<bottom>16</bottom>
	</include>
	<include name="ClearArtRight2">
		<right>pad</right>
		<bottom>16</bottom>
	</include>	
	<include name="ClearArtCenter">
		<centerleft>50%</centerleft>
		<bottom>16</bottom>
	</include>
	<include name="FullscreenDimensions">
		<width>100%</width>
		<height>1080</height>
	</include>
	<include name="Defs_MediaFlagsColour">
		<width>98</width>
		<height>50</height>
		<aspectratio>scale</aspectratio>
		<fadetime>250</fadetime>
		<colordiffuse>white</colordiffuse>
		<animation effect="fade" time="200">VisibleChange</animation>
	</include>
	<include name="Defs_MediaFlagsWhite">
		<width>110</width>
		<height>50</height>
		<aspectratio>keep</aspectratio>
		<fadetime>250</fadetime>
		<colordiffuse>LineLabel</colordiffuse>
		<animation effect="fade" time="200">VisibleChange</animation>
	</include>
	<include name="Defs_PlayerFlagsColour">
		<width>88</width>
		<height>35</height>
		<aspectratio>scale</aspectratio>
		<fadetime>250</fadetime>
		<colordiffuse>white</colordiffuse>
		<animation effect="fade" time="200">VisibleChange</animation>
	</include>
	<include name="Defs_PlayerFlagsWhite">
		<width>98</width>
		<height>35</height>
		<aspectratio>keep</aspectratio>
		<fadetime>250</fadetime>
		<colordiffuse>LineLabel</colordiffuse>
		<animation effect="fade" time="200">VisibleChange</animation>
	</include>
	<include name="Defs_CompactPlayerFlagsColour">
		<width>90</width>
		<height>35</height>
		<aspectratio>scale</aspectratio>
		<fadetime>250</fadetime>
		<colordiffuse>white</colordiffuse>
		<animation effect="fade" time="200">VisibleChange</animation>
	</include>
	<include name="Defs_CompactPlayerFlagsWhite">
		<width>91</width>
		<height>35</height>
		<aspectratio>keep</aspectratio>
		<fadetime>250</fadetime>
		<colordiffuse>LineLabel</colordiffuse>
		<animation effect="fade" time="200">VisibleChange</animation>
	</include>
	<include name="Defs_FlagsMisc">
		<colordiffuse>LineLabel</colordiffuse>
		<animation effect="fade" time="200">VisibleChange</animation>
	</include>	
</includes>