<?xml version="1.0" encoding="UTF-8"?>
<window>
    <defaultcontrol>50</defaultcontrol>
    <menucontrol>9000</menucontrol>
    <views>50</views>
    <onunload>ClearProperty(SideBladeOpen)</onunload>
    <controls>
        <include>CommonBackground</include>
        <control type="image">
            <left>0</left>
            <top>150r</top>
            <width>1920</width>
            <height>150</height>
            <texture>floor.png</texture>
            <animation effect="fade" time="200" condition="Window.Previous(Home)">WindowOpen</animation>
            <animation effect="fade" time="200" condition="Window.Next(Home)">WindowClose</animation>
            <include condition="!String.IsEmpty(Skin.String(HomeTrans))">HomeTransparentEffect</include>
            <animation effect="fade" start="100" end="65" time="0" condition="String.IsEmpty(Skin.String(HomeTrans)) + Skin.String(HomeFloor,Transparent)">Conditional</animation>
            <visible>!String.IsEmpty(Skin.String(HomeFloor))</visible>
        </control>
        <control type="group">
            <include>Window_OpenClose_Animation</include>
            <control type="group">
                <include>VisibleFadeEffect</include>
                <control type="image">
                    <left>82</left>
                    <top>90</top>
                    <width>1755</width>
                    <height>900</height>
                    <texture border="15">$VAR[DialogPath]ContentPanel.png</texture>
                </control>
                <control type="image">
                    <left>82</left>
                    <top>978</top>
                    <width>1755</width>
                    <height>96</height>
                    <texture border="15">$VAR[DialogPath]ContentPanelMirror.png</texture>
                </control>
            </control>
        </control>
        <include>FloorReturnButtons</include>
        <include>PVRHeader</include>
        <control type="group">
            <include>Window_OpenClose_Animation</include>
            <description>Timers group</description>
            <visible>Control.IsVisible(50)</visible>
            <include>VisibleFadeEffect</include>
            <control type="group">
                <left>120</left>
                <top>90</top>
                <control type="label">
                    <description>Channel header label</description>
                    <left>75</left>
                    <top>30</top>
                    <width>330</width>
                    <height>30</height>
                    <font>font13_title</font>
                    <textcolor>white</textcolor>
                    <shadowcolor>black</shadowcolor>
                    <aligny>center</aligny>
                    <label>19029</label>
                </control>
                <control type="label">
                    <description>Title header label</description>
                    <left>360</left>
                    <top>30</top>
                    <width>300</width>
                    <height>30</height>
                    <font>font13_title</font>
                    <textcolor>white</textcolor>
                    <shadowcolor>black</shadowcolor>
                    <aligny>center</aligny>
                    <label>369</label>
                </control>
                <control type="label">
                    <description>Schedule Time header label</description>
                    <left>720</left>
                    <top>30</top>
                    <width>300</width>
                    <height>30</height>
                    <font>font13_title</font>
                    <textcolor>white</textcolor>
                    <shadowcolor>black</shadowcolor>
                    <aligny>center</aligny>
                    <label>31501</label>
                </control>
                <control type="label">
                    <description>Type header label</description>
                    <left>1155</left>
                    <top>30</top>
                    <width>225</width>
                    <height>30</height>
                    <font>font13_title</font>
                    <textcolor>white</textcolor>
                    <shadowcolor>black</shadowcolor>
                    <aligny>center</aligny>
                    <label>467</label>
                </control>
                <control type="label">
                    <description>Status header label</description>
                    <left>1470</left>
                    <top>30</top>
                    <width>225</width>
                    <height>30</height>
                    <font>font13_title</font>
                    <textcolor>white</textcolor>
                    <shadowcolor>black</shadowcolor>
                    <aligny>center</aligny>
                    <label>126</label>
                </control>
                <control type="image">
                    <description>separator image</description>
                    <left>0</left>
                    <top>75</top>
                    <width>1650</width>
                    <height>1</height>
                    <colordiffuse>88FFFFFF</colordiffuse>
                    <texture>separator2.png</texture>
                </control>
                <control type="list" id="50">
					<visible>$EXP[Exp_View_50]</visible>
                    <left>0</left>
                    <top>82</top>
                    <width>1650</width>
                    <height>495</height>
                    <onup>50</onup>
                    <ondown>50</ondown>
                    <onleft condition="Window.IsActive(TVTimers) | Window.IsActive(RadioTimers)">103</onleft>
                    <onleft condition="Window.IsActive(TVTimerRules) | Window.IsActive(RadioTimerRules)">105</onleft>
                    <onright>73</onright>
                    <pagecontrol>73</pagecontrol>
                    <scrolltime>200</scrolltime>
                    <itemlayout height="60">
                        <control type="image">
                            <left>0</left>
                            <top>0</top>
                            <width>1650</width>
                            <height>62</height>
                            <texture border="5">MenuItemNF.png</texture>
                        </control>
                        <control type="group">
                            <visible>String.IsEmpty(ListItem.Date)</visible>
                            <control type="label">
                                <left>75</left>
                                <top>0</top>
                                <width>225</width>
                                <height>60</height>
                                <font>font12</font>
                                <aligny>center</aligny>
                                <selectedcolor>selected</selectedcolor>
                                <info>ListItem.Label</info>
                            </control>
                        </control>
                        <control type="group">
                            <visible>!String.IsEmpty(ListItem.Date)</visible>
                            <control type="image">
                                <left>0</left>
                                <top>12</top>
                                <width>75</width>
                                <height>39</height>
                                <texture border="1">$INFO[ListItem.Icon]</texture>
                                <aspectratio>keep</aspectratio>
                            </control>
                            <control type="label">
                                <left>75</left>
                                <top>0</top>
                                <width>225</width>
                                <height>60</height>
                                <font>font12</font>
                                <aligny>center</aligny>
                                <selectedcolor>selected</selectedcolor>
                                <info>ListItem.ChannelName</info>
                            </control>
                            <control type="label">
                                <left>360</left>
                                <top>0</top>
                                <width>300</width>
                                <height>60</height>
                                <font>font12</font>
                                <aligny>center</aligny>
                                <selectedcolor>selected</selectedcolor>
                                <info>ListItem.Label</info>
                            </control>
                            <control type="label">
                                <left>720</left>
                                <top>0</top>
                                <width>375</width>
                                <height>60</height>
                                <font>font12</font>
                                <aligny>center</aligny>
                                <selectedcolor>selected</selectedcolor>
                                <info>ListItem.Date</info>
                            </control>
                            <control type="label">
                                <left>1155</left>
                                <top>0</top>
                                <width>270</width>
                                <height>60</height>
                                <font>font12</font>
                                <aligny>center</aligny>
                                <selectedcolor>selected</selectedcolor>
                                <info>ListItem.Timertype</info>
                            </control>
                            <control type="label">
                                <left>1470</left>
                                <top>0</top>
                                <width>225</width>
                                <height>60</height>
                                <font>font12</font>
                                <aligny>center</aligny>
                                <selectedcolor>selected</selectedcolor>
                                <info>ListItem.Comment</info>
                            </control>
                        </control>
                    </itemlayout>
                    <focusedlayout height="60">
                        <control type="image">
                            <left>0</left>
                            <top>0</top>
                            <width>1650</width>
                            <height>62</height>
                            <texture border="5" colordiffuse="$VAR[MainColorOne]">$VAR[SelectMenuItem]</texture>
                        </control>
                        <control type="image">
                            <left>0</left>
                            <top>0</top>
                            <width>1650</width>
                            <height>62</height>
                            <colordiffuse>33FFFFFF</colordiffuse>
                            <texture border="5" colordiffuse="$VAR[MainColorOne]">$VAR[SelectMenuItem]</texture>
                            <visible>Control.HasFocus(50)</visible>
                        </control>
                        <control type="group">
                            <visible>String.IsEmpty(ListItem.Date)</visible>
                            <control type="label">
                                <left>75</left>
                                <top>0</top>
                                <width>225</width>
                                <height>60</height>
                                <font>font12</font>
                                <aligny>center</aligny>
                                <selectedcolor>selected</selectedcolor>
                                <info>ListItem.Label</info>
                            </control>
                        </control>
                        <control type="group">
                            <visible>!String.IsEmpty(ListItem.Date)</visible>
                            <control type="image">
                                <left>0</left>
                                <top>12</top>
                                <width>75</width>
                                <height>39</height>
                                <texture border="1">$INFO[ListItem.Icon]</texture>
                                <aspectratio>keep</aspectratio>
                            </control>
                            <control type="label">
                                <left>75</left>
                                <top>0</top>
                                <width>225</width>
                                <height>60</height>
                                <font>font12</font>
                                <aligny>center</aligny>
                                <selectedcolor>selected</selectedcolor>
                                <info>ListItem.ChannelName</info>
                            </control>
                            <control type="label">
                                <left>360</left>
                                <top>0</top>
                                <width>300</width>
                                <height>60</height>
                                <font>font12</font>
                                <aligny>center</aligny>
                                <selectedcolor>selected</selectedcolor>
                                <info>ListItem.Label</info>
                            </control>
                            <control type="label">
                                <left>720</left>
                                <top>0</top>
                                <width>375</width>
                                <height>60</height>
                                <font>font12</font>
                                <aligny>center</aligny>
                                <selectedcolor>selected</selectedcolor>
                                <info>ListItem.Date</info>
                            </control>
                            <control type="label">
                                <left>1155</left>
                                <top>0</top>
                                <width>270</width>
                                <height>60</height>
                                <font>font12</font>
                                <aligny>center</aligny>
                                <selectedcolor>selected</selectedcolor>
                                <info>ListItem.Timertype</info>
                            </control>
                            <control type="label">
                                <left>1470</left>
                                <top>0</top>
                                <width>225</width>
                                <height>60</height>
                                <font>font12</font>
                                <aligny>center</aligny>
                                <selectedcolor>selected</selectedcolor>
                                <info>ListItem.Comment</info>
                            </control>
                        </control>
                    </focusedlayout>
                </control>
                <control type="scrollbar" id="73">
                    <left>1658</left>
                    <top>75</top>
                    <width>38</width>
                    <height>495</height>
                    <texturesliderbackground border="0,14,0,14">ScrollBarV.png</texturesliderbackground>
                    <texturesliderbar border="0,14,0,14">ScrollBarV_bar.png</texturesliderbar>
                    <texturesliderbarfocus border="0,14,0,14" colordiffuse="$VAR[MainColorOne]">ScrollBarV_bar_focus.png</texturesliderbarfocus>
                    <textureslidernib colordiffuse="$VAR[MainColorOne]">ScrollBarNib.png</textureslidernib>
                    <textureslidernibfocus colordiffuse="$VAR[MainColorOne]">ScrollBarNib.png</textureslidernibfocus>
                    <onleft>50</onleft>
                    <onright condition="Window.IsActive(TVTimers) | Window.IsActive(RadioTimers)">800</onright>
                    <onright condition="Window.IsActive(TVTimerRules) | Window.IsActive(RadioTimerRules)">105</onright>
                    <showonepage>false</showonepage>
                    <orientation>vertical</orientation>
                </control>
                <control type="image">
                    <description>separator image</description>
                    <left>0</left>
                    <top>585</top>
                    <width>1650</width>
                    <height>1</height>
                    <colordiffuse>88FFFFFF</colordiffuse>
                    <texture>separator2.png</texture>
                </control>
                <control type="group">
                    <visible>!ListItem.HasEPG</visible>
                    <left>0</left>
                    <top>600</top>
                    <control type="label">
                        <left>0</left>
                        <top>0</top>
                        <width>1650</width>
                        <height>30</height>
                        <label>$LOCALIZE[19055]</label>
                        <font>font13</font>
                        <textcolor>white</textcolor>
                        <align>center</align>
                    </control>
                </control>
                <control type="group">
                    <visible>ListItem.HasEPG</visible>
                    <left>0</left>
                    <top>600</top>
                    <control type="image">
                        <left>93</left>
                        <top>9</top>
                        <width>195</width>
                        <height>195</height>
                        <texture background="true">$INFO[ListItem.Icon]</texture>
                        <aspectratio align="center" aligny="center">keep</aspectratio>
                    </control>
                    <control type="label">
                        <left>420</left>
                        <top>0</top>
                        <width>1200</width>
                        <height>30</height>
                        <label>[B]$INFO[ListItem.EpgEventTitle]$INFO[ListItem.EpisodeName, (,)][/B]</label>
                        <font>font13</font>
                        <textcolor>white</textcolor>
                        <scroll>true</scroll>
                    </control>
                    <control type="label">
                        <left>420</left>
                        <top>38</top>
                        <width>1200</width>
                        <height>30</height>
                        <label>$INFO[ListItem.StartTime]$INFO[ListItem.EndTime, - ]$INFO[ListItem.Season, • $LOCALIZE[20373] ]$INFO[ListItem.Episode, • $LOCALIZE[20359] ]$INFO[ListItem.Genre, • ]</label>
                        <font>font12</font>
                        <textcolor>grey</textcolor>
                    </control>
                    <control type="textbox">
                        <description>Plot value</description>
                        <left>420</left>
                        <top>86</top>
                        <width>1200</width>
                        <height>94</height>
                        <font>font12</font>
                        <align>justify</align>
                        <textcolor>grey</textcolor>
                        <include condition="Skin.HasSetting(AutoScroll) + !Skin.HasSetting(AutoScroll.Slow)">StandardAutoScroll</include>
					    <include condition="Skin.HasSetting(AutoScroll) + Skin.HasSetting(AutoScroll.Slow)">SlowerAutoScroll</include>
                        <label>$INFO[ListItem.Plot]</label>
                    </control>
                </control>
                <control type="image">
                    <description>separator image</description>
                    <left>0</left>
                    <top>810</top>
                    <width>1650</width>
                    <height>1</height>
                    <colordiffuse>88FFFFFF</colordiffuse>
                    <texture>separator2.png</texture>
                </control>
                <control type="label">
                    <description>Next timer date</description>
                    <left>82</left>
                    <top>818</top>
                    <width>1515</width>
                    <height>45</height>
                    <font>font13</font>
                    <align>center</align>
                    <aligny>center</aligny>
                    <scroll>true</scroll>
                    <textcolor>white</textcolor>
                    <label>$INFO[PVR.NextTimer]</label>
                    <visible>PVR.HasTimer</visible>
                </control>
            </control>
            <control type="label">
                <depth>DepthFooter</depth>
                <animation effect="slide" start="0,0" end="-135,0" time="0" condition="system.getbool(input.enablemouse)">Conditional</animation>
                <description>Page Count Label for Timer Rules</description>
                <right>60</right>
                <top>80r</top>
                <width>750</width>
                <height>30</height>
                <font>font12</font>
                <textcolor>grey</textcolor>
                <scroll>false</scroll>
                <align>right</align>
                <aligny>center</aligny>
                <label>([COLOR=$VAR[MainColorOne]]$INFO[Container(50).NumItems][/COLOR]) $LOCALIZE[19138] - $LOCALIZE[31024] ([COLOR=$VAR[MainColorOne]]$INFO[Container(50).CurrentPage]/$INFO[Container(50).NumPages][/COLOR])</label>
                <visible>Window.IsActive(TVTimerRules) | Window.IsActive(RadioTimerRules)</visible>
                <include>Window_OpenClose_Animation</include>
            </control>
            <control type="label">
                <depth>DepthFooter</depth>
                <animation effect="slide" start="0,0" end="-135,0" time="0" condition="system.getbool(input.enablemouse)">Conditional</animation>
                <description>Page Count Label for Timers</description>
                <right>60</right>
                <top>80r</top>
                <width>750</width>
                <height>30</height>
                <font>font12</font>
                <textcolor>grey</textcolor>
                <scroll>false</scroll>
                <align>right</align>
                <aligny>center</aligny>
                <label>([COLOR=$VAR[MainColorOne]]$INFO[Container(50).NumItems][/COLOR]) $LOCALIZE[19040] - $LOCALIZE[31024] ([COLOR=$VAR[MainColorOne]]$INFO[Container(50).CurrentPage]/$INFO[Container(50).NumPages][/COLOR])</label>
                <visible>Window.IsActive(TVTimers) | Window.IsActive(RadioTimers)</visible>
                <include>Window_OpenClose_Animation</include>
            </control>
        </control>
        <control type="group">
            <depth>DepthFooter</depth>
            <include>CommonNowPlaying</include>
        </control>
        <include>BehindDialogFadeOut</include>
        <include>ScrollOffsetLabel</include>
        <control type="image">
            <left>0</left>
            <top>0</top>
            <width>1920</width>
            <height>1080</height>
            <texture>black-back.png</texture>
            <animation effect="fade" time="300">Visible</animation>
            <animation effect="fade" time="150">Hidden</animation>
            <visible>Window.IsActive(FileBrowser) | Window.IsActive(PVRGuideInfo) | Window.IsActive(PVRRecordingInfo) | Window.IsActive(PVRTimerSetting) | Window.IsActive(PVRGroupManager) | Window.IsActive(PVRGuideSearch)</visible>
        </control>
        <include>PVRSideBlade</include>
    </controls>
</window>
