{
    "Install And Authorize Addons": {
        "icon": "https://techwiser.com/wp-content/uploads/2020/09/trakt-logo.png",
        "items": [
            {
                "name": "- Install The Supported Addons You Use Here",
                "items": [
            {
                "name": "Install FEN Light (DEBRID ONLY)",
                "url": "installaddon(plugin.video.fenlight)"
            },			
            {
                "name": "Install Seren (DEBRID ONLY)",
                "url": "installaddon(plugin.video.seren)"
            },
            {
                "name": "Install Umbrella (DEBRID ONLY)",
                "url": "installaddon(plugin.video.umbrella)"
            },
            {
                "name": "Install POV (DEBRID ONLY)",
                "url": "installaddon(plugin.video.pov)"
            },
            {
                "name": "Install Dradis (DEBRID ONLY)",
                "url": "installaddon(plugin.video.dradis)"
            },						
            {
                "name": "Install The Crew (Debrid ONLY)",
                "url": "installaddon(plugin.video.thecrew)"
            },
            {
                "name": "Install Diggz Free99 (FREE)",
                "url": "installaddon(plugin.video.free99)"
            },
            {
                "name": "Install Elementum (Free Torrents- VPN Required!!)",
                "url": "installaddon(plugin.video.elementum)"
            }
                ]
            },
            {
                "name": "- Use Debrid Manager to Authorize Debrid Addons",
                "items": [
                    {
                        "name": "Open Debrid Manager",
                        "url": "Addon.OpenSettings(script.module.debridmgr)"
                    }
                ]
            },
            {
                "name": "- Authorize Trakt Accounts",
                "items": [
            {
                "name": "TMDBH Trakt",
                "url": "RunScript(plugin.video.themoviedb.helper,authenticate_trakt)"
            },		
            {
                "name": "Fen Light AM Trakt",
                "url": "RunPlugin(plugin://plugin.video.fenlight/?mode=open_settings)"
            },			
            {
                "name": "Seren Trakt",
                "url": "RunPlugin(plugin://plugin.video.seren/?action=authTrakt)"
            },
            {
                "name": "Umbrella Trakt",
                "url": "RunPlugin(plugin://plugin.video.umbrella/?action=traktAuth)"
            },
            {
                "name": "POV Trakt",
                "url": "RunPlugin(plugin://plugin.video.pov/?mode=myservices)"
            },						
            {
                "name": "The Crew Trakt",
                "url": "RunPlugin(plugin://plugin.video.thecrew/?action=authTrakt)"
            },
            {
                "name": "Everstream Trakt (FREE)",
                "url": "RunPlugin(plugin://plugin.video.everstream/?action=authTrakt)"
            },
            {
                "name": "Diggz Free99 Trakt",
                "url": "Addon.OpenSettings(plugin.video.fre99)"
            },
            {
                "name": "Elementum Trakt",
                "url": "Addon.OpenSettings(plugin.video.elementum)"
            },
            {
                "name": "Kodi Trakt Addon",
                "url": "RunScript(script.trakt,action=auth_info)"
            }			
                ]
            }
        ]
    }
}