<?xml version="1.0" encoding="utf-8"?>
<window type="dialog" id="5004">
    <defaultcontrol always="true">8001</defaultcontrol>
    <controls>
        <include>CommonBackground</include>
        <include content="CommonWindowHeader">
            <param name="Icon" value="icon_system" />
            <param name="Label" value="$LOCALIZE[20077]" />
        </include>
        <control type="group">
            <left>-30</left>
            <top>350</top>
            <control type="image">
                <left>395</left>
                <top>8</top>
                <width>1200</width>
                <height>345</height>
                <texture border="105">$VAR[DialogPath]ContentPanel.png</texture>
                <include condition="!String.IsEmpty(Skin.String(MediaPanelTrans))">TransparentEffect</include>
            </control>
            <control type="list" id="9000">
                <left>15</left>
                <top>135</top>
                <width>390</width>
                <height>842</height>
                <onleft>9010</onleft>
                <onright>9010</onright>
                <onup>9010</onup>
                <ondown>9010</ondown>
                <pagecontrol></pagecontrol>
                <scrolltime>300</scrolltime>
                <itemlayout height="105" width="390">
                </itemlayout>
                <focusedlayout height="105" width="390">
                </focusedlayout>
                <content>
                    <item id="2">
                        <label>Disable Menus</label>
                    </item>
                </content>
            </control>
            <control type="image">
                <left>404</left>
                <top>15</top>
                <width>1181</width>
                <height>78</height>
                <texture>$VAR[DialogPath]dialogheader.png</texture>
            </control>
            <control type="label">
                <description>header label</description>
                <left>450</left>
                <top>30</top>
                <width>1089</width>
                <height>45</height>
                <font>font16</font>
                <label>XENON - Disable Main Menus</label>
                <align>center</align>
                <aligny>center</aligny>
                <textcolor>white</textcolor>
                <shadowcolor>black</shadowcolor>
            </control>
            <control type="group" id="9010">
                <defaultcontrol>8001</defaultcontrol>
                <control type="group">
                    <visible>Container(9000).Hasfocus(1)</visible>
                    <left>435</left>
                    <top>95</top>
                    <width>1125</width>
                    <height>795</height>
                    <control type="list" id="9001">
                        <include content="SkinSettingsSubMenuList">
                            <param name="Control">9001</param>
                            <param name="Right">9101</param>
                            <param name="Label">$LOCALIZE[31336]$LOCALIZE[31156]</param>
                        </include>
                        <content>
                            <item id="1">
                                <label>$LOCALIZE[31337]</label>
                            </item>
                            <item id="2">
                                <label>$LOCALIZE[31101]</label>
                            </item>
                            <item id="3">
                                <label>$LOCALIZE[31388]</label>
                            </item>
                            <item id="4">
                                <label>$LOCALIZE[31386]</label>
                            </item>
                            <item id="5">
                                <label>$LOCALIZE[31387]</label>
                            </item>
                            <item id="6">
                                <label>$LOCALIZE[31080]</label>
                            </item>
                        </content>
                    </control>
                    <include content="SkinSettingsSubMenuButtons">
                        <param name="Id">9199</param>
                        <param name="Control">9001</param>
                        <param name="Up">9101</param>
                        <param name="Down">9101</param>
                    </include>
                    <control type="group">
                        <left>0</left>
                        <top>75</top>
                        <control type="grouplist" id="9101">
                            <visible>Container(9001).HasFocus(1)</visible>
                            <onleft>9000</onleft>
                            <onright>2061</onright>
                            <onup>9199</onup>
                            <ondown>9199</ondown>
                            <width>1125</width>
                            <height>720</height>
                            <itemgap>-1</itemgap>
                            <pagecontrol>2061</pagecontrol>
							<control type="radiobutton" id="100">
                                <description>Global Background</description>
                                <width>1125</width>
                                <height>60</height>
                                <font>font13</font>
                                <textcolor>grey2</textcolor>
                                <focusedcolor>white</focusedcolor>
                                <label>$LOCALIZE[31403]</label>
                                <include>MenuButton</include>
                                <onclick>Skin.ToggleSetting(SingleGlobalBackground)</onclick>
                                <selected>Skin.HasSetting(SingleGlobalBackground)</selected>
                            </control>
                        </control>
                    </control>
                </control>
                <control type="group">
                    <visible>Container(9000).Hasfocus(2)</visible>
                    <left>435</left>
                    <top>95</top>
                    <width>1125</width>
                    <height>795</height>
                    <control type="list" id="9002">
                        <include content="SkinSettingsSubMenuList">
                            <param name="Control">9002</param>
                            <param name="Right">9201</param>
                            <param name="Label">$LOCALIZE[31336]$LOCALIZE[31156]</param>
                        </include>
                        <content>
                            <item id="1">
                                <label>$LOCALIZE[31290] - 1</label>
                            </item>
                            <item id="2">
                                <label>$LOCALIZE[31290] - 2</label>
                            </item>
                            <item id="3">
                                <label>$LOCALIZE[31290] - 3</label>
                            </item>
                            <item id="4">
                                <label>$LOCALIZE[31290] - 4</label>
                            </item>
                            <item id="5">
                                <label>$LOCALIZE[31290] - 5</label>
                            </item>
                            <item id="6">
                                <label>$LOCALIZE[31290] - 6</label>
                            </item>
                            <item id="7">
                                <label>$LOCALIZE[31290] - 7</label>
                            </item>
                            <item id="8">
                                <label>$LOCALIZE[31290] - 8</label>
                            </item>
                            <item id="9">
                                <label>$LOCALIZE[31290] - 9</label>
                            </item>
                            <item id="10">
                                <label>$LOCALIZE[31290] - 10</label>
                            </item>
                            <item id="11">
                                <label>$LOCALIZE[31290] - 11</label>
                            </item>
                            <item id="12">
                                <label>$LOCALIZE[31290] - 12</label>
                            </item>
                            <item id="13">
                                <label>$LOCALIZE[31290] - 13</label>
                            </item>
                            <item id="14">
                                <label>$LOCALIZE[31290] - 14</label>
                            </item>
                            <item id="15">
                                <label>$LOCALIZE[31290] - 15</label>
                            </item>
                        </content>
                    </control>
                    <include content="SkinSettingsSubMenuButtons">
                        <param name="Id">9299</param>
                        <param name="Control">9002</param>
                        <param name="Up">9201</param>
                        <param name="Down">9201</param>
                    </include>
                    <control type="group">
                        <left>0</left>
                        <top>75</top>
                        <control type="grouplist" id="9201">
                            <visible>Container(9002).HasFocus(1)</visible>
                            <onleft>9000</onleft>
                            <onright>2161</onright>
                            <onup>9299</onup>
                            <ondown>9299</ondown>
                            <width>1125</width>
                            <height>720</height>
                            <itemgap>-1</itemgap>
                            <pagecontrol>2161</pagecontrol>
                            <control type="button" id="1200">
                                <width>1125</width>
                                <height>60</height>
                                <font>font13</font>
                                <label>[B]$LOCALIZE[31290] - 1[/B]</label>
                                <label2>[COLOR=selected]$INFO[Skin.String(HomeItem.1.Label)][/COLOR]</label2>
                                <textcolor>$VAR[MainColorOne]</textcolor>
                                <focusedcolor>white</focusedcolor>
                                <include>MenuButton</include>
                            </control>
                            <control type="radiobutton" id="1208">
                                <width>1125</width>
                                <height>60</height>
                                <font>font13</font>
                                <align>left</align>
                                <label> - [COLOR chartreuse]Disable This Menu[/COLOR]</label>
                                <textcolor>grey2</textcolor>
                                <focusedcolor>white</focusedcolor>
                                <include>MenuButton</include>
                                <onclick>Skin.ToggleSetting(HomeItem.1.Master)</onclick>
                                <selected>Skin.HasSetting(HomeItem.1.Master)</selected>
                                <visible>!String.IsEmpty(Skin.String(HomeItem.1.Label))</visible>
                            </control>
                        </control>
                        <control type="scrollbar" id="2161">
                            <left>1155</left>
                            <top>0</top>
                            <width>38</width>
                            <height>720</height>
                            <texturesliderbackground border="0,14,0,14">ScrollBarV.png</texturesliderbackground>
                            <texturesliderbar border="0,14,0,14">ScrollBarV_bar.png</texturesliderbar>
                            <texturesliderbarfocus border="0,14,0,14" colordiffuse="$VAR[MainColorOne]">ScrollBarV_bar_focus.png</texturesliderbarfocus>
                            <textureslidernib colordiffuse="$VAR[MainColorOne]">ScrollBarNib.png</textureslidernib>
                            <textureslidernibfocus colordiffuse="$VAR[MainColorOne]">ScrollBarNib.png</textureslidernibfocus>
                            <onleft>9201</onleft>
                            <onright>800</onright>
                            <showonepage>false</showonepage>
                            <orientation>vertical</orientation>
                            <visible>Container(9002).HasFocus(1)</visible>
                        </control>
                        <control type="grouplist" id="9201">
                            <visible>Container(9002).HasFocus(2)</visible>
                            <onleft>9000</onleft>
                            <onright>2162</onright>
                            <onup>9299</onup>
                            <ondown>9299</ondown>
                            <width>1125</width>
                            <height>720</height>
                            <itemgap>-1</itemgap>
                            <pagecontrol>2162</pagecontrol>
                            <control type="button" id="1210">
                                <width>1125</width>
                                <height>60</height>
                                <font>font13</font>
                                <label>[B]$LOCALIZE[31290] - 2[/B]</label>
                                <label2>[COLOR=selected]$INFO[Skin.String(HomeItem.2.Label)][/COLOR]</label2>
                                <textcolor>$VAR[MainColorOne]</textcolor>
                                <focusedcolor>white</focusedcolor>
                                <include>MenuButton</include>
                            </control>
                            <control type="radiobutton" id="1218">
                                <width>1125</width>
                                <height>60</height>
                                <font>font13</font>
                                <align>left</align>
                                <label> - [COLOR chartreuse]Disable This Menu[/COLOR]</label>
                                <textcolor>grey2</textcolor>
                                <focusedcolor>white</focusedcolor>
                                <include>MenuButton</include>
                                <onclick>Skin.ToggleSetting(HomeItem.2.Master)</onclick>
                                <selected>Skin.HasSetting(HomeItem.2.Master)</selected>
                                <visible>!String.IsEmpty(Skin.String(HomeItem.2.Label))</visible>
                            </control>
                        </control>
                        <control type="scrollbar" id="2162">
                            <left>1155</left>
                            <top>0</top>
                            <width>38</width>
                            <height>720</height>
                            <texturesliderbackground border="0,14,0,14">ScrollBarV.png</texturesliderbackground>
                            <texturesliderbar border="0,14,0,14">ScrollBarV_bar.png</texturesliderbar>
                            <texturesliderbarfocus border="0,14,0,14" colordiffuse="$VAR[MainColorOne]">ScrollBarV_bar_focus.png</texturesliderbarfocus>
                            <textureslidernib colordiffuse="$VAR[MainColorOne]">ScrollBarNib.png</textureslidernib>
                            <textureslidernibfocus colordiffuse="$VAR[MainColorOne]">ScrollBarNib.png</textureslidernibfocus>
                            <onleft>9201</onleft>
                            <onright>800</onright>
                            <showonepage>false</showonepage>
                            <orientation>vertical</orientation>
                            <visible>Container(9002).HasFocus(2)</visible>
                        </control>
                        <control type="grouplist" id="9201">
                            <visible>Container(9002).HasFocus(3)</visible>
                            <onleft>9000</onleft>
                            <onright>2163</onright>
                            <onup>9299</onup>
                            <ondown>9299</ondown>
                            <width>1125</width>
                            <height>720</height>
                            <itemgap>-1</itemgap>
                            <pagecontrol>2163</pagecontrol>
                            <control type="button" id="1220">
                                <width>1125</width>
                                <height>60</height>
                                <font>font13</font>
                                <label>[B]$LOCALIZE[31290] - 3[/B]</label>
                                <label2>[COLOR=selected]$INFO[Skin.String(HomeItem.3.Label)][/COLOR]</label2>
                                <textcolor>$VAR[MainColorOne]</textcolor>
                                <focusedcolor>white</focusedcolor>
                                <include>MenuButton</include>
                            </control>
                            <control type="radiobutton" id="1228">
                                <width>1125</width>
                                <height>60</height>
                                <font>font13</font>
                                <align>left</align>
                                <label> - [COLOR chartreuse]Disable This Menu[/COLOR]</label>
                                <textcolor>grey2</textcolor>
                                <focusedcolor>white</focusedcolor>
                                <include>MenuButton</include>
                                <onclick>Skin.ToggleSetting(HomeItem.3.Master)</onclick>
                                <selected>Skin.HasSetting(HomeItem.3.Master)</selected>
                                <visible>!String.IsEmpty(Skin.String(HomeItem.3.Label))</visible>
                            </control>
                        </control>
                        <control type="scrollbar" id="2163">
                            <left>1155</left>
                            <top>0</top>
                            <width>38</width>
                            <height>720</height>
                            <texturesliderbackground border="0,14,0,14">ScrollBarV.png</texturesliderbackground>
                            <texturesliderbar border="0,14,0,14">ScrollBarV_bar.png</texturesliderbar>
                            <texturesliderbarfocus border="0,14,0,14" colordiffuse="$VAR[MainColorOne]">ScrollBarV_bar_focus.png</texturesliderbarfocus>
                            <textureslidernib colordiffuse="$VAR[MainColorOne]">ScrollBarNib.png</textureslidernib>
                            <textureslidernibfocus colordiffuse="$VAR[MainColorOne]">ScrollBarNib.png</textureslidernibfocus>
                            <onleft>9201</onleft>
                            <onright>800</onright>
                            <showonepage>false</showonepage>
                            <orientation>vertical</orientation>
                            <visible>Container(9002).HasFocus(3)</visible>
                        </control>
                        <control type="grouplist" id="9201">
                            <visible>Container(9002).HasFocus(4)</visible>
                            <onleft>9000</onleft>
                            <onright>2164</onright>
                            <onup>9299</onup>
                            <ondown>9299</ondown>
                            <width>1125</width>
                            <height>720</height>
                            <itemgap>-1</itemgap>
                            <pagecontrol>2164</pagecontrol>
                            <control type="button" id="1230">
                                <width>1125</width>
                                <height>60</height>
                                <font>font13</font>
                                <label>[B]$LOCALIZE[31290] - 4[/B]</label>
                                <label2>[COLOR=selected]$INFO[Skin.String(HomeItem.4.Label)][/COLOR]</label2>
                                <textcolor>$VAR[MainColorOne]</textcolor>
                                <focusedcolor>white</focusedcolor>
                                <include>MenuButton</include>
                            </control>
                            <control type="radiobutton" id="1238">
                                <width>1125</width>
                                <height>60</height>
                                <font>font13</font>
                                <align>left</align>
                                <label> - [COLOR chartreuse]Disable This Menu[/COLOR]</label>
                                <textcolor>grey2</textcolor>
                                <focusedcolor>white</focusedcolor>
                                <include>MenuButton</include>
                                <onclick>Skin.ToggleSetting(HomeItem.4.Master)</onclick>
                                <selected>Skin.HasSetting(HomeItem.4.Master)</selected>
                                <visible>!String.IsEmpty(Skin.String(HomeItem.4.Label))</visible>
                            </control>
                        </control>
                        <control type="scrollbar" id="2164">
                            <left>1155</left>
                            <top>0</top>
                            <width>38</width>
                            <height>720</height>
                            <texturesliderbackground border="0,14,0,14">ScrollBarV.png</texturesliderbackground>
                            <texturesliderbar border="0,14,0,14">ScrollBarV_bar.png</texturesliderbar>
                            <texturesliderbarfocus border="0,14,0,14" colordiffuse="$VAR[MainColorOne]">ScrollBarV_bar_focus.png</texturesliderbarfocus>
                            <textureslidernib colordiffuse="$VAR[MainColorOne]">ScrollBarNib.png</textureslidernib>
                            <textureslidernibfocus colordiffuse="$VAR[MainColorOne]">ScrollBarNib.png</textureslidernibfocus>
                            <onleft>9201</onleft>
                            <onright>800</onright>
                            <showonepage>false</showonepage>
                            <orientation>vertical</orientation>
                            <visible>Container(9002).HasFocus(4)</visible>
                        </control>
                        <control type="grouplist" id="9201">
                            <visible>Container(9002).HasFocus(5)</visible>
                            <onleft>9000</onleft>
                            <onright>2165</onright>
                            <onup>9299</onup>
                            <ondown>9299</ondown>
                            <width>1125</width>
                            <height>720</height>
                            <itemgap>-1</itemgap>
                            <pagecontrol>2165</pagecontrol>
                            <control type="button" id="1240">
                                <width>1125</width>
                                <height>60</height>
                                <font>font13</font>
                                <label>[B]$LOCALIZE[31290] - 5[/B]</label>
                                <label2>[COLOR=selected]$INFO[Skin.String(HomeItem.5.Label)][/COLOR]</label2>
                                <textcolor>$VAR[MainColorOne]</textcolor>
                                <focusedcolor>white</focusedcolor>
                                <include>MenuButton</include>
                            </control>
                            <control type="radiobutton" id="1248">
                                <width>1125</width>
                                <height>60</height>
                                <font>font13</font>
                                <align>left</align>
                                <label> - [COLOR chartreuse]Disable This Menu[/COLOR]</label>
                                <textcolor>grey2</textcolor>
                                <focusedcolor>white</focusedcolor>
                                <include>MenuButton</include>
                                <onclick>Skin.ToggleSetting(HomeItem.5.Master)</onclick>
                                <selected>Skin.HasSetting(HomeItem.5.Master)</selected>
                                <visible>!String.IsEmpty(Skin.String(HomeItem.5.Label))</visible>
                            </control>
                        </control>
                        <control type="scrollbar" id="2165">
                            <left>1155</left>
                            <top>0</top>
                            <width>38</width>
                            <height>720</height>
                            <texturesliderbackground border="0,14,0,14">ScrollBarV.png</texturesliderbackground>
                            <texturesliderbar border="0,14,0,14">ScrollBarV_bar.png</texturesliderbar>
                            <texturesliderbarfocus border="0,14,0,14" colordiffuse="$VAR[MainColorOne]">ScrollBarV_bar_focus.png</texturesliderbarfocus>
                            <textureslidernib colordiffuse="$VAR[MainColorOne]">ScrollBarNib.png</textureslidernib>
                            <textureslidernibfocus colordiffuse="$VAR[MainColorOne]">ScrollBarNib.png</textureslidernibfocus>
                            <onleft>9201</onleft>
                            <onright>800</onright>
                            <showonepage>false</showonepage>
                            <orientation>vertical</orientation>
                            <visible>Container(9002).HasFocus(5)</visible>
                        </control>
                        <control type="grouplist" id="9201">
                            <visible>Container(9002).HasFocus(6)</visible>
                            <onleft>9000</onleft>
                            <onright>2166</onright>
                            <onup>9299</onup>
                            <ondown>9299</ondown>
                            <width>1125</width>
                            <height>720</height>
                            <itemgap>-1</itemgap>
                            <pagecontrol>2166</pagecontrol>
                            <control type="button" id="1250">
                                <width>1125</width>
                                <height>60</height>
                                <font>font13</font>
                                <label>[B]$LOCALIZE[31290] - 6[/B]</label>
                                <label2>[COLOR=selected]$INFO[Skin.String(HomeItem.6.Label)][/COLOR]</label2>
                                <textcolor>$VAR[MainColorOne]</textcolor>
                                <focusedcolor>white</focusedcolor>
                                <include>MenuButton</include>
                            </control>
                            <control type="radiobutton" id="1258">
                                <width>1125</width>
                                <height>60</height>
                                <font>font13</font>
                                <align>left</align>
                                <label> - [COLOR chartreuse]Disable This Menu[/COLOR]</label>
                                <textcolor>grey2</textcolor>
                                <focusedcolor>white</focusedcolor>
                                <include>MenuButton</include>
                                <onclick>Skin.ToggleSetting(HomeItem.6.Master)</onclick>
                                <selected>Skin.HasSetting(HomeItem.6.Master)</selected>
                                <visible>!String.IsEmpty(Skin.String(HomeItem.6.Label))</visible>
                            </control>
                        </control>
                        <control type="scrollbar" id="2166">
                            <left>1155</left>
                            <top>0</top>
                            <width>38</width>
                            <height>720</height>
                            <texturesliderbackground border="0,14,0,14">ScrollBarV.png</texturesliderbackground>
                            <texturesliderbar border="0,14,0,14">ScrollBarV_bar.png</texturesliderbar>
                            <texturesliderbarfocus border="0,14,0,14" colordiffuse="$VAR[MainColorOne]">ScrollBarV_bar_focus.png</texturesliderbarfocus>
                            <textureslidernib colordiffuse="$VAR[MainColorOne]">ScrollBarNib.png</textureslidernib>
                            <textureslidernibfocus colordiffuse="$VAR[MainColorOne]">ScrollBarNib.png</textureslidernibfocus>
                            <onleft>9201</onleft>
                            <onright>800</onright>
                            <showonepage>false</showonepage>
                            <orientation>vertical</orientation>
                            <visible>Container(9002).HasFocus(6)</visible>
                        </control>
                        <control type="grouplist" id="9201">
                            <visible>Container(9002).HasFocus(7)</visible>
                            <onleft>9000</onleft>
                            <onright>2167</onright>
                            <onup>9299</onup>
                            <ondown>9299</ondown>
                            <width>1125</width>
                            <height>720</height>
                            <itemgap>-1</itemgap>
                            <pagecontrol>2167</pagecontrol>
                            <control type="button" id="1260">
                                <width>1125</width>
                                <height>60</height>
                                <font>font13</font>
                                <label>[B]$LOCALIZE[31290] - 7[/B]</label>
                                <label2>[COLOR=selected]$INFO[Skin.String(HomeItem.7.Label)][/COLOR]</label2>
                                <textcolor>$VAR[MainColorOne]</textcolor>
                                <focusedcolor>white</focusedcolor>
                                <include>MenuButton</include>
                            </control>
                            <control type="radiobutton" id="1268">
                                <width>1125</width>
                                <height>60</height>
                                <font>font13</font>
                                <align>left</align>
                                <label> - [COLOR chartreuse]Disable This Menu[/COLOR]</label>
                                <textcolor>grey2</textcolor>
                                <focusedcolor>white</focusedcolor>
                                <include>MenuButton</include>
                                <onclick>Skin.ToggleSetting(HomeItem.7.Master)</onclick>
                                <selected>Skin.HasSetting(HomeItem.7.Master)</selected>
                                <visible>!String.IsEmpty(Skin.String(HomeItem.7.Label))</visible>
                            </control>
                        </control>
                        <control type="scrollbar" id="2167">
                            <left>1155</left>
                            <top>0</top>
                            <width>38</width>
                            <height>720</height>
                            <texturesliderbackground border="0,14,0,14">ScrollBarV.png</texturesliderbackground>
                            <texturesliderbar border="0,14,0,14">ScrollBarV_bar.png</texturesliderbar>
                            <texturesliderbarfocus border="0,14,0,14" colordiffuse="$VAR[MainColorOne]">ScrollBarV_bar_focus.png</texturesliderbarfocus>
                            <textureslidernib colordiffuse="$VAR[MainColorOne]">ScrollBarNib.png</textureslidernib>
                            <textureslidernibfocus colordiffuse="$VAR[MainColorOne]">ScrollBarNib.png</textureslidernibfocus>
                            <onleft>9201</onleft>
                            <onright>800</onright>
                            <showonepage>false</showonepage>
                            <orientation>vertical</orientation>
                            <visible>Container(9002).HasFocus(7)</visible>
                        </control>
                        <control type="grouplist" id="9201">
                            <visible>Container(9002).HasFocus(8)</visible>
                            <onleft>9000</onleft>
                            <onright>2168</onright>
                            <onup>9299</onup>
                            <ondown>9299</ondown>
                            <width>1125</width>
                            <height>720</height>
                            <itemgap>-1</itemgap>
                            <pagecontrol>2168</pagecontrol>
                            <control type="button" id="1270">
                                <width>1125</width>
                                <height>60</height>
                                <font>font13</font>
                                <label>[B]$LOCALIZE[31290] - 8[/B]</label>
                                <label2>[COLOR=selected]$INFO[Skin.String(HomeItem.8.Label)][/COLOR]</label2>
                                <textcolor>$VAR[MainColorOne]</textcolor>
                                <focusedcolor>white</focusedcolor>
                                <include>MenuButton</include>
                            </control>
                            <control type="radiobutton" id="1278">
                                <width>1125</width>
                                <height>60</height>
                                <font>font13</font>
                                <align>left</align>
                                <label> - [COLOR chartreuse]Disable This Menu[/COLOR]</label>
                                <textcolor>grey2</textcolor>
                                <focusedcolor>white</focusedcolor>
                                <include>MenuButton</include>
                                <onclick>Skin.ToggleSetting(HomeItem.8.Master)</onclick>
                                <selected>Skin.HasSetting(HomeItem.8.Master)</selected>
                                <visible>!String.IsEmpty(Skin.String(HomeItem.8.Label))</visible>
                            </control>
                        </control>
                        <control type="scrollbar" id="2168">
                            <left>1155</left>
                            <top>0</top>
                            <width>38</width>
                            <height>720</height>
                            <texturesliderbackground border="0,14,0,14">ScrollBarV.png</texturesliderbackground>
                            <texturesliderbar border="0,14,0,14">ScrollBarV_bar.png</texturesliderbar>
                            <texturesliderbarfocus border="0,14,0,14" colordiffuse="$VAR[MainColorOne]">ScrollBarV_bar_focus.png</texturesliderbarfocus>
                            <textureslidernib colordiffuse="$VAR[MainColorOne]">ScrollBarNib.png</textureslidernib>
                            <textureslidernibfocus colordiffuse="$VAR[MainColorOne]">ScrollBarNib.png</textureslidernibfocus>
                            <onleft>9201</onleft>
                            <onright>800</onright>
                            <showonepage>false</showonepage>
                            <orientation>vertical</orientation>
                            <visible>Container(9002).HasFocus(8)</visible>
                        </control>
                        <control type="grouplist" id="9201">
                            <visible>Container(9002).HasFocus(9)</visible>
                            <onleft>9000</onleft>
                            <onright>2169</onright>
                            <onup>9299</onup>
                            <ondown>9299</ondown>
                            <width>1125</width>
                            <height>720</height>
                            <itemgap>-1</itemgap>
                            <pagecontrol>2169</pagecontrol>
                            <control type="button" id="1280">
                                <width>1125</width>
                                <height>60</height>
                                <font>font13</font>
                                <label>[B]$LOCALIZE[31290] - 9[/B]</label>
                                <label2>[COLOR=selected]$INFO[Skin.String(HomeItem.9.Label)][/COLOR]</label2>
                                <textcolor>$VAR[MainColorOne]</textcolor>
                                <focusedcolor>white</focusedcolor>
                                <include>MenuButton</include>
                            </control>
                            <control type="radiobutton" id="1288">
                                <width>1125</width>
                                <height>60</height>
                                <font>font13</font>
                                <align>left</align>
                                <label> - [COLOR chartreuse]Disable This Menu[/COLOR]</label>
                                <textcolor>grey2</textcolor>
                                <focusedcolor>white</focusedcolor>
                                <include>MenuButton</include>
                                <onclick>Skin.ToggleSetting(HomeItem.9.Master)</onclick>
                                <selected>Skin.HasSetting(HomeItem.9.Master)</selected>
                                <visible>!String.IsEmpty(Skin.String(HomeItem.9.Label))</visible>
                            </control>
                        </control>
                        <control type="scrollbar" id="2169">
                            <left>1155</left>
                            <top>0</top>
                            <width>38</width>
                            <height>720</height>
                            <texturesliderbackground border="0,14,0,14">ScrollBarV.png</texturesliderbackground>
                            <texturesliderbar border="0,14,0,14">ScrollBarV_bar.png</texturesliderbar>
                            <texturesliderbarfocus border="0,14,0,14" colordiffuse="$VAR[MainColorOne]">ScrollBarV_bar_focus.png</texturesliderbarfocus>
                            <textureslidernib colordiffuse="$VAR[MainColorOne]">ScrollBarNib.png</textureslidernib>
                            <textureslidernibfocus colordiffuse="$VAR[MainColorOne]">ScrollBarNib.png</textureslidernibfocus>
                            <onleft>9201</onleft>
                            <onright>800</onright>
                            <showonepage>false</showonepage>
                            <orientation>vertical</orientation>
                            <visible>Container(9002).HasFocus(9)</visible>
                        </control>
                        <control type="grouplist" id="9201">
                            <visible>Container(9002).HasFocus(10)</visible>
                            <onleft>9000</onleft>
                            <onright>2170</onright>
                            <onup>9299</onup>
                            <ondown>9299</ondown>
                            <width>1125</width>
                            <height>720</height>
                            <itemgap>-1</itemgap>
                            <pagecontrol>2170</pagecontrol>
                            <control type="button" id="1290">
                                <width>1125</width>
                                <height>60</height>
                                <font>font13</font>
                                <label>[B]$LOCALIZE[31290] - 10[/B]</label>
                                <label2>[COLOR=selected]$INFO[Skin.String(HomeItem.10.Label)][/COLOR]</label2>
                                <textcolor>$VAR[MainColorOne]</textcolor>
                                <focusedcolor>white</focusedcolor>
                                <include>MenuButton</include>
                            </control>
                            <control type="radiobutton" id="1298">
                                <width>1125</width>
                                <height>60</height>
                                <font>font13</font>
                                <align>left</align>
                                <label> - [COLOR chartreuse]Disable This Menu[/COLOR]</label>
                                <textcolor>grey2</textcolor>
                                <focusedcolor>white</focusedcolor>
                                <include>MenuButton</include>
                                <onclick>Skin.ToggleSetting(HomeItem.10.Master)</onclick>
                                <selected>Skin.HasSetting(HomeItem.10.Master)</selected>
                                <visible>!String.IsEmpty(Skin.String(HomeItem.10.Label))</visible>
                            </control>
                        </control>
                        <control type="scrollbar" id="2170">
                            <left>1155</left>
                            <top>0</top>
                            <width>38</width>
                            <height>720</height>
                            <texturesliderbackground border="0,14,0,14">ScrollBarV.png</texturesliderbackground>
                            <texturesliderbar border="0,14,0,14">ScrollBarV_bar.png</texturesliderbar>
                            <texturesliderbarfocus border="0,14,0,14" colordiffuse="$VAR[MainColorOne]">ScrollBarV_bar_focus.png</texturesliderbarfocus>
                            <textureslidernib colordiffuse="$VAR[MainColorOne]">ScrollBarNib.png</textureslidernib>
                            <textureslidernibfocus colordiffuse="$VAR[MainColorOne]">ScrollBarNib.png</textureslidernibfocus>
                            <onleft>9201</onleft>
                            <onright>800</onright>
                            <showonepage>false</showonepage>
                            <orientation>vertical</orientation>
                            <visible>Container(9002).HasFocus(10)</visible>
                        </control>
                        <control type="grouplist" id="9201">
                            <visible>Container(9002).HasFocus(11)</visible>
                            <onleft>9000</onleft>
                            <onright>2171</onright>
                            <onup>9299</onup>
                            <ondown>9299</ondown>
                            <width>1125</width>
                            <height>720</height>
                            <itemgap>-1</itemgap>
                            <pagecontrol>2171</pagecontrol>
                            <control type="button" id="1300">
                                <width>1125</width>
                                <height>60</height>
                                <font>font13</font>
                                <label>[B]$LOCALIZE[31290] - 11[/B]</label>
                                <label2>[COLOR=selected]$INFO[Skin.String(HomeItem.11.Label)][/COLOR]</label2>
                                <textcolor>$VAR[MainColorOne]</textcolor>
                                <focusedcolor>white</focusedcolor>
                                <include>MenuButton</include>
                            </control>
                            <control type="radiobutton" id="1308">
                                <width>1125</width>
                                <height>60</height>
                                <font>font13</font>
                                <align>left</align>
                                <label> - [COLOR chartreuse]Disable This Menu[/COLOR]</label>
                                <textcolor>grey2</textcolor>
                                <focusedcolor>white</focusedcolor>
                                <include>MenuButton</include>
                                <onclick>Skin.ToggleSetting(HomeItem.11.Master)</onclick>
                                <selected>Skin.HasSetting(HomeItem.11.Master)</selected>
                                <visible>!String.IsEmpty(Skin.String(HomeItem.11.Label))</visible>
                            </control>
                        </control>
                        <control type="scrollbar" id="2171">
                            <left>1155</left>
                            <top>0</top>
                            <width>38</width>
                            <height>720</height>
                            <texturesliderbackground border="0,14,0,14">ScrollBarV.png</texturesliderbackground>
                            <texturesliderbar border="0,14,0,14">ScrollBarV_bar.png</texturesliderbar>
                            <texturesliderbarfocus border="0,14,0,14" colordiffuse="$VAR[MainColorOne]">ScrollBarV_bar_focus.png</texturesliderbarfocus>
                            <textureslidernib colordiffuse="$VAR[MainColorOne]">ScrollBarNib.png</textureslidernib>
                            <textureslidernibfocus colordiffuse="$VAR[MainColorOne]">ScrollBarNib.png</textureslidernibfocus>
                            <onleft>9201</onleft>
                            <onright>800</onright>
                            <showonepage>false</showonepage>
                            <orientation>vertical</orientation>
                            <visible>Container(9002).HasFocus(11)</visible>
                        </control>
                        <control type="grouplist" id="9201">
                            <visible>Container(9002).HasFocus(12)</visible>
                            <onleft>9000</onleft>
                            <onright>2172</onright>
                            <onup>9299</onup>
                            <ondown>9299</ondown>
                            <width>1125</width>
                            <height>720</height>
                            <itemgap>-1</itemgap>
                            <pagecontrol>2172</pagecontrol>
                            <control type="button" id="1310">
                                <width>1125</width>
                                <height>60</height>
                                <font>font13</font>
                                <label>[B]$LOCALIZE[31290] - 12[/B]</label>
                                <label2>[COLOR=selected]$INFO[Skin.String(HomeItem.12.Label)][/COLOR]</label2>
                                <textcolor>$VAR[MainColorOne]</textcolor>
                                <focusedcolor>white</focusedcolor>
                                <include>MenuButton</include>
                            </control>
                            <control type="radiobutton" id="1318">
                                <width>1125</width>
                                <height>60</height>
                                <font>font13</font>
                                <align>left</align>
                                <label> - [COLOR chartreuse]Disable This Menu[/COLOR]</label>
                                <textcolor>grey2</textcolor>
                                <focusedcolor>white</focusedcolor>
                                <include>MenuButton</include>
                                <onclick>Skin.ToggleSetting(HomeItem.12.Master)</onclick>
                                <selected>Skin.HasSetting(HomeItem.12.Master)</selected>
                                <visible>!String.IsEmpty(Skin.String(HomeItem.12.Label))</visible>
                            </control>
                        </control>
                        <control type="scrollbar" id="2172">
                            <left>1155</left>
                            <top>0</top>
                            <width>38</width>
                            <height>720</height>
                            <texturesliderbackground border="0,14,0,14">ScrollBarV.png</texturesliderbackground>
                            <texturesliderbar border="0,14,0,14">ScrollBarV_bar.png</texturesliderbar>
                            <texturesliderbarfocus border="0,14,0,14" colordiffuse="$VAR[MainColorOne]">ScrollBarV_bar_focus.png</texturesliderbarfocus>
                            <textureslidernib colordiffuse="$VAR[MainColorOne]">ScrollBarNib.png</textureslidernib>
                            <textureslidernibfocus colordiffuse="$VAR[MainColorOne]">ScrollBarNib.png</textureslidernibfocus>
                            <onleft>9201</onleft>
                            <onright>800</onright>
                            <showonepage>false</showonepage>
                            <orientation>vertical</orientation>
                            <visible>Container(9002).HasFocus(12)</visible>
                        </control>
                        <control type="grouplist" id="9201">
                            <visible>Container(9002).HasFocus(13)</visible>
                            <onleft>9000</onleft>
                            <onright>2173</onright>
                            <onup>9299</onup>
                            <ondown>9299</ondown>
                            <width>1125</width>
                            <height>720</height>
                            <itemgap>-1</itemgap>
                            <pagecontrol>2173</pagecontrol>
                            <control type="button" id="1320">
                                <width>1125</width>
                                <height>60</height>
                                <font>font13</font>
                                <label>[B]$LOCALIZE[31290] - 13[/B]</label>
                                <label2>[COLOR=selected]$INFO[Skin.String(HomeItem.13.Label)][/COLOR]</label2>
                                <textcolor>$VAR[MainColorOne]</textcolor>
                                <focusedcolor>white</focusedcolor>
                                <include>MenuButton</include>
                            </control>
                            <control type="radiobutton" id="1328">
                                <width>1125</width>
                                <height>60</height>
                                <font>font13</font>
                                <align>left</align>
                                <label> - [COLOR chartreuse]Disable This Menu[/COLOR]</label>
                                <textcolor>grey2</textcolor>
                                <focusedcolor>white</focusedcolor>
                                <include>MenuButton</include>
                                <onclick>Skin.ToggleSetting(HomeItem.13.Master)</onclick>
                                <selected>Skin.HasSetting(HomeItem.13.Master)</selected>
                                <visible>!String.IsEmpty(Skin.String(HomeItem.13.Label))</visible>
                            </control>
                        </control>
                        <control type="scrollbar" id="2173">
                            <left>1155</left>
                            <top>0</top>
                            <width>38</width>
                            <height>720</height>
                            <texturesliderbackground border="0,14,0,14">ScrollBarV.png</texturesliderbackground>
                            <texturesliderbar border="0,14,0,14">ScrollBarV_bar.png</texturesliderbar>
                            <texturesliderbarfocus border="0,14,0,14" colordiffuse="$VAR[MainColorOne]">ScrollBarV_bar_focus.png</texturesliderbarfocus>
                            <textureslidernib colordiffuse="$VAR[MainColorOne]">ScrollBarNib.png</textureslidernib>
                            <textureslidernibfocus colordiffuse="$VAR[MainColorOne]">ScrollBarNib.png</textureslidernibfocus>
                            <onleft>9201</onleft>
                            <onright>800</onright>
                            <showonepage>false</showonepage>
                            <orientation>vertical</orientation>
                            <visible>Container(9002).HasFocus(13)</visible>
                        </control>
                        <control type="grouplist" id="9201">
                            <visible>Container(9002).HasFocus(14)</visible>
                            <onleft>9000</onleft>
                            <onright>2174</onright>
                            <onup>9299</onup>
                            <ondown>9299</ondown>
                            <width>1125</width>
                            <height>720</height>
                            <itemgap>-1</itemgap>
                            <pagecontrol>2174</pagecontrol>
                            <control type="button" id="1330">
                                <width>1125</width>
                                <height>60</height>
                                <font>font13</font>
                                <label>[B]$LOCALIZE[31290] - 14[/B]</label>
                                <label2>[COLOR=selected]$INFO[Skin.String(HomeItem.14.Label)][/COLOR]</label2>
                                <textcolor>$VAR[MainColorOne]</textcolor>
                                <focusedcolor>white</focusedcolor>
                                <include>MenuButton</include>
                            </control>
                            <control type="radiobutton" id="1338">
                                <width>1125</width>
                                <height>60</height>
                                <font>font13</font>
                                <align>left</align>
                                <label> - [COLOR chartreuse]Disable This Menu[/COLOR]</label>
                                <textcolor>grey2</textcolor>
                                <focusedcolor>white</focusedcolor>
                                <include>MenuButton</include>
                                <onclick>Skin.ToggleSetting(HomeItem.14.Master)</onclick>
                                <selected>Skin.HasSetting(HomeItem.14.Master)</selected>
                                <visible>!String.IsEmpty(Skin.String(HomeItem.14.Label))</visible>
                            </control>
                        </control>
                        <control type="scrollbar" id="2174">
                            <left>1155</left>
                            <top>0</top>
                            <width>38</width>
                            <height>720</height>
                            <texturesliderbackground border="0,14,0,14">ScrollBarV.png</texturesliderbackground>
                            <texturesliderbar border="0,14,0,14">ScrollBarV_bar.png</texturesliderbar>
                            <texturesliderbarfocus border="0,14,0,14" colordiffuse="$VAR[MainColorOne]">ScrollBarV_bar_focus.png</texturesliderbarfocus>
                            <textureslidernib colordiffuse="$VAR[MainColorOne]">ScrollBarNib.png</textureslidernib>
                            <textureslidernibfocus colordiffuse="$VAR[MainColorOne]">ScrollBarNib.png</textureslidernibfocus>
                            <onleft>9201</onleft>
                            <onright>800</onright>
                            <showonepage>false</showonepage>
                            <orientation>vertical</orientation>
                            <visible>Container(9002).HasFocus(14)</visible>
                        </control>
                        <control type="grouplist" id="9201">
                            <visible>Container(9002).HasFocus(15)</visible>
                            <onleft>9000</onleft>
                            <onright>2175</onright>
                            <onup>9299</onup>
                            <ondown>9299</ondown>
                            <width>1125</width>
                            <height>720</height>
                            <itemgap>-1</itemgap>
                            <pagecontrol>2175</pagecontrol>
                            <control type="button" id="1340">
                                <width>1125</width>
                                <height>60</height>
                                <font>font13</font>
                                <label>[B]$LOCALIZE[31290] - 15[/B]</label>
                                <label2>[COLOR=selected]$INFO[Skin.String(HomeItem.15.Label)][/COLOR]</label2>
                                <textcolor>$VAR[MainColorOne]</textcolor>
                                <focusedcolor>white</focusedcolor>
                                <include>MenuButton</include>
                            </control>
                            <control type="radiobutton" id="1348">
                                <width>1125</width>
                                <height>60</height>
                                <font>font13</font>
                                <align>left</align>
                                <label> - [COLOR chartreuse]Disable This Menu[/COLOR]</label>
                                <textcolor>grey2</textcolor>
                                <focusedcolor>white</focusedcolor>
                                <include>MenuButton</include>
                                <onclick>Skin.ToggleSetting(HomeItem.15.Master)</onclick>
                                <selected>Skin.HasSetting(HomeItem.15.Master)</selected>
                                <visible>!String.IsEmpty(Skin.String(HomeItem.15.Label))</visible>
                            </control>
                        </control>
                        <control type="scrollbar" id="2175">
                            <left>1155</left>
                            <top>0</top>
                            <width>38</width>
                            <height>720</height>
                            <texturesliderbackground border="0,14,0,14">ScrollBarV.png</texturesliderbackground>
                            <texturesliderbar border="0,14,0,14">ScrollBarV_bar.png</texturesliderbar>
                            <texturesliderbarfocus border="0,14,0,14" colordiffuse="$VAR[MainColorOne]">ScrollBarV_bar_focus.png</texturesliderbarfocus>
                            <textureslidernib colordiffuse="$VAR[MainColorOne]">ScrollBarNib.png</textureslidernib>
                            <textureslidernibfocus colordiffuse="$VAR[MainColorOne]">ScrollBarNib.png</textureslidernibfocus>
                            <onleft>9201</onleft>
                            <onright>800</onright>
                            <showonepage>false</showonepage>
                            <orientation>vertical</orientation>
                            <visible>Container(9002).HasFocus(15)</visible>
                        </control>
                    </control>
                </control>
            </control>
        </control>
        <include>BehindDialogFadeOut</include>
    </controls>
</window>
