<?xml version="1.0" encoding="utf-8"?>
<window type="dialog" id="2135">
    <defaultcontrol>11</defaultcontrol>
    <coordinates>
        <left>502</left>
        <top>345</top>
    </coordinates>
    <include>dialogeffect</include>
    <controls>
        <control type="image">
            <left>0</left>
            <top>0</top>
            <width>915</width>
            <height>430</height>
            <texture border="40">$VAR[DialogPath]DialogBack.png</texture>
        </control>
        <control type="image">
            <description>Dialog Header image</description>
            <left>60</left>
            <top>24</top>
            <width>795</width>
            <height>60</height>
            <texture>$VAR[DialogPath]dialogheader.png</texture>
        </control>
        <control type="label">
            <description>header label</description>
            <left>60</left>
            <top>30</top>
            <width>795</width>
            <height>45</height>
            <font>font13_title</font>
            <label>Awww Crap! What happened??</label>
            <align>center</align>
            <aligny>center</aligny>
            <textcolor>selected</textcolor>
            <shadowcolor>black</shadowcolor>
        </control>
        <control type="button">
            <description>Close Window button</description>
            <left>740</left>
            <top>24</top>
            <include>DialogCloseButton</include>
            <onleft>10</onleft>
            <onright>10</onright>
            <onup>10</onup>
            <ondown>10</ondown>
        </control>
        <control type="label">
            <left>10</left>
            <top>135</top>
            <width>895</width>
            <height>160</height>
            <align>center</align>
            <aligny>center</aligny>
            <label>OOPS, It seems you lost Xenon Skin Settings. Click to exit Kodi, then click Fix after Kodi Loads.</label>
            <font>font13</font>
			<wrapmultiline>true</wrapmultiline>
        </control>
        <control type="button" id="11">
            <description>Yes button</description>
            <left>307.5</left>
            <top>332</top>
            <width>300</width>
            <height>60</height>
            <label>Fix Now</label>
            <font>font12_title</font>
            <textcolor>white</textcolor>
            <focusedcolor>white</focusedcolor>
            <align>center</align>
            <onup>11</onup>
            <ondown>11</ondown>
            <onclick>Skin.SetBool(InitialSetUpRun)</onclick>
			<onclick>RunPlugin(plugin://script.module.xenon/?mode=2)</onclick>
			<onback>Skin.SetBool(InitialSetUpRun)</onback>
			<onback>RunPlugin(plugin://script.module.xenon/?mode=2)</onback>
        </control>
    </controls>
</window>
