<?xml version="1.0" encoding="UTF-8"?>
<window type="dialog">
    <defaultcontrol>100</defaultcontrol>
    <include>dialogeffect</include>
    <visible>Player.HasMedia + Window.IsActive(PlayerControls) + !Window.IsActive(FullscreenVideo) + !Window.IsActive(Visualisation)</visible>
    <coordinates>
        <left>585</left>
        <top>375</top>
    </coordinates>
    <controls>
        <control type="image">
            <left>8</left>
            <top>234</top>
            <width>724</width>
            <height>80</height>
            <texture flipy="true" border="20,20,20,2">InfoMessagePanel.png</texture>
        </control>
        <control type="group" id="100">
            <left>38</left>
            <top>243</top>
            <defaultcontrol>603</defaultcontrol>
            <visible>!VideoPlayer.Content(LiveTV)</visible>
            <control type="radiobutton" id="600">
                <left>0</left>
                <top>0</top>
                <label></label>
                <include content="OSDButton">
                    <param name="Size" value="60" />
                    <param name="Texture" value="OSDPrevTrack" />
                </include>
                <onleft>609</onleft>
                <onright>601</onright>
                <onup>300</onup>
                <ondown>200</ondown>
                <onclick>PlayerControl(Previous)</onclick>
                <visible>!VideoPlayer.Content(LiveTV)</visible>
            </control>
            <control type="radiobutton" id="601">
                <left>60</left>
                <top>0</top>
                <label></label>
                <include content="OSDButton">
                    <param name="Size" value="60" />
                    <param name="Texture" value="OSDRewind" />
                </include>
                <onleft>600</onleft>
                <onright>603</onright>
                <onup>300</onup>
                <ondown>200</ondown>
                <onclick>PlayerControl(Rewind)</onclick>
                <visible>!VideoPlayer.Content(LiveTV)</visible>
            </control>
            <control type="radiobutton" id="603">
                <left>120</left>
                <top>0</top>
                <label></label>
                <include content="OSDButtonAlt">
                    <param name="Size" value="60" />
                    <param name="Texture" value="OSDPause" />
                    <param name="AltTexture" value="OSDPlay" />
                    <param name="Selected" value="Player.Paused | Player.Forwarding | Player.Rewinding" />
                </include>
                <onleft>601</onleft>
                <onright>602</onright>
                <onup>300</onup>
                <ondown>200</ondown>
                <onclick>PlayerControl(Play)</onclick>
                <visible>!VideoPlayer.Content(LiveTV)</visible>
            </control>
            <control type="radiobutton" id="602">
                <left>180</left>
                <top>0</top>
                <label></label>
                <include content="OSDButton">
                    <param name="Size" value="60" />
                    <param name="Texture" value="OSDStop" />
                </include>
                <onleft>603</onleft>
                <onright>604</onright>
                <onup>300</onup>
                <ondown>200</ondown>
                <onclick>down</onclick>
                <onclick>PlayerControl(Stop)</onclick>
                <visible>!VideoPlayer.Content(LiveTV)</visible>
            </control>
            <control type="radiobutton" id="604">
                <left>240</left>
                <top>0</top>
                <label></label>
                <include content="OSDButton">
                    <param name="Size" value="60" />
                    <param name="Texture" value="OSDForward" />
                </include>
                <onleft>602</onleft>
                <onright>605</onright>
                <onup>300</onup>
                <ondown>200</ondown>
                <onclick>PlayerControl(Forward)</onclick>
                <visible>!VideoPlayer.Content(LiveTV)</visible>
            </control>
            <control type="radiobutton" id="605">
                <left>300</left>
                <top>0</top>
                <label></label>
                <include content="OSDButton">
                    <param name="Size" value="60" />
                    <param name="Texture" value="OSDNextTrack" />
                </include>
                <onleft>604</onleft>
                <onright>606</onright>
                <onup>300</onup>
                <ondown>200</ondown>
                <onclick>PlayerControl(Next)</onclick>
                <visible>!VideoPlayer.Content(LiveTV)</visible>
            </control>
            <control type="button" id="606">
                <left>360</left>
                <top>0</top>
                <label></label>
                <include content="OSDButton">
                    <param name="Size" value="60" />
                    <param name="Texture" value="OSDRecordOff" />
                </include>
                <onleft>605</onleft>
                <onright>607</onright>
                <onup>300</onup>
                <ondown>200</ondown>
                <onclick>PVR.ToggleRecordPlayingChannel</onclick>
                <enable>PVR.CanRecordPlayingChannel</enable>
                <animation effect="fade" start="100" end="30" time="75" condition="!PVR.CanRecordPlayingChannel">Conditional</animation>
                <visible>!VideoPlayer.Content(LiveTV)</visible>
            </control>
            <control type="group">
                <animation effect="slide" start="0,0" end="60,0" time="0" condition="!Player.HasAudio">Conditional</animation>
                <control type="radiobutton" id="607">
                    <left>488</left>
                    <top>0</top>
                    <label></label>
                    <include content="OSDButton">
                        <param name="Size" value="60" />
                        <param name="Texture" value="OSDRepeat" />
                    </include>
                    <onclick>PlayerControl(Repeat)</onclick>
                    <onleft>606</onleft>
                    <onright>610</onright>
                    <onup>100</onup>
                    <ondown>100</ondown>
                    <visible>!VideoPlayer.Content(LiveTV)</visible>
                    <visible>!Playlist.IsRepeat + !Playlist.IsRepeatOne</visible>
                </control>
                <control type="radiobutton" id="610">
                    <left>488</left>
                    <top>0</top>
                    <label></label>
                    <include content="OSDButton">
                        <param name="Size" value="60" />
                        <param name="Texture" value="OSDRepeatOne" />
                    </include>
                    <onclick>PlayerControl(Repeat)</onclick>
                    <onleft>607</onleft>
                    <onright>611</onright>
                    <onup>100</onup>
                    <ondown>100</ondown>
                    <visible>!VideoPlayer.Content(LiveTV)</visible>
                    <visible>Playlist.IsRepeatOne</visible>
                </control>
                <control type="radiobutton" id="611">
                    <left>488</left>
                    <top>0</top>
                    <label></label>
                    <include content="OSDButton">
                        <param name="Size" value="60" />
                        <param name="Texture" value="OSDRepeatAll" />
                    </include>
                    <onclick>PlayerControl(Repeat)</onclick>
                    <onleft>610</onleft>
                    <onright>608</onright>
                    <onup>100</onup>
                    <ondown>100</ondown>
                    <visible>!VideoPlayer.Content(LiveTV)</visible>
                    <visible>Playlist.IsRepeat</visible>
                </control>
                <control type="togglebutton" id="608">
                    <left>548</left>
                    <top>0</top>
                    <label></label>
                    <include content="OSDButtonAlt">
                        <param name="Size" value="60" />
                        <param name="Texture" value="OSDRandomOff" />
                        <param name="AltTexture" value="OSDRandomOn" />
                        <param name="Selected" value="Playlist.IsRandom" />
                    </include>
                    <onclick>PlayerControl(Random)</onclick>
                    <onleft>611</onleft>
                    <onright>609</onright>
                    <onup>100</onup>
                    <ondown>100</ondown>
                    <visible>!VideoPlayer.Content(LiveTV)</visible>
                </control>
                <control type="radiobutton" id="609">
                    <left>608</left>
                    <top>0</top>
                    <label></label>
                    <include content="OSDButton">
                        <param name="Size" value="60" />
                        <param name="Texture" value="OSDLyrics" />
                    </include>
                    <onclick>Close</onclick>
                    <onclick>ActivateWindow(Visualisation)</onclick>
                    <onclick>RunScript($INFO[Skin.String(LyricScript_Path)])</onclick>
                    <onleft>608</onleft>
                    <onright>612</onright>
                    <onup>100</onup>
                    <ondown>100</ondown>
                    <visible>!String.IsEmpty(Skin.String(LyricScript_Path))</visible>
                    <visible>Player.HasAudio</visible>
                    <visible>!VideoPlayer.Content(LiveTV)</visible>
                </control>
                <control type="radiobutton" id="612">
                    <left>608</left>
                    <top>0</top>
                    <label></label>
                    <include content="OSDButton">
                        <param name="Size" value="60" />
                        <param name="Texture" value="OSDLyrics" />
                    </include>
                    <onclick>Close</onclick>
                    <onclick>Skin.SetAddon(LyricScript_Path,xbmc.python.lyrics)</onclick>
                    <onclick>RunScript($INFO[Skin.String(LyricScript_Path)])</onclick>
                    <onleft>609</onleft>
                    <onright>600</onright>
                    <onup>100</onup>
                    <ondown>100</ondown>
                    <visible>String.IsEmpty(Skin.String(LyricScript_Path))</visible>
                    <visible>Player.HasAudio</visible>
                    <visible>!VideoPlayer.Content(LiveTV)</visible>
                </control>
            </control>
        </control>
        <control type="group" id="100">
            <left>38</left>
            <top>243</top>
            <defaultcontrol>700</defaultcontrol>
            <visible>VideoPlayer.Content(LiveTV)</visible>
            <control type="radiobutton" id="701">
                <left>0</left>
                <top>0</top>
                <label></label>
                <include content="OSDButton">
                    <param name="Size" value="60" />
                    <param name="Texture" value="OSDRewind" />
                </include>
                <onleft>706</onleft>
                <onright>702</onright>
                <onup>300</onup>
                <ondown>200</ondown>
                <onclick>PlayerControl(Rewind)</onclick>
                <visible>VideoPlayer.Content(LiveTV)</visible>
                <enable>Player.SeekEnabled</enable>
                <animation effect="fade" start="100" end="50" time="75" condition="true">Conditional</animation>
            </control>
            <control type="radiobutton" id="702">
                <left>60</left>
                <top>0</top>
                <label></label>
                <include content="OSDButton">
                    <param name="Size" value="60" />
                    <param name="Texture" value="OSDStop" />
                </include>
                <onleft>701</onleft>
                <onright>703</onright>
                <onup>300</onup>
                <ondown>200</ondown>
                <onclick>down</onclick>
                <onclick>PlayerControl(Stop)</onclick>
                <visible>VideoPlayer.Content(LiveTV)</visible>
            </control>
            <control type="radiobutton" id="703">
                <left>120</left>
                <top>0</top>
                <label></label>
                <include content="OSDButtonAlt">
                    <param name="Size" value="60" />
                    <param name="Texture" value="OSDPause" />
                    <param name="AltTexture" value="OSDPlay" />
                    <param name="Selected" value="Player.Paused | Player.Forwarding | Player.Rewinding" />
                </include>
                <onleft>702</onleft>
                <onright>704</onright>
                <onup>300</onup>
                <ondown>200</ondown>
                <onclick>PlayerControl(Play)</onclick>
                <visible>VideoPlayer.Content(LiveTV)</visible>
                <enable>false</enable>
                <enable>Player.PauseEnabled</enable>
                <animation effect="fade" start="100" end="50" time="75" condition="true">Conditional</animation>
            </control>
            <control type="radiobutton" id="704">
                <left>180</left>
                <top>0</top>
                <label></label>
                <include content="OSDButton">
                    <param name="Size" value="60" />
                    <param name="Texture" value="OSDForward" />
                </include>
                <onleft>703</onleft>
                <onright>700</onright>
                <onup>300</onup>
                <ondown>200</ondown>
                <onclick>PlayerControl(Forward)</onclick>
                <visible>VideoPlayer.Content(LiveTV)</visible>
                <enable>Player.SeekEnabled</enable>
                <animation effect="fade" start="100" end="50" time="75" condition="true">Conditional</animation>
            </control>
            <control type="radiobutton" id="700">
                <left>300</left>
                <top>0</top>
                <label></label>
                <include content="OSDButton">
                    <param name="Size" value="60" />
                    <param name="Texture" value="OSDChannelUp" />
                </include>
                <onleft>704</onleft>
                <onright>705</onright>
                <onup>300</onup>
                <ondown>200</ondown>
                <onclick>ChannelDown</onclick>
                <visible>VideoPlayer.Content(LiveTV)</visible>
            </control>
            <control type="radiobutton" id="705">
                <left>360</left>
                <top>0</top>
                <label></label>
                <include content="OSDButton">
                    <param name="Size" value="60" />
                    <param name="Texture" value="OSDChannelDown" />
                </include>
                <onleft>700</onleft>
                <onright>706</onright>
                <onup>300</onup>
                <ondown>200</ondown>
                <onclick>ChannelUp</onclick>
                <visible>VideoPlayer.Content(LiveTV)</visible>
            </control>
            <control type="radiobutton" id="706">
                <left>420</left>
                <top>0</top>
                <label></label>
                <include content="OSDButton">
                    <param name="Size" value="60" />
                    <param name="Texture" value="OSDRecordOff" />
                </include>
                <onleft>705</onleft>
                <onright>701</onright>
                <onup>300</onup>
                <ondown>200</ondown>
                <onclick>PVR.ToggleRecordPlayingChannel</onclick>
                <enable>PVR.CanRecordPlayingChannel</enable>
                <animation effect="fade" start="100" end="30" time="75" condition="!PVR.CanRecordPlayingChannel">Conditional</animation>
                <visible>VideoPlayer.Content(LiveTV)</visible>
            </control>
            <control type="radiobutton" id="706">
                <left>420</left>
                <top>0</top>
                <label></label>
                <include content="OSDButton">
                    <param name="Size" value="60" />
                    <param name="Texture" value="OSDRecordOff" />
                </include>
                <onleft>705</onleft>
                <onright>701</onright>
                <onup>300</onup>
                <ondown>200</ondown>
                <onclick>RunPlugin(plugin://plugin.program.dreamcatcher/?mode=Record)</onclick>
                <visible>!VideoPlayer.Content(LiveTV) + System.HasAddon(plugin.program.dreamcatcher)</visible>
            </control>
            <control type="radiobutton" id="707">
                <left>600</left>
                <top>0</top>
                <label></label>
                <include content="OSDButton">
                    <param name="Size" value="60" />
                    <param name="Texture" value="OSDRadioRDS" />
                </include>
                <onleft>706</onleft>
                <onright>701</onright>
                <onup>300</onup>
                <ondown>200</ondown>
                <onclick>ActivateWindow(PVRRadioRDSInfo)</onclick>
                <visible>VideoPlayer.Content(LiveTV) + RDS.HasRadiotextPlus</visible>
            </control>
        </control>
        <control type="image">
            <description>gradient</description>
            <left>0</left>
            <top>0</top>
            <width>750</width>
            <height>248</height>
            <colordiffuse>CCFFFFFF</colordiffuse>
            <visible>Window.IsVisible(home)</visible>
            <texture border="20">OverlayDialogBackground.png</texture>
        </control>
        <!-- Music Info -->
        <control type="group">
            <visible>Player.HasAudio</visible>
            <include>SmallMusicInfo</include>
        </control>
        <!-- Video Info -->
        <control type="group">
            <visible>Player.HasVideo</visible>
            <include>SmallVideoInfo</include>
        </control>
        <control type="button">
            <description>Close Window button</description>
            <left>630</left>
            <top>8</top>
            <onclick>back</onclick>
            <include>DialogCloseButton</include>
            <onleft>100</onleft>
            <onright>100</onright>
            <onup>100</onup>
            <ondown>100</ondown>
        </control>
    </controls>
</window>
