<?xml version="1.0" encoding="utf-8"?>
<window type="dialog" id="2128">
    <defaultcontrol>10</defaultcontrol>
    <coordinates>
        <posx>502</posx>
        <posy>345</posy>
    </coordinates>
    <include>dialogeffect</include>
    <controls>
        <control type="image">
            <posx>0</posx>
            <posy>0</posy>
            <width>915</width>
            <height>360</height>
            <texture border="40">$VAR[DialogPath]DialogBack.png</texture>
        </control>
        <control type="image">
            <description>Dialog Header image</description>
            <posx>60</posx>
            <posy>24</posy>
            <width>795</width>
            <height>60</height>
            <texture>$VAR[DialogPath]dialogheader.png</texture>
        </control>
        <control type="label">
            <description>header label</description>
            <posx>60</posx>
            <posy>30</posy>
            <width>795</width>
            <height>45</height>
            <font>font13_title</font>
            <label>$LOCALIZE[31171] $LOCALIZE[31341]</label>
            <align>center</align>
            <aligny>center</aligny>
            <textcolor>selected</textcolor>
            <shadowcolor>black</shadowcolor>
        </control>
        <control type="button">
            <description>Close Window button</description>
            <posx>740</posx>
            <posy>24</posy>
            <onclick>PreviousMenu</onclick>
            <include>DialogCloseButton</include>
            <onleft>10</onleft>
            <onright>10</onright>
            <onup>10</onup>
            <ondown>10</ondown>
        </control>
        <control type="label">
            <posx>0</posx>
            <posy>135</posy>
            <width>825</width>
            <height>98</height>
            <align>center</align>
            <aligny>center</aligny>
            <label>$LOCALIZE[19194]</label>
            <font>font24_title</font>
        </control>
        <control type="label">
            <posx>45</posx>
            <posy>90</posy>
            <width>825</width>
            <height>45</height>
            <align>center</align>
            <aligny>center</aligny>
            <label>$LOCALIZE[31339]</label>
            <font>font13</font>
        </control>
        <control type="button" id="11">
            <description>Yes button</description>
            <posx>142</posx>
            <posy>262</posy>
            <width>300</width>
            <height>60</height>
            <label>107</label>
            <font>font12_title</font>
            <textcolor>white</textcolor>
            <focusedcolor>white</focusedcolor>
            <align>center</align>
            <onleft>10</onleft>
            <onright>10</onright>
            <onup>11</onup>
            <ondown>11</ondown>
            <onclick>Skin.Reset(UPnP_Path)</onclick>
            <onclick>Skin.SetBool(UPnP_Mode)</onclick>
            <onclick>Skin.SetBool(ToggleUPnPMode)</onclick>
            <onclick>Dialog.Close(2128)</onclick>
            <onclick>Skin.SetPath(UPnP_Path)</onclick>
            <onclick>ActivateWindow(home)</onclick>
        </control>
        <control type="button" id="10">
            <description>No button</description>
            <posx>458</posx>
            <posy>262</posy>
            <width>300</width>
            <height>60</height>
            <label>106</label>
            <font>font12_title</font>
            <textcolor>white</textcolor>
            <focusedcolor>white</focusedcolor>
            <align>center</align>
            <onleft>11</onleft>
            <onright>11</onright>
            <onup>10</onup>
            <ondown>10</ondown>
            <onclick>PreviousMenu</onclick>
        </control>
    </controls>
</window>
