<?xml version='1.0' encoding='UTF-8'?>
<shortcuts>
	<shortcut>
		<label>$LOCALIZE[10006]</label>
		<label2>Common Shortcut</label2>
		<defaultID>videos</defaultID>
		<icon />
		<thumb>special://skin/extras/icons/videos.png</thumb>
		<action>ActivateWindow(Videos,root)</action>
	</shortcut>
	<shortcut>
		<label>$LOCALIZE[32032]</label>
		<label2>Common Shortcut</label2>
		<defaultID>dvd</defaultID>
		<icon />
		<thumb>special://skin/extras/icons/dvd.png</thumb>
		<action>XBMC.PlayDVD()</action>
	</shortcut>
	<shortcut>
		<label>$LOCALIZE[342]</label>
		<label2>Common Shortcut</label2>
		<defaultID>movies</defaultID>
		<icon />
		<thumb>special://skin/extras/icons/movies.png</thumb>
		<action>ActivateWindow(Videos,MovieTitles,return)</action>
	</shortcut>
	<shortcut>
		<label>$LOCALIZE[20343]</label>
		<label2>Common Shortcut</label2>
		<defaultID>tvshows</defaultID>
		<icon />
		<thumb>special://skin/extras/icons/tvshows.png</thumb>
		<action>ActivateWindow(Videos,TVShowTitles,return)</action>
	</shortcut>
	<shortcut>
		<label>$LOCALIZE[24001]</label>
		<label2>Common Shortcut</label2>
		<defaultID>vaddons</defaultID>
		<labelID>vaddons</labelID>
		<icon />
		<thumb>special://skin/extras/icons/vaddons.png</thumb>
		<action>ActivateWindow(Videos,Addons,return)</action>
	</shortcut>
	<shortcut>
		<label>$LOCALIZE[32022]</label>
		<label2>Common Shortcut</label2>
		<defaultID>tv</defaultID>
		<icon />
		<thumb>special://skin/extras/icons/tv.png</thumb>
		<action>ActivateWindow(TVChannels)</action>
	</shortcut>
	<shortcut>
		<label>$LOCALIZE[10005]</label>
		<label2>Common Shortcut</label2>
		<defaultID>music</defaultID>
		<icon />
		<thumb>special://skin/extras/icons/music.png</thumb>
		<action>ActivateWindow(Music,root)</action>
	</shortcut>
	<shortcut>
		<label>$LOCALIZE[20389]</label>
		<label2>Common Shortcut</label2>
		<defaultID>musicvideos</defaultID>
		<icon />
		<thumb>special://skin/extras/icons/musicvideos.png</thumb>
		<action>ActivateWindow(Videos,videodb://musicvideos/titles/,return)</action>
	</shortcut>
	<shortcut>
		<label>$LOCALIZE[10002]</label>
		<label2>Common Shortcut</label2>
		<defaultID>pictures</defaultID>
		<icon />
		<thumb>special://skin/extras/icons/pictures.png</thumb>
		<action>ActivateWindow(Pictures)</action>
	</shortcut>
	<shortcut>
		<label>$LOCALIZE[10001]</label>
		<label2>Common Shortcut</label2>
		<defaultID>programs</defaultID>
		<icon />
		<thumb>special://skin/extras/icons/programs.png</thumb>
		<action>ActivateWindow(Programs,Addons,return)</action>
	</shortcut>
	<shortcut>
		<label>$LOCALIZE[1036]</label>
		<label2>Common Shortcut</label2>
		<defaultID>favourites</defaultID>
		<LabelID>favourites</LabelID>
		<icon />
		<thumb>special://skin/extras/icons/favourites.png</thumb>
		<action>ActivateWindow(FavouritesBrowser)</action>
	</shortcut>
	<shortcut>
		<label>$LOCALIZE[12600]</label>
		<label2>Common Shortcut</label2>
		<defaultID>weather</defaultID>
		<icon />
		<thumb>special://skin/extras/icons/weather.png</thumb>
		<action>ActivateWindow(Weather)</action>
	</shortcut>
	<shortcut>
		<label>$LOCALIZE[137]</label>
		<label2>Custom shortcut</label2>
		<defaultID>script.globalsearch</defaultID>
		<icon />
		<thumb>special://skin/extras/icons/search.png</thumb>
		<action>RunScript(script.globalsearch)</action>
	</shortcut>
	<shortcut>
		<label>$LOCALIZE[10004]</label>
		<label2>Common Shortcut</label2>
		<defaultID>settings</defaultID>
		<icon />
		<thumb>special://skin/extras/icons/settings.png</thumb>
		<action>ActivateWindow(Settings)</action>
	</shortcut>
  <shortcut>
        <label>13012</label>
        <label2>Common Shortcut</label2>
        <defaultID>power</defaultID>
		<icon />
        <thumb>special://skin/extras/icons/power.png</thumb>
        <action>ActivateWindow(shutdownmenu)</action>
		<visible>Skin.HasSetting(Home_Horizontal)</visible>
    </shortcut>

</shortcuts>
