<?xml version="1.0" encoding="utf-8"?>
<!-- BINGIE -->
<window>
    <defaultcontrol always="true">9000</defaultcontrol>
    <controls>
		<include>Defs_TMDbHelper_Loader</include>
        <!--Dialog Overlay-->
		<control type="group">
			<visible>!Window.IsActive(fullscreenvideo)</visible>
			<include>DialogOverlayExtra</include>
			<animation effect="fade" time="250" start="0" end="100" reversible="false">WindowOpen</animation>
        </control>
		
        <!--Dialog PVR Guid Info-->
        <control type="group">
            <visible>!Window.IsVisible(yesnodialog)</visible>
			<animation type="WindowOpen">
				<effect type="slide" start="1200" end="0" time="250" tween="cubic" easing="inout" />
			</animation>
			<animation type="WindowClose">
				<effect type="slide" start="0" end="1200" time="250" tween="cubic" easing="inout" />
			</animation>
            
            <!--Panel-->
            <control type="image">
                <posx>630</posx>
                <posy>0</posy>
                <width>1340</width>
                <height>100%</height>
                <texture>diffuse/panel2.png</texture>
				<colordiffuse>$INFO[Skin.String(GeneralPanelsColor)]</colordiffuse>
            </control>
            <control type="image">
                <posx>630</posx>
                <posy>0</posy>
                <width>1340</width>
                <height>100%</height>
                <texture>diffuse/panel2.png</texture>
				<colordiffuse>$INFO[Skin.String(GeneralPanelsColor)]</colordiffuse>
            </control>
            
            <!-- pvr info image -->
			<control type="image">
				<width>300</width>
				<height>180</height>
				<right>60</right>
                <posy>20</posy>
				<texture background="true">$VAR[PVRInfoThumb]</texture>
                <aspectratio align="right" aligny="center">keep</aspectratio>
			</control>
            
            <!--Header-->
            <control type="label">
                <description>Heading</description>
                <posx>695</posx>
                <posy>10</posy>
                <width>1200</width>
				<font>Bold45</font>
				<textcolor>$INFO[Skin.String(GeneralTextColor)]</textcolor>
                <label>19047</label>
                <align>left</align>
				<height>100</height>
            </control>
			<!-- program title -->
			<control type="label">
				<posx>695</posx>
				<posy>150</posy>
				<width>800</width>
				<font>Reg36</font>
				<align>left</align>
				<textcolor>$INFO[Skin.String(ViewDetailsTextColor)]</textcolor>
                <shadowcolor>$INFO[Skin.String(ViewDetailsTextShadowColor)]</shadowcolor>
				<label>$INFO[ListItem.Label]$VAR[PVRBullet]$INFO[ListItem.Season,$LOCALIZE[31000],:]$INFO[ListItem.Episode,$LOCALIZE[31001],]$VAR[PVRBullet2]$INFO[ListItem.EpisodeName]</label>
			</control>
            <control type="group">
                <posx>675</posx>
                <posy>214</posy>
                <control type="image">
					<posy>-1</posy>
                    <width>1200</width>
                    <height>298</height>
                    <texture border="5">dialogs/default/inner.png</texture>
                </control>
                <control type="button">
                    <description>Time</description>
                    <posx>0</posx>
                    <posy>0</posy>
                    <width>1200</width>
                    <height>60</height>
                    <align>left</align>
                    <textoffsetx>20</textoffsetx>
                    <textwidth>540</textwidth>
					<disabledcolor>$INFO[Skin.String(GeneralTextColor)]</disabledcolor>
                    <textcolor>$INFO[Skin.String(ViewDetailsTextColor)]</textcolor>
                    <texturenofocus>dialogs/default/separator.png</texturenofocus>
                    <label>$LOCALIZE[142]</label>
                    <label2>$INFO[ListItem.StartTime]$INFO[ListItem.EndTime, - ] ($INFO[ListItem.StartDate])</label2>
                    <enable>false</enable>
                </control>
                <control type="button">
                    <description>Duration</description>
                    <posx>0</posx>
                    <posy>59</posy>
                    <width>1200</width>
                    <height>60</height>
                    <align>left</align>
                    <textoffsetx>20</textoffsetx>
                    <textwidth>540</textwidth>
					<disabledcolor>$INFO[Skin.String(GeneralTextColor)]</disabledcolor>
                    <textcolor>$INFO[Skin.String(ViewDetailsTextColor)]</textcolor>
                    <texturenofocus>dialogs/default/separator.png</texturenofocus>
                    <label>$LOCALIZE[180]:</label>
                    <label2>$VAR[ListItemDuration]</label2>
                    <enable>false</enable>
                </control>
                <control type="button">
                    <description>Channel</description>
                    <posx>0</posx>
                    <posy>118</posy>
                    <width>1200</width>
                    <height>60</height>
                    <align>left</align>
                    <textoffsetx>20</textoffsetx>
                    <textwidth>540</textwidth>
					<disabledcolor>$INFO[Skin.String(GeneralTextColor)]</disabledcolor>
                    <textcolor>$INFO[Skin.String(ViewDetailsTextColor)]</textcolor>
                    <texturenofocus>dialogs/default/separator.png</texturenofocus>
                    <label>$LOCALIZE[19148]:</label>
                    <label2>$INFO[ListItem.ChannelName]</label2>
                    <enable>false</enable>
                </control>
                <control type="button">
                    <description>Genre</description>
                    <posx>0</posx>
                    <posy>177</posy>
                    <width>1200</width>
                    <height>60</height>
                    <align>left</align>
                    <textoffsetx>20</textoffsetx>
                    <textwidth>540</textwidth>
					<disabledcolor>$INFO[Skin.String(GeneralTextColor)]</disabledcolor>
                    <textcolor>$INFO[Skin.String(ViewDetailsTextColor)]</textcolor>
                    <texturenofocus>dialogs/default/separator.png</texturenofocus>
                    <label>$LOCALIZE[135]:</label>
                    <label2 fallback="161">$INFO[Container(99950).ListItem.Genre]</label2>
                    <enable>false</enable>
                </control>
                <control type="button">
                    <description>MPAA</description>
                    <posx>0</posx>
                    <posy>236</posy>
                    <width>1200</width>
                    <height>60</height>
                    <align>left</align>
                    <textoffsetx>20</textoffsetx>
                    <textwidth>540</textwidth>
					<disabledcolor>$INFO[Skin.String(GeneralTextColor)]</disabledcolor>
                    <textcolor>$INFO[Skin.String(ViewDetailsTextColor)]</textcolor>
                    <texturenofocus/>
                    <label>$LOCALIZE[31225]:</label>
                    <label2>$VAR[GetMPAA]</label2>
                    <enable>false</enable>
                </control>
            </control>
            <control type="image">
                <posx>675</posx>
                <posy>521</posy>
                <width>1200</width>
                <height>395</height>
                <texture border="5">dialogs/default/inner.png</texture>
            </control>
            <control type="textbox" id="400">
                <description>Plot value with no poster present</description>
                <posx>695</posx>
                <posy>534</posy>
                <width>1160</width>
                <height>323</height>
                <align>justify</align>
                <textcolor>$INFO[Skin.String(ViewDetailsTextColor)]</textcolor>
				<shadowcolor>$INFO[Skin.String(ViewDetailsTextShadowColor)]</shadowcolor>
                <pagecontrol>60</pagecontrol>
                <label fallback="161">$VAR[Plots]</label>
                <visible>String.IsEmpty(Container(99950).ListItem.Art(poster))</visible>
            </control>
            <control type="textbox" id="400">
                <description>Plot value with poster present</description>
                <posx>695</posx>
                <posy>534</posy>
                <width>898</width>
                <height>360</height>
                <align>justify</align>
                <textcolor>$INFO[Skin.String(ViewDetailsTextColor)]</textcolor>
				<shadowcolor>$INFO[Skin.String(ViewDetailsTextShadowColor)]</shadowcolor>
                <pagecontrol>61</pagecontrol>
                <label fallback="161">$VAR[Plots]</label>
                <visible>!String.IsEmpty(Container(99950).ListItem.Art(poster))</visible>
            </control>
			<control type="scrollbar" id="60">
				<right>10</right>
				<posy>523</posy>
				<height>391</height>
				<onup>60</onup>
				<ondown>60</ondown>
				<onleft>9000</onleft>
				<onright>9000</onright>
				<animation effect="fade" start="0" end="100" time="400" condition="Control.HasFocus(60) | Container.Scrolling | String.IsEqual(Skin.String(scrollbar_visibility),always_show)">Conditional</animation>
				<animation effect="fade" start="100" end="0" time="400" condition="![Control.HasFocus(60) | Container.Scrolling | String.IsEqual(Skin.String(scrollbar_visibility),always_show)]">Conditional</animation>
			</control>
			<control type="scrollbar" id="61">
				<right>10</right>
				<posy>523</posy>
				<height>391</height>
				<onup>61</onup>
				<ondown>61</ondown>
				<onleft>9000</onleft>
				<onright>9000</onright>
				<animation effect="fade" start="0" end="100" time="400" condition="Control.HasFocus(61) | Container.Scrolling | String.IsEqual(Skin.String(scrollbar_visibility),always_show)">Conditional</animation>
				<animation effect="fade" start="100" end="0" time="400" condition="![Control.HasFocus(61) | Container.Scrolling | String.IsEqual(Skin.String(scrollbar_visibility),always_show)]">Conditional</animation>
			</control>
            <control type="image">
                <right>66</right>
                <posy>543</posy>
                <width>241</width>
                <height>351</height>
                <texture background="true">$INFO[Container(99950).ListItem.Art(poster)]</texture>
                <aspectratio align="right" aligny="center">stretch</aspectratio>
            </control>
            <!--Button Group-->
            <control type="grouplist" id="9000">
                <posx>675</posx>
                <posy>940</posy>
				<onleft>back</onleft>
				<orientation>horizontal</orientation>
				<itemgap>5</itemgap>
                <onup condition="Control.IsVisible(60)">60</onup>
                <ondown condition="Control.IsVisible(60)">60</ondown>
				<onup condition="Control.IsVisible(61)">61</onup>
                <ondown condition="Control.IsVisible(61)">61</ondown>
                <defaultcontrol>5</defaultcontrol>
                <control type="button" id="5">
                    <!--Switch-->
                    <width>296</width>
                    <include>DialogButtonOther</include>
                    <label>$LOCALIZE[19165]</label>
					<font>Reg26</font>
                    <visible>Window.IsActive(PVRGuideInfo)</visible> 
                </control>
				<control type="button" id="10">
                    <!--play programme-->
                    <width>296</width>
                    <label>19190</label>
                    <include>DialogButtonOther</include>
                    <visible>Window.IsActive(PVRGuideInfo)</visible> 
                </control>
                <control type="button" id="6">
                    <!--Record-->
                    <width>296</width>
                    <label/>
                    <include>DialogButtonOther</include>
                    <visible>Window.IsActive(PVRGuideInfo)</visible> 
                </control>
                <control type="button" id="9">
                    <!--Add timer-->
                    <width>296</width>
                    <label>19061</label>
                    <include>DialogButtonOther</include>
                    <visible>Window.IsActive(PVRGuideInfo)</visible> 
                </control>
                <control type="button" id="8">
                    <!--play Recording-->
                    <width>296</width>
                    <label>19687</label>
                    <include>DialogButtonOther</include>
                    <visible>Window.IsActive(PVRRecordingInfo)</visible> 
                </control>
				<control type="button" id="4">
					<width>296</width>
					<description>Find similar</description>
					<include>DialogButtonOther</include>
					<label>19003</label>
                    <visible>Window.IsActive(PVRGuideInfo)</visible> 
				</control>
                <control type="button" id="444">
					<width>296</width>
					<description>Trailer</description>
					<include>DialogButtonOther</include>
					<label>20410</label>
                    <onclick>Close</onclick>
                    <onclick>PlayMedia($ESCINFO[Container(99950).ListItem.Trailer])</onclick>
                    <visible>!String.IsEmpty(Container(99950).ListItem.Trailer)</visible>
                </control>
				<control type="button" id="7">
                    <!--Cancel-->
                    <width>296</width>
                    <label>$LOCALIZE[222]</label>
                    <include>DialogButtonOther</include>
					<font>Reg26</font>
                    <visible>Window.IsActive(PVRGuideInfo)</visible> 
                </control>
            </control>
        </control>
    </controls>
</window>