<?xml version="1.0" encoding="UTF-8"?>
<window id="1142" type="dialog">
	<defaultcontrol always="true">9000</defaultcontrol>
	<menucontrol>9051</menucontrol>
	<controls>
		<include>CommonBackground</include>
		<control type="group">
			<top>100</top>
			<include>WindowOpenCloseAnimation</include>
			<control type="panel" id="9000">
				<left>140</left>
				<width>1920</width>
				<height>1080</height>
				<onup>9000</onup>
				<ondown>9000</ondown>
				<pagecontrol>61</pagecontrol>
				<scrolltime tween="quadratic">300</scrolltime>
				<itemlayout width="600" height="300">
					<control type="image">
						<width>440</width>
						<height>240</height>
						<texture colordiffuse="FFFFFFFF">$INFO[ListItem.Icon]</texture>
						<align>center</align>
						<aspectratio>scale</aspectratio>
					</control>
					<control type="label">
						<top>220</top>
						<left>50</left>
						<width>340</width>
						<height>90</height>
						<align>center</align>						
						<textcolor>white</textcolor>
						<shadowcolor>shadow</shadowcolor>
						<label>$INFO[ListItem.Label]</label>
					</control>
				</itemlayout>
				<focusedlayout width="342" height="190">
					<control type="group">
						<animation effect="zoom" center="130,120" start="100" end="140" time="420" tween="back" reversible="false">Focus</animation>
						<control type="image">
							<left>2</left>
							<top>2</top>
							<width>342</width>
							<height>190</height>
							<align>center</align>
							<aspectratio>scale</aspectratio>
						</control>
						<control type="image">
							<width>342</width>
							<height>190</height>
							<texture>$INFO[ListItem.Icon]</texture>
							<align>center</align>
							<aspectratio>scale</aspectratio>
						</control>
						<control type="label">
							<top>170</top>
							<left>0</left>
							<width>340</width>
							<height>90</height>
							<label>$INFO[ListItem.Label]</label>
							<align>center</align>
							<textcolor>$VAR[HighlightBarColor]</textcolor>
							<shadowcolor>shadow</shadowcolor>
						</control>
					</control>
				</focusedlayout>
				<content>
					<item>
						<label>[B][COLOR chartreuse]Abstract[/COLOR][/B]</label>
						<onclick>ActivateWindow(10025,"plugin://plugin.image.diggzwallpapers/?fanart=C%3a%5cUsers%5cjeddi%5cAppData%5cRoaming%5cKodi%5caddons%5cplugin.image.diggzwallpapers%5cfanart.jpg&amp;iconimage=C%3a%5cUsers%5cjeddi%5cAppData%5cRoaming%5cKodi%5caddons%5cplugin.image.diggzwallpapers%5cicon.png&amp;mode=5&amp;name=%5bB%5d%5bCOLOR%20blue%5dABSTRACT%5b%2fCOLOR%5d%5b%2fB%5d&amp;url=https%3a%2f%2fia601602.us.archive.org%2f6%2fitems%2ftr049_20230511%2fWALLPAPERS%2fABSTRACT%2f",return)</onclick>
						<icon>skins/switch.gif</icon>
					</item>
					<item>
						<label>Install Fentastic</label>
						<onclick>InstallAddon(skin.eminence.2.fen)</onclick>
						<icon>skins/fentastic.png</icon>
					</item>
					<item>
						<label>Install Phenomenal</label>
						<onclick>InstallAddon(skin.phenomenal.h)</onclick>
						<icon>skins/phenomenal.png</icon>
					</item>					
					<item>
						<label>Install Eminence</label>
						<onclick>InstallAddon(skin.eminence.2.mod)</onclick>
						<icon>skins/eminence.png</icon>
					</item>					
					<item>
						<label>Install ArcticFlix</label>
						<onclick>InstallAddon(skin.arctic.horizon.2)</onclick>
						<icon>skins/arctic.png</icon>
					</item>
					<item>
						<label>Install FenFlix</label>
						<onclick>InstallAddon(skin.povflix)</onclick>
						<icon>skins/diggzflix.png</icon>
					</item>
					<item>
						<label>Install SerenFlix</label>
						<onclick>InstallAddon(skin.serenflix)</onclick>
						<icon>skins/diggzflix.png</icon>
					</item>
					<item>
						<label>Install UmbrellaFlix</label>
						<onclick>InstallAddon(skin.umbrellaflix)</onclick>
						<icon>skins/diggzflix.png</icon>
					</item>
					<item>
						<label>Install DiggzFlix</label>
						<onclick>InstallAddon(skin.auraflix)</onclick>
						<icon>skins/diggzflix.png</icon>
					</item>										
					<item>
						<label>Install Diggz Kidz</label>
						<onclick>installaddon(skin.diggzkids)</onclick>
						<icon>skins/diggzkids.png</icon>
					</item>
				</content>
			</control>
		</control>
	</controls>
</window>