<?xml version="1.0" encoding="UTF-8"?>
<window>
	<onload condition="Window.IsActive(PVRGuideInfo)">SetFocus(4)</onload>
	<onload condition="Window.IsActive(PVRRecordingInfo)">SetFocus(8)</onload>
	<controls>
		<control type="group">
			<top>540</top>
			<control type="group">
				<animation effect="slide" start="-700,0" end="0,0" time="500" tween="quadratic">WindowOpen</animation>
				<animation effect="slide" end="-700,0" time="500" tween="quadratic">WindowClose</animation>
				<control type="image">
					<width>700</width>
					<height>540</height>
					<texture>colors/black90.png</texture>
				</control>
				<control type="image">
					<top>-10</top>
					<width>700</width>
					<height>540</height>
					<aspectratio>keep</aspectratio>
					<texture background="true">$INFO[ListItem.Icon]</texture>
				</control>
			</control>
			<control type="group">
				<animation effect="slide" start="1242,0" end="0,0" time="500" tween="quadratic">WindowOpen</animation>
				<animation effect="slide" end="1242,0" time="500" tween="quadratic">WindowClose</animation>
				<left>700</left>
				<control type="image">
					<width>1221</width>
					<height>540</height>
					<texture>colors/black90.png</texture>
				</control>
				<control type="group">
					<left>11</left>
					<width>1071</width>
					<height>854</height>
					<control type="grouplist">
						<top>-10</top>
						<width>1129</width>
						<height>110</height>
						<align>center</align>
						<control type="label">
							<width>1129</width>
							<height>60</height>
							<font>font30_title_bold</font>
							<textcolor>grey</textcolor>
							<scroll>true</scroll>
							<label>$INFO[ListItem.Title]</label>
						</control>
						<control type="label">
							<width>1129</width>
							<height>30</height>
							<font>font15</font>
							<textcolor>$VAR[ThemeLabelColor]</textcolor>
							<scroll>true</scroll>
							<label>$VAR[EpisodeCountVar,, - ]$INFO[ListItem.EpisodeName]</label>
						</control>
					</control>
					<control type="image">
						<left>-7</left>
						<top>99</top>
						<width>1217</width>
						<height>1</height>
						<texture colordiffuse="$VAR[ThemeLabelColor]">separator_horizontal.png</texture>
					</control>
					<control type="grouplist">
						<top>90</top>
						<width>1217</width>
						<height>85</height>
						<orientation>horizontal</orientation>
						<usecontrolcoords>true</usecontrolcoords>
						<control type="label">
							<top>18</top>
							<width>1217</width>
							<height>60</height>
							<label>$INFO[ListItem.StartTime] - $INFO[ListItem.EndTime] ($INFO[ListItem.Duration])</label>
							<font>font52_bold</font>
							<textcolor>grey</textcolor>
						</control>
					</control>
					<control type="image">
						<left>-7</left>
						<top>175</top>
						<width>1217</width>
						<height>1</height>
						<texture colordiffuse="$VAR[ThemeLabelColor]">separator_horizontal.png</texture>
					</control>
					<control type="panel" id="300">
						<left>-7</left>
						<top>171</top>
						<width>1217</width>
						<height>180</height>
						<ondown>9000</ondown>
						<orientation>horizontal</orientation>
						<scrolltime tween="quadratic" easing="out">200</scrolltime>
						<itemlayout height="72" width="1217">
							<control type="label">
								<width>1217</width>
								<height>67</height>
								<font>font15</font>
								<textcolor>$VAR[ThemeLabelColor]</textcolor>
								<label>$INFO[ListItem.Label2,, ]$INFO[ListItem.Label,[COLOR grey], [/COLOR]]</label>
								<textoffsetx>10</textoffsetx>
							</control>
						</itemlayout>
						<focusedlayout height="72" width="1217">
							<control type="image">
								<top>5</top>
								<width>1217</width>
								<height>62</height>
								<texture colordiffuse="$VAR[HighlightBarColor]" border="4">lf_classic/button/MenuItemFO.png</texture>
								<visible>Control.HasFocus(300)</visible>
								<include>VisibleFadeAnimation</include>
							</control>
							<control type="label">
								<width>1217</width>
								<height>67</height>
								<font>font15</font>
								<label>$INFO[ListItem.Label2,, ]$INFO[ListItem.Label]</label>
								<animation effect="fade" start="100" end="70" time="300" tween="sine" easing="inout" condition="!Control.HasFocus(300)">Conditional</animation>
								<textoffsetx>10</textoffsetx>
							</control>
						</focusedlayout>
						<content>
							<item>
								<label>$INFO[ListItem.StartDate]</label>
								<label2>$LOCALIZE[552]:</label2>
								<visible>!String.IsEmpty(ListItem.StartDate)</visible>
							</item>
							<item>
								<label>$INFO[ListItem.Genre]</label>
								<label2>$LOCALIZE[515]:</label2>
								<visible>!String.IsEmpty(ListItem.Genre)</visible>
							</item>
							<item>
								<label>$INFO[ListItem.DateAdded]</label>
								<label2>$LOCALIZE[570]:</label2>
								<visible>!String.IsEmpty(ListItem.DateAdded)</visible>
							</item>
							<item>
								<label>$INFO[ListItem.PlayCount]</label>
								<label2>$LOCALIZE[567]:</label2>
								<visible>!String.IsEmpty(ListItem.PlayCount)</visible>
							</item>
							<item>
								<label>$INFO[ListItem.LastPlayed]</label>
								<label2>$LOCALIZE[568]:</label2>
								<visible>!String.IsEmpty(ListItem.LastPlayed)</visible>
							</item>
						</content>
					</control>
					<control type="image">
						<left>-7</left>
						<top>310</top>
						<width>1217</width>
						<height>1</height>
						<texture colordiffuse="$VAR[ThemeLabelColor]">separator_horizontal.png</texture>
					</control>
					<control type="image">
						<left>-7</left>
						<top>371</top>
						<width>1217</width>
						<height>1</height>
						<texture colordiffuse="$VAR[ThemeLabelColor]">separator_horizontal.png</texture>
					</control>
					<control type="button">
						<left>-7</left>
						<top>122</top>
						<width>25</width>
						<height>25</height>
						<texturefocus flipx="true" colordiffuse="grey">arrowright2.png</texturefocus>
						<texturenofocus flipx="true" colordiffuse="grey">arrowright2.png</texturenofocus>
						<visible>Container(300).HasPrevious</visible>
						<animation effect="fade" start="100" end="0" time="0" condition="Container(300).OnPrevious">Conditional</animation>
						<include>VisibleFadeAnimation</include>
					</control>
					<control type="button">
						<left>1192</left>
						<top>122</top>
						<width>25</width>
						<height>25</height>
						<texturefocus colordiffuse="grey">arrowright2.png</texturefocus>
						<texturenofocus colordiffuse="grey">arrowright2.png</texturenofocus>
						<visible>Container(300).HasNext</visible>
						<animation effect="fade" start="100" end="0" time="0" condition="Container(300).OnNext">Conditional</animation>
						<include>VisibleFadeAnimation</include>
					</control>
					<control type="group">
						<left>-7</left>
						<top>10</top>
						<control type="grouplist" id="9000">
							<top>301</top>
							<width>1217</width>
							<height>60</height>
							<onleft>9000</onleft>
							<onright>9000</onright>
							<onup>300</onup>
							<ondown>9001</ondown>
							<align>right</align>
							<orientation>horizontal</orientation>
							<control type="button" id="5">
								<description>Switch to Channel</description>
								<width>auto</width>
								<label>19165</label>
								<visible>Window.IsActive(PVRGuideInfo)</visible>
							</control>
							<control type="button" id="10">
								<description>Play Program</description>
								<width>auto</width>
								<label>19190</label>
								<visible>Window.IsActive(PVRGuideInfo)</visible>
							</control>
							<control type="button" id="99">
								<description>Delete recording</description>
								<width>auto</width>
								<label>$LOCALIZE[117]</label>
								<onclick>Dialog.Close(pvrrecordinginfo)</onclick>
								<onclick>Action(delete,tvrecordings)</onclick>
								<visible>Window.IsActive(PVRRecordingInfo)</visible>
							</control>
							<control type="button" id="6">
								<description>Record</description>
								<width>auto</width>
								<visible>Window.IsActive(PVRGuideInfo)</visible>
							</control>
							<control type="button" id="9">
								<description>Timer</description>
								<width>auto</width>
								<label>19061</label>
								<visible>Window.IsActive(PVRGuideInfo)</visible>
							</control>
							<control type="button" id="8">
								<description>Play recording</description>
								<width>auto</width>
								<label>19687</label>
							</control>
							<control type="button" id="11">
								<description>Set reminder</description>
								<width>auto</width>
								<label>826</label>
								<visible>Window.IsActive(PVRGuideInfo)</visible>
							</control>
							<control type="button" id="4">
								<description>Find similar</description>
								<width>auto</width>
								<label>19003</label>
							</control>
						</control>
					</control>
				</control>
				<control type="grouplist" id="9001">
					<top>372</top>
					<width>1217</width>
					<height>204</height>
					<onup>9000</onup>
					<ondown>noop</ondown>
					<pagecontrol>70</pagecontrol>
					<scrolltime tween="quadratic" easing="out">300</scrolltime>
					<control type="group" id="90017">
						<width>1217</width>
						<height>204</height>
						<control type="button" id="900171">
							<description>FS Plot</description>
							<texturenofocus />
							<width>1217</width>
							<height>214</height>
							<label />
							<onup>9000</onup>
							<ondown>50</ondown>
							<include>ButtonInfoDialogsCommonValues</include>
							<onclick>SetProperty(TextViewerHeader,$ESCINFO[ListItem.Title,[B],[/B]],Home)</onclick>
							<onclick>SetProperty(TextViewerSubHeader,$ESCINFO[ListItem.EpisodeName,[I],[/I]],Home)</onclick>
							<onclick>SetProperty(TextViewerContent,$ESCINFO[ListItem.Plot],Home)</onclick>
							<onclick>ActivateWindow(1112)</onclick>
						</control>
						<control type="textbox" id="4">
							<description>Plot</description>
							<left>10</left>
							<top>3</top>
							<width>1197</width>
							<height>174</height>
							<pagecontrol />
							<align>justify</align>
							<label>$INFO[ListItem.Plot]</label>
							<autoscroll time="3000" delay="6000" repeat="6000">Skin.HasSetting(Enable.AutoScroll) + !Control.HasFocus(900171)</autoscroll>
							<animation effect="fade" start="0" end="100" time="500" tween="sine" easing="inout">VisibleChange</animation>
							<animation effect="fade" start="100" end="78" time="300" tween="sine" easing="inout" condition="!Control.HasFocus(900171)">Conditional</animation>
						</control>
					</control>
				</control>
			</control>
		</control>
	</controls>
</window>