<?xml version="1.0" encoding="UTF-8"?>
<window>
	<defaultcontrol always="true">29</defaultcontrol>
	<coordinates>
		<system>1</system>
		<left>9</left>
		<top>125</top>
	</coordinates>
	<include>DialogOpenCloseAnimation</include>
	<controls>
		<control type="image">
			<width>1902</width>
			<height>830</height>
			<texture border="40">dialogs/default/bg.png</texture>
		</control>
		<control type="image">
			<left>20</left>
			<top>87</top>
			<width>1862</width>
			<height>1</height>
			<texture colordiffuse="grey4">separator_horizontal.png</texture>
		</control>
		<control type="group">
			<left>20</left>
			<top>88</top>
			<control type="image">
				<left>311</left>
				<width>1</width>
				<height>720</height>
				<texture colordiffuse="grey4">separator_vertical.png</texture>
			</control>
			<control type="grouplist" id="9000">
				<onleft>72</onleft>
				<onright>13</onright>
				<onup>9000</onup>
				<ondown>9000</ondown>
				<control type="button" id="29">
					<description>OK</description>
					<width>310</width>
					<height>80</height>
					<label>186</label>
				</control>
				<control type="togglebutton" id="34">
					<description>TV/Radio toggle</description>
					<width>310</width>
					<height>80</height>
					<label>$LOCALIZE[31459]</label>
					<altlabel>$LOCALIZE[19173]</altlabel>
					<usealttexture>!String.IsEmpty(Window.Property(IsRadio))</usealttexture>
				</control>
				<control type="button" id="26">
					<description>Add Group</description>
					<width>310</width>
					<height>80</height>
					<label>31503</label>
				</control>
				<control type="button" id="27">
					<description>Rename Group</description>
					<width>310</width>
					<height>80</height>
					<label>31504</label>
				</control>
				<control type="button" id="28">
					<description>Delete Group</description>
					<width>310</width>
					<height>80</height>
					<label>31505</label>
				</control>
				<control type="radiobutton" id="25">
					<description>Hide Group</description>
					<width>310</width>
					<height>80</height>
					<label>$LOCALIZE[19289]</label>
				</control>
				<control type="button" id="35">
					<description>Regenerate Thumbnails</description>
					<width>310</width>
					<height>80</height>
					<label>13315</label>
				</control>
			</control>
		</control>
		<control type="group">
			<left>302</left>
			<control type="group">
				<description>Group list</description>
				<control type="image">
					<left>526</left>
					<top>88</top>
					<width>1</width>
					<height>720</height>
					<texture colordiffuse="grey4">separator_vertical.png</texture>
				</control>
				<control type="image">
					<left>534</left>
					<top>88</top>
					<width>1</width>
					<height>720</height>
					<texture colordiffuse="grey4">separator_vertical.png</texture>
				</control>
				<control type="label">
					<description>name label</description>
					<left>31</left>
					<top>32</top>
					<width>495</width>
					<height>40</height>
					<font>font15</font>
					<textcolor>dialogheader</textcolor>
					<textoffsetx>15</textoffsetx>
					<label>$INFO[Container(13).NumItems,$LOCALIZE[31506] (,)]</label>
				</control>
				<control type="list" id="13">
					<left>31</left>
					<top>88</top>
					<width>495</width>
					<height>720</height>
					<onup>13</onup>
					<ondown>13</ondown>
					<onleft>29</onleft>
					<onright>73</onright>
					<pagecontrol>73</pagecontrol>
					<scrolltime tween="quadratic" easing="out">200</scrolltime>
					<itemlayout height="80">
						<control type="label">
							<width>440</width>
							<height>80</height>
							<font>font14</font>
							<textoffsetx>15</textoffsetx>
							<textcolor>grey2</textcolor>
							<label>$INFO[ListItem.Label]</label>
						</control>
						<control type="image">
							<width>70</width>
							<height>70</height>
							<right>5</right>
							<top>5</top>
							<texture>$INFO[Container(13).ListItem.Icon]</texture>
							<aspectratio>keep</aspectratio>
						</control>
					</itemlayout>
					<focusedlayout height="80">
						<control type="image">
							<width>495</width>
							<height>80</height>
							<texture colordiffuse="$VAR[HighlightBarColor]" border="4">lf_classic/button/MenuItemFO.png</texture>
							<visible>Control.HasFocus(13)</visible>
							<include>VisibleFadeAnimation</include>
						</control>
						<control type="label">
							<width>440</width>
							<height>80</height>
							<font>font14</font>
							<textoffsetx>15</textoffsetx>
							<label>$INFO[ListItem.Label]</label>
							<animation effect="fade" start="100" end="70" time="300" tween="sine" easing="inout" condition="!Control.HasFocus(13)">Conditional</animation>
						</control>
						<control type="image">
							<width>70</width>
							<height>70</height>
							<right>5</right>
							<top>5</top>
							<texture>$INFO[Container(13).ListItem.Icon]</texture>
							<aspectratio>keep</aspectratio>
						</control>
					</focusedlayout>
				</control>
				<control type="scrollbar" id="73">
					<left>525</left>
					<top>88</top>
					<width>8</width>
					<height>720</height>
					<texturesliderbackground />
					<texturesliderbar border="1">scrollbar/texturesliderbar2.png</texturesliderbar>
					<texturesliderbarfocus border="1" colordiffuse="$VAR[ThemeLabelColor]">scrollbar/texturesliderbar2.png</texturesliderbarfocus>
					<onleft>13</onleft>
					<onright>11</onright>
					<ondown>73</ondown>
					<onup>73</onup>
					<showonepage>false</showonepage>
				</control>
			</control>
			<control type="group">
				<description>Channels list</description>
				<control type="image">
					<left>1049</left>
					<top>88</top>
					<width>1</width>
					<height>720</height>
					<texture colordiffuse="grey4">separator_vertical.png</texture>
				</control>
				<control type="image">
					<left>1057</left>
					<top>88</top>
					<width>1</width>
					<height>720</height>
					<texture colordiffuse="grey4">separator_vertical.png</texture>
				</control>
				<control type="label">
					<description>name label</description>
					<left>536</left>
					<top>32</top>
					<width>513</width>
					<height>40</height>
					<font>font15</font>
					<textcolor>dialogheader</textcolor>
					<textoffsetx>15</textoffsetx>
					<label>$INFO[Control.GetLabel(21)]$INFO[Container(11).NumItems, (,)]</label>
				</control>
				<control type="list" id="11">
					<left>536</left>
					<top>88</top>
					<width>513</width>
					<height>720</height>
					<onup>11</onup>
					<ondown>11</ondown>
					<onleft>73</onleft>
					<onright>71</onright>
					<pagecontrol>71</pagecontrol>
					<scrolltime>200</scrolltime>
					<itemlayout height="80">
						<control type="label">
							<width>458</width>
							<height>80</height>
							<font>font14</font>
							<textoffsetx>15</textoffsetx>
							<textcolor>grey2</textcolor>
							<label>$INFO[ListItem.Label]</label>
						</control>
						<control type="image">
							<width>70</width>
							<height>70</height>
							<right>5</right>
							<top>5</top>
							<texture>$INFO[ListItem.ActualIcon]</texture>
							<aspectratio>keep</aspectratio>
						</control>
					</itemlayout>
					<focusedlayout height="80">
						<control type="image">
							<width>513</width>
							<height>80</height>
							<texture colordiffuse="$VAR[HighlightBarColor]" border="4">lf_classic/button/MenuItemFO.png</texture>
							<visible>Control.HasFocus(11)</visible>
							<include>VisibleFadeAnimation</include>
						</control>
						<control type="label">
							<width>458</width>
							<height>80</height>
							<font>font14</font>
							<textoffsetx>15</textoffsetx>
							<label>$INFO[ListItem.Label]</label>
							<animation effect="fade" start="100" end="70" time="300" tween="sine" easing="inout" condition="!Control.HasFocus(11)">Conditional</animation>
						</control>
						<control type="image">
							<width>70</width>
							<height>70</height>
							<right>5</right>
							<top>5</top>
							<texture>$INFO[ListItem.ActualIcon]</texture>
							<aspectratio>keep</aspectratio>
						</control>
					</focusedlayout>
				</control>
				<control type="scrollbar" id="71">
					<left>1048</left>
					<top>88</top>
					<width>8</width>
					<height>720</height>
					<texturesliderbackground />
					<texturesliderbar border="1">scrollbar/texturesliderbar2.png</texturesliderbar>
					<texturesliderbarfocus border="1" colordiffuse="$VAR[ThemeLabelColor]">scrollbar/texturesliderbar2.png</texturesliderbarfocus>
					<onleft>11</onleft>
					<onright>12</onright>
					<ondown>71</ondown>
					<onup>71</onup>
					<showonepage>false</showonepage>
				</control>
			</control>
			<control type="group">
				<description>Grouped Channels list</description>
				<left>18</left>
				<control type="image">
					<left>1554</left>
					<top>88</top>
					<width>1</width>
					<height>720</height>
					<texture colordiffuse="grey4">separator_vertical.png</texture>
				</control>
				<control type="image">
					<left>1562</left>
					<top>88</top>
					<width>1</width>
					<height>720</height>
					<texture colordiffuse="grey4">separator_vertical.png</texture>
				</control>
				<control type="label">
					<description>name label</description>
					<left>1041</left>
					<top>32</top>
					<width>513</width>
					<height>40</height>
					<font>font15</font>
					<textcolor>dialogheader</textcolor>
					<textoffsetx>15</textoffsetx>
					<label>$INFO[Control.GetLabel(22)]$INFO[Container(12).NumItems, (,)]</label>
				</control>
				<control type="list" id="12">
					<left>1041</left>
					<top>88</top>
					<width>513</width>
					<height>720</height>
					<onup>12</onup>
					<ondown>12</ondown>
					<onleft>71</onleft>
					<onright>72</onright>
					<pagecontrol>72</pagecontrol>
					<scrolltime>200</scrolltime>
					<itemlayout height="80">
						<control type="label">
							<width>458</width>
							<height>80</height>
							<font>font14</font>
							<textoffsetx>15</textoffsetx>
							<textcolor>grey2</textcolor>
							<label>$INFO[ListItem.Label]</label>
						</control>
						<control type="image">
							<width>70</width>
							<height>70</height>
							<right>5</right>
							<top>5</top>
							<texture>$INFO[ListItem.ActualIcon]</texture>
							<aspectratio>keep</aspectratio>
						</control>
					</itemlayout>
					<focusedlayout height="80">
						<control type="image">
							<width>513</width>
							<height>80</height>
							<texture colordiffuse="$VAR[HighlightBarColor]" border="4">lf_classic/button/MenuItemFO.png</texture>
							<visible>Control.HasFocus(12)</visible>
							<include>VisibleFadeAnimation</include>
						</control>
						<control type="label">
							<width>458</width>
							<height>80</height>
							<font>font14</font>
							<textoffsetx>15</textoffsetx>
							<label>$INFO[ListItem.Label]</label>
							<animation effect="fade" start="100" end="70" time="300" tween="sine" easing="inout" condition="!Control.HasFocus(12)">Conditional</animation>
						</control>
						<control type="image">
							<width>70</width>
							<height>70</height>
							<right>5</right>
							<top>5</top>
							<texture>$INFO[ListItem.ActualIcon]</texture>
							<aspectratio>keep</aspectratio>
						</control>
					</focusedlayout>
				</control>
				<control type="scrollbar" id="72">
					<left>1553</left>
					<top>88</top>
					<width>8</width>
					<height>720</height>
					<texturesliderbackground />
					<texturesliderbar border="1">scrollbar/texturesliderbar2.png</texturesliderbar>
					<texturesliderbarfocus border="1" colordiffuse="$VAR[ThemeLabelColor]">scrollbar/texturesliderbar2.png</texturesliderbarfocus>
					<onleft>12</onleft>
					<onright>26</onright>
					<ondown>72</ondown>
					<onup>72</onup>
					<showonepage>false</showonepage>
				</control>
			</control>
		</control>
		<control type="label" id="21">
			<include>HiddenObject</include>
		</control>
		<control type="label" id="22">
			<include>HiddenObject</include>
		</control>
	</controls>
</window>