<?xml version="1.0" encoding="UTF-8"?>
<includes>
	<!-- Built-in-Select -->
	<include name="DefaultSelect">
		<include>DimBackground</include>
		<control type="group">
			<include>DialogOpenCloseAnimation</include>
			<left>210</left>
			<top>234</top>
			<animation effect="slide" end="270" condition="!Control.IsVisible(6)">Conditional</animation>
			<include content="DialogPanel">
				<param name="icon_visible">Control.IsVisible(6)</param>
				<param name="height">611</param>
				<param name="header_label">$VAR[DialogSettingsHeaderVar]</param>
				<param name="buttons_ondown">6</param>
				<param name="ok_onclick">SendClick(5)</param>
				<param name="ok_visible">Control.IsVisible(5)</param>
				<param name="more_onclick">SendClick(8)</param>
				<param name="more_visible">Control.IsVisible(8)</param>
			</include>
			<control type="group">
				<left>957</left>
				<top>68</top>
				<visible>Control.IsVisible(6)</visible>
				<control type="image">
					<left>2</left>
					<top>1</top>
					<width>539</width>
					<height>539</height>
					<fadetime>300</fadetime>
					<aspectratio>keep</aspectratio>
					<texture background="true">$VAR[DialogSelectImageVar]</texture>
				</control>
				<control type="image">
					<width>1</width>
					<height>542</height>
					<texture colordiffuse="grey4">separator_vertical.png</texture>
				</control>
			</control>
			<control type="group" id="9000">
				<control type="list" id="3">
					<left>1</left>
					<top>68</top>
					<width>956</width>
					<height>540</height>
					<onup>3</onup>
					<ondown>3</ondown>
					<onleft>90000</onleft>
					<onright>60</onright>
					<pagecontrol>60</pagecontrol>
					<scrolltime tween="quadratic" easing="out">200</scrolltime>
					<itemlayout height="60" width="950">
						<control type="label">
							<width>950</width>
							<height>60</height>
							<textoffsetx>15</textoffsetx>
							<font>font14</font>
							<textcolor>grey2</textcolor>
							<shadowcolor>shadow</shadowcolor>
							<label>$INFO[ListItem.Label]</label>
						</control>
						<control type="label">
							<width>950</width>
							<height>60</height>
							<textoffsetx>15</textoffsetx>
							<font>font14</font>
							<textcolor>grey2</textcolor>
							<shadowcolor>shadow</shadowcolor>
							<align>right</align>
							<label>$INFO[ListItem.Label2]</label>
						</control>
					</itemlayout>
					<focusedlayout height="60" width="956">
						<control type="group">
							<animation effect="fade" start="100" end="70" time="300" tween="sine" easing="inout" condition="!Control.HasFocus(3)">Conditional</animation>
							<control type="image">
								<width>956</width>
								<height>60</height>
								<texture colordiffuse="$VAR[HighlightBarColor]" border="5">listselect_fo.png</texture>
							</control>
							<control type="label">
								<width>950</width>
								<height>60</height>
								<textoffsetx>15</textoffsetx>
								<font>font14</font>
								<scroll>true</scroll>
								<shadowcolor>shadow</shadowcolor>
								<label>$INFO[ListItem.Label]</label>
							</control>
							<control type="label">
								<width>950</width>
								<height>60</height>
								<textoffsetx>15</textoffsetx>
								<font>font14</font>
								<align>right</align>
								<shadowcolor>shadow</shadowcolor>
								<label>$INFO[ListItem.Label2]</label>
							</control>
						</control>
					</focusedlayout>
				</control>
				<control type="list" id="6">
					<left>1</left>
					<top>68</top>
					<width>956</width>
					<height>540</height>
					<onup>6</onup>
					<ondown>6</ondown>
					<onleft>90000</onleft>
					<onright>60</onright>
					<pagecontrol>60</pagecontrol>
					<scrolltime tween="quadratic" easing="out">200</scrolltime>
					<itemlayout height="60" width="950">
						<control type="label">
							<width>950</width>
							<height>60</height>
							<font>font14</font>
							<textoffsetx>15</textoffsetx>
							<textcolor>grey2</textcolor>
							<shadowcolor>shadow</shadowcolor>
							<label>$VAR[DialogSelectLabelVar]</label>
						</control>
						<control type="label">
							<width>950</width>
							<height>60</height>
							<font>font13</font>
							<textoffsetx>15</textoffsetx>
							<textcolor>grey2</textcolor>
							<shadowcolor>shadow</shadowcolor>
							<align>right</align>
							<label>$VAR[DialogSelectLabel2Var]</label>
						</control>
					</itemlayout>
					<focusedlayout height="60" width="956">
						<control type="group">
							<animation effect="fade" start="100" end="70" time="300" tween="sine" easing="inout" condition="!Control.HasFocus(6)">Conditional</animation>
							<control type="image">
								<width>956</width>
								<height>60</height>
								<texture colordiffuse="$VAR[HighlightBarColor]" border="5">listselect_fo.png</texture>
							</control>
							<control type="label">
								<width>950</width>
								<height>60</height>
								<font>font14</font>
								<textoffsetx>15</textoffsetx>
								<shadowcolor>shadow</shadowcolor>
								<label>$VAR[DialogSelectLabelVar]</label>
							</control>
							<control type="label">
								<width>950</width>
								<height>60</height>
								<font>font13</font>
								<textoffsetx>15</textoffsetx>
								<align>right</align>
								<shadowcolor>shadow</shadowcolor>
								<label>$VAR[DialogSelectLabel2Var]</label>
							</control>
						</control>
					</focusedlayout>
				</control>
			</control>
			<control type="scrollbar" id="60">
				<left>948</left>
				<top>69</top>
				<width>8</width>
				<height>540</height>
				<onright condition="Control.IsVisible(8)">98</onright>
				<onright condition="Control.IsVisible(5) + !Control.IsVisible(8)">95</onright>
				<onright condition="!Control.IsVisible(5)">97</onright>
				<onleft>97</onleft>
				<ondown>60</ondown>
				<onup>60</onup>
				<texturesliderbackground>colors/black.png</texturesliderbackground>
				<texturesliderbar>colors/white25.png</texturesliderbar>
				<texturesliderbarfocus colordiffuse="$VAR[ThemeLabelColor]">colors/white.png</texturesliderbarfocus>
				<showonepage>false</showonepage>
			</control>
			<control type="label" id="1">
				<include>HiddenObject</include>
			</control>
			<control type="button" id="7">
				<description>Cancel button</description>
				<onfocus>SetFocus(97)</onfocus>
				<include>HiddenObject</include>
			</control>
			<control type="button" id="5">
				<description>Manual button</description>
				<onfocus>SetFocus(95)</onfocus>
				<include>HiddenObject</include>
			</control>
			<control type="button" id="8">
				<description>Add/Get More... button</description>
				<onfocus>SetFocus(98)</onfocus>
				<include>HiddenObject</include>
				<visible>!Window.IsActive(script-skinshortcuts.xml)</visible>
			</control>
		</control>
	</include>
	<include name="GameSelect">
		<control type="group">
			<top>750</top>
			<animation effect="slide" end="0,60" condition="!Window.IsActive(gamevideofilter)">Conditional</animation>
			<animation effect="slide" start="0,400" end="0,0" time="500" tween="cubic" easing="out">WindowOpen</animation>
			<animation effect="slide" end="0,400" start="0,0" time="500" tween="cubic" easing="out">WindowClose</animation>
			<control type="image">
				<top>1</top>
				<width>100%</width>
				<height>345</height>
				<texture colordiffuse="99FFFFFF" flipy="true" border="1,40,1,1">topbar.png</texture>
			</control>
			<control type="panel" id="11">
				<left>5</left>
				<top>25</top>
				<width>100%</width>
				<height>325</height>
				<onleft>9000</onleft>
				<onright>11</onright>
				<ondown>60</ondown>
				<onup>11</onup>
				<scrolltime tween="quadratic" easing="out">400</scrolltime>
				<viewtype label="536">icon</viewtype>
				<orientation>horizontal</orientation>
				<preloaditems>2</preloaditems>
				<itemlayout height="325" width="480">
					<control type="group">
						<left>15</left>
						<top>15</top>
						<control type="gamewindow">
							<width>400</width>
							<height>225</height>
							<videofilter>$INFO[ListItem.Property(game.videofilter)]</videofilter>
							<stretchmode>$INFO[ListItem.Property(game.stretchmode)]</stretchmode>
							<rotation>$INFO[ListItem.Property(game.videorotation)]</rotation>
						</control>
						<control type="image">
							<top>175</top>
							<width>400</width>
							<height>50</height>
							<texture>colors/black50.png</texture>
						</control>
						<control type="group">
							<visible>!String.IsEmpty(ListItem.Label2)</visible>
							<control type="label">
								<top>175</top>
								<width>400</width>
								<height>40</height>
								<textoffsetx>10</textoffsetx>
								<textcolor>grey2</textcolor>
								<label>$INFO[ListItem.Label]</label>
							</control>
							<control type="label">
								<top>175</top>
								<width>400</width>
								<height>40</height>
								<align>right</align>
								<textoffsetx>10</textoffsetx>
								<textcolor>grey2</textcolor>
								<label>$INFO[ListItem.Label2]</label>
							</control>
						</control>
						<control type="label">
							<top>175</top>
							<width>400</width>
							<height>40</height>
							<textoffsetx>10</textoffsetx>
							<textcolor>grey2</textcolor>
							<align>center</align>
							<label>$INFO[ListItem.Label]</label>
							<visible>String.IsEmpty(ListItem.Label2)</visible>
						</control>
						<control type="image">
							<width>400</width>
							<height>225</height>
							<texture>colors/black25.png</texture>
						</control>
					</control>
				</itemlayout>
				<focusedlayout height="325" width="480">
					<control type="group">
						<left>15</left>
						<top>15</top>
						<control type="gamewindow">
							<width>400</width>
							<height>225</height>
							<videofilter>$INFO[ListItem.Property(game.videofilter)]</videofilter>
							<stretchmode>$INFO[ListItem.Property(game.stretchmode)]</stretchmode>
							<rotation>$INFO[ListItem.Property(game.videorotation)]</rotation>
						</control>
						<control type="image">
							<top>175</top>
							<width>400</width>
							<height>50</height>
							<texture>colors/black50.png</texture>
						</control>
						<control type="group">
							<visible>!String.IsEmpty(ListItem.Label2)</visible>
							<control type="label">
								<top>175</top>
								<width>400</width>
								<height>40</height>
								<textoffsetx>10</textoffsetx>
								<label>$INFO[ListItem.Label]</label>
							</control>
							<control type="label">
								<top>175</top>
								<width>400</width>
								<height>40</height>
								<align>right</align>
								<textoffsetx>10</textoffsetx>
								<label>$INFO[ListItem.Label2]</label>
							</control>
						</control>
						<control type="label">
							<top>175</top>
							<width>400</width>
							<height>40</height>
							<textoffsetx>10</textoffsetx>
							<align>center</align>
							<label>$INFO[ListItem.Label]</label>
							<visible>String.IsEmpty(ListItem.Label2)</visible>
						</control>
						<control type="image">
							<width>400</width>
							<height>225</height>
							<texture>colors/black25.png</texture>
							<include>FocusFadeOutAnimation</include>
						</control>
					</control>
					<control type="image">
						<width>430</width>
						<height>255</height>
						<texture colordiffuse="$VAR[ThemeLabelColor]" border="10">thumbs/thumbnail_focused.png</texture>
						<bordersize>10</bordersize>
						<include>FocusFadeInAnimation</include>
					</control>
				</focusedlayout>
			</control>
			<control type="label" id="12">
				<top>270</top>
				<width>100%</width>
				<height>60</height>
				<align>justify</align>
				<textoffsetx>20</textoffsetx>
				<shadowcolor>shadow</shadowcolor>
				<font>font14_textbox</font>
				<scroll>true</scroll>
			</control>
		</control>
	</include>
	<!-- Custom Select -->
	<include name="CustomSelectDefaultBackPanel">
		<left>645</left>
		<top>265</top>
		<include content="BackPanel">
			<param name="left">0</param>
			<param name="top">0</param>
			<param name="width">630</param>
			<param name="height">550</param>
		</include>
		<control type="image">
			<left>1</left>
			<top>67</top>
			<width>628</width>
			<height>1</height>
			<texture colordiffuse="grey4">separator_horizontal.png</texture>
		</control>
		<control type="label" id="1">
			<width>630</width>
			<height>70</height>
			<font>font16</font>
			<label>$VAR[CustomSelectLabelVar]</label>
			<align>center</align>
			<textcolor>dialogheader</textcolor>
		</control>
	</include>
	<include name="CustomSelectSearchBackPanel">
		<left>645</left>
		<top>385.5</top>
		<include content="BackPanel">
			<param name="left">0</param>
			<param name="top">0</param>
			<param name="width">630</param>
			<param name="height">309</param>
		</include>
		<control type="image">
			<left>1</left>
			<top>67</top>
			<width>628</width>
			<height>1</height>
			<texture colordiffuse="grey4">separator_horizontal.png</texture>
		</control>
		<control type="label" id="1">
			<width>630</width>
			<height>70</height>
			<font>font16_title_bold</font>
			<label>$VAR[CustomSelectLabelVar]</label>
			<align>center</align>
			<textcolor>dialogheader</textcolor>
		</control>
	</include>
	<include name="CustomSelectGameOSDBackPanel">
		<left>560</left>
		<top>295</top>
		<include content="BackPanel">
			<param name="left">0</param>
			<param name="top">0</param>
			<param name="width">800</param>
			<param name="height">490</param>
		</include>
		<control type="image">
			<left>1</left>
			<top>67</top>
			<width>798</width>
			<height>1</height>
			<texture colordiffuse="grey4">separator_horizontal.png</texture>
		</control>
		<control type="label" id="1">
			<width>800</width>
			<height>70</height>
			<font>font16_title_bold</font>
			<label>$VAR[CustomSelectLabelVar]</label>
			<align>center</align>
			<textcolor>dialogheader</textcolor>
		</control>
	</include>
	<include name="CustomSelectLayout">
		<control type="list" id="90100">
			<left>1</left>
			<top>68</top>
			<width>628</width>
			<height>480</height>
			<onup>90100</onup>
			<ondown>90100</ondown>
			<onleft>90100</onleft>
			<onright>60</onright>
			<pagecontrol>60</pagecontrol>
			<scrolltime tween="quadratic" easing="out">200</scrolltime>
			<itemlayout height="60" width="628">
				<control type="label">
					<width>628</width>
					<height>60</height>
					<textoffsetx>15</textoffsetx>
					<font>font14</font>
					<textcolor>grey2</textcolor>
					<label>$INFO[ListItem.Label]</label>
				</control>
			</itemlayout>
			<focusedlayout height="60" width="628">
				<control type="image">
					<width>629</width>
					<height>60</height>
					<texture colordiffuse="$VAR[HighlightBarColor]" border="5">listselect_fo.png</texture>
					<visible>Control.HasFocus(90100)</visible>
					<include>VisibleFadeAnimation</include>
				</control>
				<control type="label">
					<width>628</width>
					<height>60</height>
					<textoffsetx>15</textoffsetx>
					<font>font14</font>
					<scroll>true</scroll>
					<label>$INFO[ListItem.Label]</label>
					<animation effect="fade" start="100" end="70" time="300" tween="sine" easing="inout" condition="!Control.HasFocus(90100)">Conditional</animation>
				</control>
			</focusedlayout>
			<content>
				<include condition="!String.IsEmpty(Window(movieinformation).Property(ActorName))">SelectActorName</include>
				<include condition="String.IsEqual(Window(Home).Property(CustomSelect),search)">SelectSearch</include>
				<include condition="String.IsEqual(Window(Home).Property(CustomSelect),mainmenulayout)">SelectMainMenuLayout</include>
				<include condition="String.IsEqual(Window(Home).Property(CustomSelect),fanarttimeperimage)">SelectFanartTimePerImage</include>
				<include condition="String.IsEqual(Window(Home).Property(CustomSelect),defaultbackground)">SelectDefaultBackground</include>
				<include condition="String.IsEqual(Window(Home).Property(CustomSelect),languageflags)">SelectLanguageFlags</include>
				<include condition="String.IsEqual(Window(Home).Property(CustomSelect),widgetopacity)">SelectWidgetOpacity</include>
				<include condition="String.IsEqual(Window(Home).Property(CustomSelect),widgetback)">SelectWidgetBack</include>
				<include condition="String.IsEqual(Window(Home).Property(CustomSelect),widgetcaseinfo)">SelectWidgetCaseInfo</include>
				<include condition="String.IsEqual(Window(Home).Property(CustomSelect),myflixdimmer)">SelectMyFlixDimmer</include>
				<include condition="String.IsEqual(Window(Home).Property(CustomSelect),dialoginfodimmer)">SelectDialogInfoDimmer</include>
				<include condition="String.IsEqual(Window(Home).Property(CustomSelect),musicvizbackground)">SelectMusicVizBackground</include>
				<include condition="String.IsEqual(Window(Home).Property(CustomSelect),pvrguidelogos)">SelectPVRGuideLogos</include>
				<include condition="String.IsEqual(Window(Home).Property(CustomSelect),musicgenreiconpath)">SelectMusicGenreIconPath</include>
				<include condition="String.IsEqual(Window(Home).Property(CustomSelect),moviegenreiconpath)">SelectMovieGenreIconPath</include>
				<include condition="String.IsEqual(Window(Home).Property(CustomSelect),autohidevideoosd)">SelectAutoHideVideoOSD</include>
				<include condition="String.IsEqual(Window(Home).Property(CustomSelect),autohidemusicosd)">SelectAutoHideMusicOSD</include>
				<include condition="String.IsEqual(Window(Home).Property(CustomSelect),rightlistbackgrounddim)">SelectRightListBackgroundDim</include>
				<include condition="String.IsEqual(Window(Home).Property(CustomSelect),fallbackbackground)">SelectFallbackBackground</include>
				<include condition="String.IsEqual(Window(Home).Property(CustomSelect),startupintro)">SelectStartupIntro</include>
			</content>
		</control>
		<control type="scrollbar" id="60">
			<left>617</left>
			<top>69</top>
			<height>480</height>
			<width>12</width>
			<onleft>90100</onleft>
			<onright>90100</onright>
			<ondown>60</ondown>
			<onup>60</onup>
			<texturesliderbackground>colors/black.png</texturesliderbackground>
			<texturesliderbar>colors/white25.png</texturesliderbar>
			<texturesliderbarfocus colordiffuse="$VAR[ThemeLabelColor]">colors/white.png</texturesliderbarfocus>
			<showonepage>false</showonepage>
		</control>
	</include>
	<include name="CustomGameOSDLayout">
		<control type="list" id="90100">
			<left>1</left>
			<top>68</top>
			<width>798</width>
			<height>420</height>
			<onup>90100</onup>
			<ondown>90100</ondown>
			<scrolltime tween="quadratic" easing="out">200</scrolltime>
			<itemlayout height="60" width="798">
				<control type="label">
					<width>798</width>
					<height>60</height>
					<textoffsetx>15</textoffsetx>
					<font>font14</font>
					<textcolor>grey2</textcolor>
					<label>$INFO[ListItem.Label]</label>
				</control>
				<control type="label">
					<width>798</width>
					<height>60</height>
					<textoffsetx>15</textoffsetx>
					<font>font14</font>
					<textcolor>grey2</textcolor>
					<align>right</align>
					<label>$INFO[ListItem.Label2]</label>
				</control>
			</itemlayout>
			<focusedlayout height="60" width="798">
				<control type="image">
					<width>798</width>
					<height>60</height>
					<texture colordiffuse="$VAR[HighlightBarColor]" border="5">listselect_fo.png</texture>
					<visible>Control.HasFocus(90100)</visible>
					<include>VisibleFadeAnimation</include>
				</control>
				<control type="group">
					<animation effect="fade" start="100" end="70" time="300" tween="sine" easing="inout" condition="!Control.HasFocus(90100)">Conditional</animation>
					<control type="label">
						<width>798</width>
						<height>60</height>
						<textoffsetx>15</textoffsetx>
						<font>font14</font>
						<scroll>true</scroll>
						<label>$INFO[ListItem.Label]</label>
					</control>
					<control type="label">
						<width>798</width>
						<height>60</height>
						<textoffsetx>15</textoffsetx>
						<font>font14</font>
						<align>right</align>
						<label>$INFO[ListItem.Label2]</label>
					</control>
				</control>
			</focusedlayout>
			<content>
				<include>SelectGameOSDSettings</include>
			</content>
		</control>
	</include>
	<include name="SelectGameOSDSettings">
		<item>
			<description>Video filter button</description>
			<label>$LOCALIZE[35225]</label>
			<onclick>ActivateWindow(GameVideoFilter)</onclick>
		</item>
		<item>
			<description>Stretch mode button</description>
			<label>$LOCALIZE[35233]</label>
			<onclick>ActivateWindow(GameStretchMode)</onclick>
		</item>
		<item>
			<description>Video rotation button</description>
			<label>$LOCALIZE[35227]</label>
			<onclick>ActivateWindow(GameVideoRotation)</onclick>
		</item>
		<item>
			<description>Volume button</description>
			<label>$LOCALIZE[13376]</label>
			<label2>[COLOR grey]Select + Right Stick[/COLOR]</label2>
			<onclick>ActivateWindow(GameVolume)</onclick>
		</item>
		<item>
			<description>Controller settings button</description>
			<label>$LOCALIZE[35234]</label>
			<onclick>ActivateWindow(GameControllers)</onclick>
		</item>
		<item>
			<description>Controller port config</description>
			<label>$LOCALIZE[35110]</label>
			<onclick>ActivateWindow(GamePorts)</onclick>
		</item>
		<item>
			<description>Advanced settings</description>
			<label>$LOCALIZE[35226]</label>
			<onclick>ActivateWindow(GameAdvancedSettings)</onclick>
		</item>
	</include>
	<include name="SelectSearch">
		<item>
			<label>$LOCALIZE[31472]</label>
			<onclick>Dialog.Close(1129)</onclick>
			<onclick>SendClick(videos,8)</onclick>
			<visible>Window.IsActive(videos)</visible>
		</item>
		<item>
			<label>$LOCALIZE[31456]</label>
			<onclick>Dialog.Close(1129)</onclick>
			<onclick condition="System.hasAddon(script.globalsearch)">RunScript(script.globalsearch)</onclick>
			<onclick condition="!System.hasAddon(script.globalsearch)">InstallAddon(script.globalsearch)</onclick>
		</item>
		<item>
			<label>$LOCALIZE[31457]</label>
			<onclick>Dialog.Close(1129)</onclick>
			<onclick condition="System.hasAddon(plugin.video.youtube)">ActivateWindow(videos,"plugin://plugin.video.youtube/kodion/search/list/",return)</onclick>
			<onclick condition="!System.hasAddon(plugin.video.youtube)">InstallAddon(plugin.video.youtube)</onclick>
		</item>
		<item>
			<label>$LOCALIZE[31458]</label>
			<onclick>Dialog.Close(1129)</onclick>
			<onclick condition="System.hasAddon(script.embuary.info)">RunScript(script.embuary.info)</onclick>
			<onclick condition="!System.hasAddon(script.embuary.info)">InstallAddon(script.embuary.info)</onclick>
		</item>
	</include>
	<include name="SelectActorName">
		<item>
			<label>$LOCALIZE[31148]</label>
			<onclick>Dialog.Close(1129)</onclick>
			<onclick>SetProperty(DoAction,True,movieinformation)</onclick>
		</item>
		<item>
			<label>$LOCALIZE[31149]</label>
			<onclick>Dialog.Close(1129)</onclick>
			<onclick>ClearProperty(ActorID,movieinformation)</onclick>
			<onclick>ClearProperty(DirectorID,movieinformation)</onclick>
			<onclick>RunScript(plugin.video.themoviedb.helper,add_query='"$ESCINFO[Window(movieinformation).Property(ActorName)]"',type=person,call_auto=1111)</onclick>
			<onclick>ClearProperty(ActorName,movieinformation)</onclick>
		</item>
	</include>
	<include name="SelectMainMenuLayout">
		<item>
			<label>Horizontal Menu</label>
			<onclick>Dialog.Close(1129)</onclick>
			<onclick>Skin.Reset(MainMenu.Layout)</onclick>
		</item>
		<item>
			<label>$LOCALIZE[31994]</label>
			<onclick>Dialog.Close(1129)</onclick>
			<onclick>Skin.SetString(MainMenu.Layout,vertical)</onclick>
		</item>
	</include>
	<include name="SelectFanartTimePerImage">
		<item>
			<label>2 $LOCALIZE[31090]</label>
			<onclick>Dialog.Close(1129)</onclick>
			<onclick>Skin.SetString(FanartTimePerImage,2)</onclick>
		</item>
		<item>
			<label>3 $LOCALIZE[31090]</label>
			<onclick>Dialog.Close(1129)</onclick>
			<onclick>Skin.SetString(FanartTimePerImage,3)</onclick>
		</item>
		<item>
			<label>4 $LOCALIZE[31090]</label>
			<onclick>Dialog.Close(1129)</onclick>
			<onclick>Skin.SetString(FanartTimePerImage,4)</onclick>
		</item>
		<item>
			<label>5 $LOCALIZE[31090]</label>
			<onclick>Dialog.Close(1129)</onclick>
			<onclick>Skin.SetString(FanartTimePerImage,5)</onclick>
		</item>
		<item>
			<label>6 $LOCALIZE[31090]</label>
			<onclick>Dialog.Close(1129)</onclick>
			<onclick>Skin.SetString(FanartTimePerImage,6)</onclick>
		</item>
		<item>
			<label>7 $LOCALIZE[31090]</label>
			<onclick>Dialog.Close(1129)</onclick>
			<onclick>Skin.Reset(FanartTimePerImage)</onclick>
		</item>
		<item>
			<label>8 $LOCALIZE[31090]</label>
			<onclick>Dialog.Close(1129)</onclick>
			<onclick>Skin.SetString(FanartTimePerImage,8)</onclick>
		</item>
		<item>
			<label>9 $LOCALIZE[31090]</label>
			<onclick>Dialog.Close(1129)</onclick>
			<onclick>Skin.SetString(FanartTimePerImage,9)</onclick>
		</item>
		<item>
			<label>10 $LOCALIZE[31090]</label>
			<onclick>Dialog.Close(1129)</onclick>
			<onclick>Skin.SetString(FanartTimePerImage,10)</onclick>
		</item>
		<item>
			<label>15 $LOCALIZE[31090]</label>
			<onclick>Dialog.Close(1129)</onclick>
			<onclick>Skin.SetString(FanartTimePerImage,15)</onclick>
		</item>
		<item>
			<label>20 $LOCALIZE[31090]</label>
			<onclick>Dialog.Close(1129)</onclick>
			<onclick>Skin.SetString(FanartTimePerImage,20)</onclick>
		</item>
		<item>
			<label>30 $LOCALIZE[31090]</label>
			<onclick>Dialog.Close(1129)</onclick>
			<onclick>Skin.SetString(FanartTimePerImage,30)</onclick>
		</item>
		<item>
			<label>60 $LOCALIZE[31090]</label>
			<onclick>Dialog.Close(1129)</onclick>
			<onclick>Skin.SetString(FanartTimePerImage,60)</onclick>
		</item>
		<item>
			<label>90 $LOCALIZE[31090]</label>
			<onclick>Dialog.Close(1129)</onclick>
			<onclick>Skin.SetString(FanartTimePerImage,90)</onclick>
		</item>
	</include>
	<include name="SelectLanguageFlags">
		<item>
			<label>$LOCALIZE[231]</label>
			<onclick>Dialog.Close(1129)</onclick>
			<onclick>Skin.Reset(LanguageFlags)</onclick>
		</item>
		<item>
			<label>$LOCALIZE[292]</label>
			<onclick>Dialog.Close(1129)</onclick>
			<onclick>Skin.SetString(LanguageFlags,1)</onclick>
		</item>
		<item>
			<label>$LOCALIZE[287]</label>
			<onclick>Dialog.Close(1129)</onclick>
			<onclick>Skin.SetString(LanguageFlags,2)</onclick>
		</item>
		<item>
			<label>$LOCALIZE[21475]</label>
			<onclick>Dialog.Close(1129)</onclick>
			<onclick>Skin.SetString(LanguageFlags,3)</onclick>
		</item>
	</include>
	<include name="SelectWidgetOpacity">
		<item>
			<label>100%</label>
			<onclick>Dialog.Close(1129)</onclick>
			<onclick>Skin.Reset(Widget.Trans)</onclick>
		</item>
		<item>
			<label>95%</label>
			<onclick>Dialog.Close(1129)</onclick>
			<onclick>Skin.SetString(Widget.Trans,95)</onclick>
		</item>
		<item>
			<label>90%</label>
			<onclick>Dialog.Close(1129)</onclick>
			<onclick>Skin.SetString(Widget.Trans,90)</onclick>
		</item>
		<item>
			<label>85%</label>
			<onclick>Dialog.Close(1129)</onclick>
			<onclick>Skin.SetString(Widget.Trans,85)</onclick>
		</item>
		<item>
			<label>80%</label>
			<onclick>Dialog.Close(1129)</onclick>
			<onclick>Skin.SetString(Widget.Trans,80)</onclick>
		</item>
		<item>
			<label>75%</label>
			<onclick>Dialog.Close(1129)</onclick>
			<onclick>Skin.SetString(Widget.Trans,75)</onclick>
		</item>
		<item>
			<label>70%</label>
			<onclick>Dialog.Close(1129)</onclick>
			<onclick>Skin.SetString(Widget.Trans,70)</onclick>
		</item>
		<item>
			<label>65%</label>
			<onclick>Dialog.Close(1129)</onclick>
			<onclick>Skin.SetString(Widget.Trans,65)</onclick>
		</item>
		<item>
			<label>60%</label>
			<onclick>Dialog.Close(1129)</onclick>
			<onclick>Skin.SetString(Widget.Trans,60)</onclick>
		</item>
		<item>
			<label>55%</label>
			<onclick>Dialog.Close(1129)</onclick>
			<onclick>Skin.SetString(Widget.Trans,55)</onclick>
		</item>
		<item>
			<label>50%</label>
			<onclick>Dialog.Close(1129)</onclick>
			<onclick>Skin.SetString(Widget.Trans,50)</onclick>
		</item>
	</include>
	<include name="SelectWidgetBack">
		<item>
			<label>$LOCALIZE[571]</label>
			<onclick>Dialog.Close(1129)</onclick>
			<onclick>Skin.Reset(Widget.Back)</onclick>
		</item>
		<item>
			<label>$LOCALIZE[31723]</label>
			<onclick>Dialog.Close(1129)</onclick>
			<onclick>Skin.SetString(Widget.Back,Flat)</onclick>
		</item>
		<item>
			<label>$LOCALIZE[31542]</label>
			<onclick>Dialog.Close(1129)</onclick>
			<onclick>Skin.SetString(Widget.Back,Clear)</onclick>
		</item>
		<item>
			<label>$LOCALIZE[31724]</label>
			<onclick>Dialog.Close(1129)</onclick>
			<onclick>Skin.SetString(Widget.Back,Clear White)</onclick>
		</item>
		<item>
			<label>$LOCALIZE[31725]</label>
			<onclick>Dialog.Close(1129)</onclick>
			<onclick>Skin.SetString(Widget.Back,Colored Default)</onclick>
		</item>
		<item>
			<label>$LOCALIZE[31726]</label>
			<onclick>Dialog.Close(1129)</onclick>
			<onclick>Skin.SetString(Widget.Back,Colored Flat)</onclick>
		</item>
		<item>
			<label>$LOCALIZE[31727]</label>
			<onclick>Dialog.Close(1129)</onclick>
			<onclick>Skin.SetString(Widget.Back,Colored Clear)</onclick>
		</item>
		<item>
			<label>$LOCALIZE[31728]</label>
			<onclick>Dialog.Close(1129)</onclick>
			<onclick>Skin.SetString(Widget.Back,Colored Clear White)</onclick>
		</item>
		<item>
			<label>$LOCALIZE[231]</label>
			<onclick>Dialog.Close(1129)</onclick>
			<onclick>Skin.SetString(Widget.Back,)</onclick>
		</item>
	</include>
	<include name="SelectWidgetCaseInfo">
		<item>
			<label>$LOCALIZE[231]</label>
			<onclick>Dialog.Close(1129)</onclick>
			<onclick>Skin.Reset(Widget.CaseInfo)</onclick>
		</item>
		<item>
			<label>$LOCALIZE[31721]</label>
			<onclick>Dialog.Close(1129)</onclick>
			<onclick>Skin.SetString(Widget.CaseInfo,Glass)</onclick>
		</item>
		<item>
			<label>$LOCALIZE[31707]</label>
			<onclick>Dialog.Close(1129)</onclick>
			<onclick>Skin.SetString(Widget.CaseInfo,Case)</onclick>
		</item>
		<item>
			<label>$LOCALIZE[31722]</label>
			<onclick>Dialog.Close(1129)</onclick>
			<onclick>Skin.SetString(Widget.CaseInfo,Clear Case)</onclick>
		</item>
		<item>
			<label>$LOCALIZE[31746]</label>
			<onclick>Dialog.Close(1129)</onclick>
			<onclick>Skin.SetString(Widget.CaseInfo,Match widget panel)</onclick>
		</item>
	</include>
	<include name="SelectMyFlixDimmer">
		<item>
			<label>50% - $LOCALIZE[571]</label>
			<onclick>Dialog.Close(1129)</onclick>
			<onclick>Skin.Reset(MyFlix.Dimmer)</onclick>
		</item>
		<item>
			<label>40%</label>
			<onclick>Dialog.Close(1129)</onclick>
			<onclick>Skin.SetString(MyFlix.Dimmer,40%)</onclick>
		</item>
		<item>
			<label>30%</label>
			<onclick>Dialog.Close(1129)</onclick>
			<onclick>Skin.SetString(MyFlix.Dimmer,30%)</onclick>
		</item>
		<item>
			<label>20%</label>
			<onclick>Dialog.Close(1129)</onclick>
			<onclick>Skin.SetString(MyFlix.Dimmer,20%)</onclick>
		</item>
		<item>
			<label>10%</label>
			<onclick>Dialog.Close(1129)</onclick>
			<onclick>Skin.SetString(MyFlix.Dimmer,10%)</onclick>
		</item>
		<item>
			<label>0%</label>
			<onclick>Dialog.Close(1129)</onclick>
			<onclick>Skin.SetString(MyFlix.Dimmer,0%)</onclick>
		</item>
	</include>
	<include name="SelectDialogInfoDimmer">
		<item>
			<label>90%</label>
			<onclick>Dialog.Close(1129)</onclick>
			<onclick>Skin.SetString(DialogInfo.Dimmer,90%)</onclick>
		</item>
		<item>
			<label>85% - $LOCALIZE[571]</label>
			<onclick>Dialog.Close(1129)</onclick>
			<onclick>Skin.Reset(DialogInfo.Dimmer)</onclick>
		</item>
		<item>
			<label>80%</label>
			<onclick>Dialog.Close(1129)</onclick>
			<onclick>Skin.SetString(DialogInfo.Dimmer,80%)</onclick>
		</item>
		<item>
			<label>75%</label>
			<onclick>Dialog.Close(1129)</onclick>
			<onclick>Skin.SetString(DialogInfo.Dimmer,75%)</onclick>
		</item>
		<item>
			<label>70%</label>
			<onclick>Dialog.Close(1129)</onclick>
			<onclick>Skin.SetString(DialogInfo.Dimmer,70%)</onclick>
		</item>
		<item>
			<label>65%</label>
			<onclick>Dialog.Close(1129)</onclick>
			<onclick>Skin.SetString(DialogInfo.Dimmer,65%)</onclick>
		</item>
		<item>
			<label>60%</label>
			<onclick>Dialog.Close(1129)</onclick>
			<onclick>Skin.SetString(DialogInfo.Dimmer,60%)</onclick>
		</item>
		<item>
			<label>55%</label>
			<onclick>Dialog.Close(1129)</onclick>
			<onclick>Skin.SetString(DialogInfo.Dimmer,55%)</onclick>
		</item>
		<item>
			<label>50%</label>
			<onclick>Dialog.Close(1129)</onclick>
			<onclick>Skin.SetString(DialogInfo.Dimmer,50%)</onclick>
		</item>
	</include>
	<include name="SelectDefaultBackground">
		<item>
			<label>$LOCALIZE[13007]</label>
			<onclick>Dialog.Close(1129)</onclick>
			<onclick>Skin.Reset(CustomDefaultBackground.path)</onclick>
		</item>
		<item>
			<label>$LOCALIZE[31023]</label>
			<onclick>Dialog.Close(1129)</onclick>
			<onclick>Skin.SetImage(CustomDefaultBackground.path,special://skin/extras/backgrounds)</onclick>
		</item>
		<item>
			<label>$LOCALIZE[31110]</label>
			<onclick>Dialog.Close(1129)</onclick>
			<onclick>Skin.SetImage(CustomDefaultBackground.path,special://skin/backgrounds/solidcolors)</onclick>
		</item>
		<item>
			<label>$LOCALIZE[31022]</label>
			<onclick>Dialog.Close(1129)</onclick>
			<onclick>Skin.SetPath(CustomDefaultBackground.path)</onclick>
		</item>
	</include>
	<include name="SelectMusicVizBackground">
		<item>
			<label>$LOCALIZE[20445]</label>
			<onclick>Dialog.Close(1129)</onclick>
			<onclick>Skin.Reset(Viz.Background)</onclick>
		</item>
		<item>
			<label>$LOCALIZE[31020]</label>
			<onclick>Dialog.Close(1129)</onclick>
			<onclick>Skin.SetString(Viz.Background,7)</onclick>
		</item>
		<item>
			<label>$LOCALIZE[31068]</label>
			<onclick>Dialog.Close(1129)</onclick>
			<onclick>Skin.SetString(Viz.Background,1)</onclick>
		</item>
		<item>
			<label>$LOCALIZE[31065]</label>
			<onclick>Dialog.Close(1129)</onclick>
			<onclick>Skin.SetString(Viz.Background,2)</onclick>
			<visible>System.AddonIsEnabled(script.grab.fanart)</visible>
		</item>
		<item>
			<label>$LOCALIZE[31550]</label>
			<onclick>Dialog.Close(1129)</onclick>
			<onclick>Skin.SetString(Viz.Background,8)</onclick>
			<visible>!System.AddonIsEnabled(script.grab.fanart)</visible>
		</item>
		<item>
			<label fallback="31059">$INFO[System.AddonTitle(script.artistslideshow)]</label>
			<onclick>Dialog.Close(1129)</onclick>
			<onclick>Skin.SetString(Viz.Background,3)</onclick>
		</item>
		<item>
			<label>$LOCALIZE[31002]</label>
			<onclick>Dialog.Close(1129)</onclick>
			<onclick condition="System.HasAddon(script.embuary.helper)">Skin.SetString(Viz.Background,4)</onclick>
			<onclick condition="!System.HasAddon(script.embuary.helper)">InstallAddon(script.embuary.helper)</onclick>
		</item>
		<item>
			<label>$ADDON[script.skinshortcuts 32051]</label>
			<onclick>Dialog.Close(1129)</onclick>
			<onclick>Skin.SetString(Viz.Background,5)</onclick>
			<onclick>Skin.SetImage(CustomMusicBackground.path,special://skin/extras/backgrounds)</onclick>
		</item>
		<item>
			<label>$ADDON[script.skinshortcuts 32052]</label>
			<onclick>Dialog.Close(1129)</onclick>
			<onclick>Skin.SetString(Viz.Background,6)</onclick>
			<onclick>Skin.SetPath(CustomMusicBackground.path)</onclick>
		</item>
	</include>
	<include name="SelectPVRGuideLogos">
		<item>
			<label>$LOCALIZE[31359]</label>
			<onclick>Skin.SetString(PVRGuide.Logos,2)</onclick>
			<onclick>Dialog.Close(1129)</onclick>
			<include condition="Window.IsActive(tvguide) + String.IsEmpty(Skin.String(PVRGuide.Logos))">ReloadWindowOnClick</include>
		</item>
		<item>
			<label>$LOCALIZE[31543]</label>
			<onclick>Skin.SetString(PVRGuide.Logos,1)</onclick>
			<onclick>Dialog.Close(1129)</onclick>
			<include condition="Window.IsActive(tvguide) + String.IsEmpty(Skin.String(PVRGuide.Logos))">ReloadWindowOnClick</include>
		</item>
		<item>
			<label>$LOCALIZE[13113]</label>
			<onclick>Skin.Reset(PVRGuide.Logos)</onclick>
			<onclick>Dialog.Close(1129)</onclick>
			<include condition="Window.IsActive(tvguide) + !String.IsEmpty(Skin.String(PVRGuide.Logos))">ReloadWindowOnClick</include>
		</item>
	</include>
	<include name="SelectMusicGenreIconPath">
		<item>
			<label>$LOCALIZE[13007]</label>
			<onclick>Skin.Reset(musicgenreicons.path)</onclick>
			<onclick>Skin.Reset(MusicGenreIconPath)</onclick>
			<onclick>Dialog.Close(1129)</onclick>
		</item>
		<item>
			<label>$LOCALIZE[31561]</label>
			<onclick>Skin.SetPath(MusicGenreIconPath)</onclick>
			<onclick>Dialog.Close(1129)</onclick>
		</item>
		<item>
			<label>$LOCALIZE[31562]</label>
			<onclick condition="!System.HasAddon(script.image.resource.select)">InstallAddon(script.image.resource.select)</onclick>
			<onclick condition="System.HasAddon(script.image.resource.select)">RunScript(script.image.resource.select,property=musicgenreicons&amp;type=resource.images.musicgenreicons)</onclick>
			<onclick>Dialog.Close(1129)</onclick>
		</item>
	</include>
	<include name="SelectMovieGenreIconPath">
		<item>
			<label>$LOCALIZE[13007]</label>
			<onclick>Skin.Reset(moviegenreicons.path)</onclick>
			<onclick>Skin.Reset(MovieGenreIconPath)</onclick>
			<onclick>Dialog.Close(1129)</onclick>
		</item>
		<!-- <item>
			<label>$LOCALIZE[31618]</label>
			<onclick>Skin.SetPath(MovieGenreIconPath)</onclick>
			<onclick>Dialog.Close(1129)</onclick>
		</item> -->
		<item>
			<label>$LOCALIZE[31619]</label>
			<onclick condition="!System.HasAddon(script.image.resource.select)">InstallAddon(script.image.resource.select)</onclick>
			<onclick condition="System.HasAddon(script.image.resource.select)">RunScript(script.image.resource.select,property=moviegenreicons&amp;type=resource.images.moviegenreicons)</onclick>
			<onclick>Dialog.Close(1129)</onclick>
		</item>
	</include>
	<include name="SelectAutoHideVideoOSD">
		<item>
			<label>$LOCALIZE[13113]</label>
			<onclick>Dialog.Close(1129)</onclick>
			<onclick>Skin.Reset(AutoCloseVideoOSD)</onclick>
		</item>
		<item>
			<label>5 $LOCALIZE[31090]</label>
			<onclick>Dialog.Close(1129)</onclick>
			<onclick>Skin.SetString(AutoCloseVideoOSD,5)</onclick>
		</item>
		<item>
			<label>6 $LOCALIZE[31090]</label>
			<onclick>Dialog.Close(1129)</onclick>
			<onclick>Skin.SetString(AutoCloseVideoOSD,6)</onclick>
		</item>
		<item>
			<label>7 $LOCALIZE[31090]</label>
			<onclick>Dialog.Close(1129)</onclick>
			<onclick>Skin.SetString(AutoCloseVideoOSD,7)</onclick>
		</item>
		<item>
			<label>8 $LOCALIZE[31090]</label>
			<onclick>Dialog.Close(1129)</onclick>
			<onclick>Skin.SetString(AutoCloseVideoOSD,8)</onclick>
		</item>
		<item>
			<label>9 $LOCALIZE[31090]</label>
			<onclick>Dialog.Close(1129)</onclick>
			<onclick>Skin.SetString(AutoCloseVideoOSD,9)</onclick>
		</item>
		<item>
			<label>10 $LOCALIZE[31090]</label>
			<onclick>Dialog.Close(1129)</onclick>
			<onclick>Skin.SetString(AutoCloseVideoOSD,10)</onclick>
		</item>
		<item>
			<label>15 $LOCALIZE[31090]</label>
			<onclick>Dialog.Close(1129)</onclick>
			<onclick>Skin.SetString(AutoCloseVideoOSD,15)</onclick>
		</item>
		<item>
			<label>20 $LOCALIZE[31090]</label>
			<onclick>Dialog.Close(1129)</onclick>
			<onclick>Skin.SetString(AutoCloseVideoOSD,20)</onclick>
		</item>
		<item>
			<label>30 $LOCALIZE[31090]</label>
			<onclick>Dialog.Close(1129)</onclick>
			<onclick>Skin.SetString(AutoCloseVideoOSD,30)</onclick>
		</item>
		<item>
			<label>60 $LOCALIZE[31090]</label>
			<onclick>Dialog.Close(1129)</onclick>
			<onclick>Skin.SetString(AutoCloseVideoOSD,60)</onclick>
		</item>
		<item>
			<label>90 $LOCALIZE[31090]</label>
			<onclick>Dialog.Close(1129)</onclick>
			<onclick>Skin.SetString(AutoCloseVideoOSD,90)</onclick>
		</item>
	</include>
	<include name="SelectAutoHideMusicOSD">
		<item>
			<label>$LOCALIZE[13113]</label>
			<onclick>Dialog.Close(1129)</onclick>
			<onclick>Skin.Reset(AutoCloseMusicOSD)</onclick>
		</item>
		<item>
			<label>5 $LOCALIZE[31090]</label>
			<onclick>Dialog.Close(1129)</onclick>
			<onclick>Skin.SetString(AutoCloseMusicOSD,5)</onclick>
		</item>
		<item>
			<label>6 $LOCALIZE[31090]</label>
			<onclick>Dialog.Close(1129)</onclick>
			<onclick>Skin.SetString(AutoCloseMusicOSD,6)</onclick>
		</item>
		<item>
			<label>7 $LOCALIZE[31090]</label>
			<onclick>Dialog.Close(1129)</onclick>
			<onclick>Skin.SetString(AutoCloseMusicOSD,7)</onclick>
		</item>
		<item>
			<label>8 $LOCALIZE[31090]</label>
			<onclick>Dialog.Close(1129)</onclick>
			<onclick>Skin.SetString(AutoCloseMusicOSD,8)</onclick>
		</item>
		<item>
			<label>9 $LOCALIZE[31090]</label>
			<onclick>Dialog.Close(1129)</onclick>
			<onclick>Skin.SetString(AutoCloseMusicOSD,9)</onclick>
		</item>
		<item>
			<label>10 $LOCALIZE[31090]</label>
			<onclick>Dialog.Close(1129)</onclick>
			<onclick>Skin.SetString(AutoCloseMusicOSD,10)</onclick>
		</item>
		<item>
			<label>15 $LOCALIZE[31090]</label>
			<onclick>Dialog.Close(1129)</onclick>
			<onclick>Skin.SetString(AutoCloseMusicOSD,15)</onclick>
		</item>
		<item>
			<label>20 $LOCALIZE[31090]</label>
			<onclick>Dialog.Close(1129)</onclick>
			<onclick>Skin.SetString(AutoCloseMusicOSD,20)</onclick>
		</item>
		<item>
			<label>30 $LOCALIZE[31090]</label>
			<onclick>Dialog.Close(1129)</onclick>
			<onclick>Skin.SetString(AutoCloseMusicOSD,30)</onclick>
		</item>
		<item>
			<label>60 $LOCALIZE[31090]</label>
			<onclick>Dialog.Close(1129)</onclick>
			<onclick>Skin.SetString(AutoCloseMusicOSD,60)</onclick>
		</item>
		<item>
			<label>90 $LOCALIZE[31090]</label>
			<onclick>Dialog.Close(1129)</onclick>
			<onclick>Skin.SetString(AutoCloseMusicOSD,90)</onclick>
		</item>
	</include>
	<include name="SelectRightListBackgroundDim">
		<item>
			<label>50% - $LOCALIZE[571]</label>
			<onclick>Dialog.Close(1129)</onclick>
			<onclick>Skin.Reset(RightList.BackgroundDim)</onclick>
		</item>
		<item>
			<label>40%</label>
			<onclick>Dialog.Close(1129)</onclick>
			<onclick>Skin.SetString(RightList.BackgroundDim,40%)</onclick>
		</item>
		<item>
			<label>30%</label>
			<onclick>Dialog.Close(1129)</onclick>
			<onclick>Skin.SetString(RightList.BackgroundDim,30%)</onclick>
		</item>
		<item>
			<label>20%</label>
			<onclick>Dialog.Close(1129)</onclick>
			<onclick>Skin.SetString(RightList.BackgroundDim,20%)</onclick>
		</item>
	</include>
	<include name="SelectFallbackBackground">
		<item>
			<label>$LOCALIZE[13007]</label>
			<onclick>Skin.Reset(ItemToEdit.MultiFanart)</onclick>
			<onclick>Skin.SetString($INFO[Window(Home).Property(Nox.Temp)],$INFO[Skin.String(ItemToEdit.MultiFanart)])</onclick>
			<onclick>Dialog.Close(1129)</onclick>
		</item>
		<item>
			<label>$LOCALIZE[31110]</label>
			<onclick>Skin.SetImage(ItemToEdit.MultiFanart,special://skin/backgrounds/solidcolors)</onclick>
			<onclick>Dialog.Close(1129)</onclick>
		</item>
		<item>
			<label>$LOCALIZE[31023]</label>
			<onclick>Skin.SetImage(ItemToEdit.MultiFanart)</onclick>
			<onclick>Dialog.Close(1129)</onclick>
		</item>
		<item>
			<label>$LOCALIZE[31022]</label>
			<onclick>Skin.SetPath(ItemToEdit.MultiFanart)</onclick>
			<onclick>Dialog.Close(1129)</onclick>
		</item>
		<item>
			<label>$LOCALIZE[31062]</label>
			<onclick>Skin.SetString(ItemToEdit.MultiFanart,1)</onclick>
			<onclick>Dialog.Close(1129)</onclick>
			<visible>System.AddonIsEnabled(script.grab.fanart) + !String.IsEqual(Window(Home).Property(Nox.Temp),Profiles.Fallback)</visible>
		</item>
		<item>
			<label>$LOCALIZE[31063]</label>
			<onclick>Skin.SetString(ItemToEdit.MultiFanart,2)</onclick>
			<onclick>Dialog.Close(1129)</onclick>
			<visible>System.AddonIsEnabled(script.grab.fanart) + !String.IsEqual(Window(Home).Property(Nox.Temp),Profiles.Fallback)</visible>
		</item>
		<item>
			<label>$LOCALIZE[31064]</label>
			<onclick>Skin.SetString(ItemToEdit.MultiFanart,3)</onclick>
			<onclick>Dialog.Close(1129)</onclick>
			<visible>System.AddonIsEnabled(script.grab.fanart) + !String.IsEqual(Window(Home).Property(Nox.Temp),Profiles.Fallback)</visible>
		</item>
		<item>
			<label>$LOCALIZE[31065]</label>
			<onclick>Skin.SetString(ItemToEdit.MultiFanart,4)</onclick>
			<onclick>Dialog.Close(1129)</onclick>
			<visible>System.AddonIsEnabled(script.grab.fanart) + !String.IsEqual(Window(Home).Property(Nox.Temp),Profiles.Fallback)</visible>
		</item>
		<item>
			<label>$LOCALIZE[31066]</label>
			<onclick>Skin.SetString(ItemToEdit.MultiFanart,5)</onclick>
			<onclick>Dialog.Close(1129)</onclick>
			<visible>System.AddonIsEnabled(script.grab.fanart) + !String.IsEqual(Window(Home).Property(Nox.Temp),Profiles.Fallback)</visible>
		</item>
		<item>
			<label>$LOCALIZE[31084]</label>
			<onclick>Skin.SetString(ItemToEdit.MultiFanart,6)</onclick>
			<onclick>Dialog.Close(1129)</onclick>
			<visible>!String.IsEmpty(Skin.String(weatherfanart.path)) + !String.IsEqual(Window(Home).Property(Nox.Temp),Profiles.Fallback)</visible>
		</item>
	</include>
	<include name="SelectStartupIntro">
		<item>
			<label>Xenon Robot Intro</label>
			<onclick>Skin.SetString(StartupIntro,special://skin/extras/Xenon_Robot.mp4)</onclick>
			<onclick>Dialog.Close(1129)</onclick>
		</item>
		<item>
			<label>$LOCALIZE[636]</label>
			<onclick>Skin.SetFile(StartupIntro,.mp4|.mkv|.avi)</onclick>
			<onclick>Dialog.Close(1129)</onclick>
		</item>
		<item>
			<label>Disable Intro</label>
			<onclick>Skin.Reset(StartupIntro)</onclick>
			<onclick>Dialog.Close(1129)</onclick>
		</item>

	</include>
	<!-- Custom Confirm -->
	<include name="SetPresetSiLVOTheme">
		<include>ResetSkinColorsOnclick</include>
		<onclick>Skin.SetString(ThemeLabelColor,FF0084ff)</onclick>
		<onclick>Skin.SetString(ThemeBorderColor,FF7DF9FF)</onclick>
		<onclick>Skin.SetString(ThemeHomeMenuBarColor,00FFFFFF)</onclick>
		<onclick>Skin.SetString(FocusedMainMenuColor,FF0084ff)</onclick>
		<onclick>Skin.SetString(UnfocusedMainMenuColor,817F7F7F)</onclick>
		<onclick>Skin.SetString(UnFocusedMainMenuIconLabelColor,817F7F7F)</onclick>
		<onclick>Skin.SetString(HighlightBarColor,FF0084ff)</onclick>
		<onclick>Skin.SetString(ThemeHomeSystemBarsColor,FF000000)</onclick>
		<onclick>Skin.SetString(WidgetHighlightBarColor,FF0084ff)</onclick>
		<onclick>Skin.SetString(ThemeHomeLabelColor,FF0084ff)</onclick>
		<onclick>Skin.SetString(ThemeHomeMenuGlowBarColor,FF0084ff)</onclick>
		<onclick>Skin.SetString(ThemeHomeSystemGlowBarsColor,FF0084ff)</onclick>
		<onclick>Skin.SetString(FocusedSubMenuColor,FFFFFFFF)</onclick>
		<onclick>Skin.SetString(UnfocusedSubMenuColor,FF9E9E9E)</onclick>
		<onclick>Skin.SetString(FocusedMainMenuIconLabelColor,FF0084ff)</onclick>
		<onclick>Skin.SetString(RSSFeedColor,FF0084ff)</onclick>
		<onclick>Skin.SetString(UnWatchedEpColor,FFEB9E17)</onclick>
		<onclick>Skin.SetString(TopBarColor,41000000)</onclick>
		<onclick>Skin.SetString(WidgetBackgroundColor,81000000)</onclick>
		<onclick>Skin.SetString(ThemeOSDProgressColor,FF0084ff)</onclick>
		<onclick>Skin.SetString(FocusedOSDButtonsColor,FF0084ff)</onclick>
		<onclick>Skin.SetString(UnfocusedOSDButtonsColor,FFE8EAF6)</onclick>		
		   
									
										   
															 
															  
																   
															   
																	
																			 
															   
																	  
																	 
	</include>
	<include name="SetPresetOrangeTheme">
		<include>ResetSkinColorsOnclick</include>	
		<onclick>Skin.SetString(ThemeLabelColor,FFFF9800)</onclick>
		<onclick>Skin.SetString(ThemeBorderColor,FFFF9800)</onclick>
		<onclick>Skin.SetString(ThemeHomeMenuBarColor,FFFF9800)</onclick>
		<onclick>Skin.SetString(FocusedMainMenuColor,FFFF9800)</onclick>
		<onclick>Skin.SetString(UnfocusedMainMenuColor,817F7F7F)</onclick>
		<onclick>Skin.SetString(UnFocusedMainMenuIconLabelColor,817F7F7F)</onclick>
		<onclick>Skin.SetString(HighlightBarColor,FFFF9800)</onclick>
		<onclick>Skin.SetString(ThemeHomeSystemBarsColor,FF000000)</onclick>
		<onclick>Skin.SetString(WidgetHighlightBarColor,FFFF9800)</onclick>
		<onclick>Skin.SetString(ThemeHomeLabelColor,FFFF9800)</onclick>
		<onclick>Skin.SetString(ThemeHomeMenuGlowBarColor,FFFF9800)</onclick>
		<onclick>Skin.SetString(ThemeHomeSystemGlowBarsColor,FFFF9800)</onclick>
		<onclick>Skin.SetString(FocusedSubMenuColor,FFFF9800)</onclick>
		<onclick>Skin.SetString(UnfocusedSubMenuColor,FFD50000)</onclick>
		<onclick>Skin.SetString(FocusedMainMenuIconLabelColor,FFFF9800)</onclick>
		<onclick>Skin.SetString(RSSFeedColor,FFFF9800)</onclick>
		<onclick>Skin.SetString(UnWatchedEpColor,FFFF9800)</onclick>
		<onclick>Skin.SetString(TopBarColor,41000000)</onclick>
		<onclick>Skin.SetString(WidgetBackgroundColor,81000000)</onclick>
		<onclick>Skin.SetString(ThemeOSDProgressColor,FFFF9800)</onclick>
		<onclick>Skin.SetString(FocusedOSDButtonsColor,FFFF9800)</onclick>
		<onclick>Skin.SetString(UnfocusedOSDButtonsColor,FFE8EAF6)</onclick>		
	</include>
	<include name="SetPresetRedTheme">
		<include>ResetSkinColorsOnclick</include>
		<onclick>Skin.SetString(ThemeLabelColor,FFD50000)</onclick>
		<onclick>Skin.SetString(ThemeBorderColor,FFD50000)</onclick>
		<onclick>Skin.SetString(ThemeHomeMenuBarColor,FFD50000)</onclick>
		<onclick>Skin.SetString(FocusedMainMenuColor,FFD50000)</onclick>
		<onclick>Skin.SetString(UnfocusedMainMenuColor,817F7F7F)</onclick>
		<onclick>Skin.SetString(UnFocusedMainMenuIconLabelColor,817F7F7F)</onclick>
		<onclick>Skin.SetString(HighlightBarColor,FFD50000)</onclick>
		<onclick>Skin.SetString(ThemeHomeSystemBarsColor,FF000000)</onclick>
		<onclick>Skin.SetString(WidgetHighlightBarColor,FFD50000)</onclick>
		<onclick>Skin.SetString(ThemeHomeLabelColor,FFD50000)</onclick>
		<onclick>Skin.SetString(ThemeHomeMenuGlowBarColor,FFD50000)</onclick>
		<onclick>Skin.SetString(ThemeHomeSystemGlowBarsColor,FFD50000)</onclick>
		<onclick>Skin.SetString(FocusedSubMenuColor,FFD50000)</onclick>
		<onclick>Skin.SetString(UnfocusedSubMenuColor,817F7F7F)</onclick>
		<onclick>Skin.SetString(FocusedMainMenuIconLabelColor,FFD50000)</onclick>
		<onclick>Skin.SetString(RSSFeedColor,FFD50000)</onclick>
		<onclick>Skin.SetString(UnWatchedEpColor,FFD50000)</onclick>
		<onclick>Skin.SetString(TopBarColor,41000000)</onclick>
		<onclick>Skin.SetString(WidgetBackgroundColor,81000000)</onclick>
		<onclick>Skin.SetString(ThemeOSDProgressColor,FFD50000)</onclick>
		<onclick>Skin.SetString(FocusedOSDButtonsColor,FFD50000)</onclick>
		<onclick>Skin.SetString(UnfocusedOSDButtonsColor,FFE8EAF6)</onclick>		
	</include>	
	<include name="ResetSkinColorsOnclick">
		<onclick>Skin.Reset(ThemeLabelColor)</onclick>
		<onclick>Skin.Reset(ThemeBorderColor)</onclick>
		<onclick>Skin.Reset(TopBarColor)</onclick>
		<onclick>Skin.Reset(HighlightBarColor)</onclick>
		<onclick>Skin.Reset(ThemeHomeLabelColor)</onclick>
		<onclick>Skin.Reset(ThemeHomeSystemBarsColor)</onclick>
		<onclick>Skin.Reset(ThemeHomeSystemGlowBarsColor)</onclick>
		<onclick>Skin.Reset(ThemeHomeMenuBarColor)</onclick>
		<onclick>Skin.Reset(ThemeHomeMenuGlowBarColor)</onclick>
		<onclick>Skin.Reset(FocusedMainMenuColor)</onclick>
		<onclick>Skin.Reset(UnfocusedMainMenuColor)</onclick>
		<onclick>Skin.Reset(FocusedMainMenuIconLabelColor)</onclick>
		<onclick>Skin.Reset(UnfocusedMainMenuIconLabelColor)</onclick>
		<onclick>Skin.Reset(FocusedSubMenuColor)</onclick>
		<onclick>Skin.Reset(UnfocusedSubMenuColor)</onclick>
		<onclick>Skin.Reset(RSSFeedColor)</onclick>
		<onclick>Skin.Reset(WidgetHighlightBarColor)</onclick>
		<onclick>Skin.Reset(WidgetBackgroundColor)</onclick>
		<onclick>Skin.Reset(UnWatchedEpColor)</onclick>
		<onclick>Skin.Reset(ThemeOSDProgressColor)</onclick>
		<onclick>Skin.Reset(FocusedOSDButtonsColor)</onclick>
		<onclick>Skin.Reset(UnfocusedOSDButtonsColor)</onclick>		
	</include>



</includes>