<?xml version="1.0" encoding="UTF-8"?>
<window>
	<onload condition="Skin.HasSetting(Disable.MusicPlayerControlButtons)">SetFocus(703)</onload>
	<onload condition="!Skin.HasSetting(Disable.MusicPlayerControlButtons)">SetFocus(602)</onload>
	<controls>
		<control type="group">
			<animation effect="slide" end="0,-120" time="300" tween="quadratic" condition="Window.IsVisible(selectdialog)">Conditional</animation>
			<animation effect="slide" start="0,-120" end="0,0" time="300" tween="quadratic">WindowOpen</animation>
			<animation effect="slide" end="0,-120" start="0,0" time="300" tween="quadratic">WindowClose</animation>
			<control type="image">
				<left>-5%</left>
				<top>-30</top>
				<width>110%</width>
				<height>147</height>
				<texture border="40" flipy="true" colordiffuse="E6FFFFFF">dialogs/default/bg.png</texture>
			</control>
			<control type="grouplist" id="202">
				<height>100</height>
				<width>100%</width>
				<align>center</align>
				<scrolltime tween="sine">200</scrolltime>
				<orientation>horizontal</orientation>
				<onup>706</onup>
				<ondown>802</ondown>
				<onleft>202</onleft>
				<onright>202</onright>
				<control type="togglebutton" id="802">
					<texturefocus />
					<alttexturefocus />
					<font>IconOSDButtons</font>
					<label></label>
					<altlabel></altlabel>
					<focusedcolor>$VAR[FocusedOSDButtonsColor]</focusedcolor>
					<textcolor>$VAR[UnfocusedOSDButtonsColor]</textcolor>
					<shadowcolor>shadow</shadowcolor>
					<width>100</width>
					<height>100</height>
					<usealttexture>!String.IsEmpty(MusicPlayer.UserRating)</usealttexture>
					<onclick>SetRating</onclick>
				</control>
				<control type="button" id="700">
					<texturefocus />
					<font>IconOSDButtons</font>
					<label></label>
					<focusedcolor>$VAR[FocusedOSDButtonsColor]</focusedcolor>
					<textcolor>$VAR[UnfocusedOSDButtonsColor]</textcolor>
					<shadowcolor>shadow</shadowcolor>
					<width>100</width>
					<height>100</height>
					<onclick>Close</onclick>
					<onclick>ActivateWindow(MusicPlaylist)</onclick>
				</control>
				<control type="button" id="500">
					<texturefocus />
					<font>IconOSDButtons</font>
					<label></label>
					<focusedcolor>$VAR[FocusedOSDButtonsColor]</focusedcolor>
					<textcolor>$VAR[UnfocusedOSDButtonsColor]</textcolor>
					<shadowcolor>shadow</shadowcolor>
					<width>100</width>
					<height>100</height>
				</control>
				<control type="button" id="702">
					<texturefocus />
					<font>IconOSDButtons</font>
					<label></label>
					<focusedcolor>$VAR[FocusedOSDButtonsColor]</focusedcolor>
					<textcolor>$VAR[UnfocusedOSDButtonsColor]</textcolor>
					<shadowcolor>shadow</shadowcolor>
					<width>100</width>
					<height>100</height>
					<onclick>Addon.Default.OpenSettings(xbmc.player.musicviz)</onclick>
					<visible>Visualisation.Enabled</visible>
				</control>
				<control type="button" id="705">
					<texturefocus />
					<font>IconOSDButtons</font>
					<label></label> <!-- Alternate labels  -->
					<focusedcolor>$VAR[FocusedOSDButtonsColor]</focusedcolor>
					<textcolor>$VAR[UnfocusedOSDButtonsColor]</textcolor>
					<shadowcolor>shadow</shadowcolor>
					<width>100</width>
					<height>100</height>
					<onclick>ActivateWindow(visualisationpresetlist)</onclick>
					<visible>Visualisation.HasPresets</visible>
				</control>
				<control type="button" id="600">
					<texturefocus />
					<font>IconOSDButtons</font>
					<label></label>
					<focusedcolor>$VAR[FocusedOSDButtonsColor]</focusedcolor>
					<textcolor>$VAR[UnfocusedOSDButtonsColor]</textcolor>
					<shadowcolor>shadow</shadowcolor>
					<width>100</width>
					<height>100</height>
					<onclick>PlayerControl(Previous)</onclick>
					<visible>!Skin.HasSetting(Disable.MusicPlayerControlButtons)</visible>
				</control>
				<control type="button" id="601">
					<texturefocus />
					<font>IconOSDButtons</font>
					<label></label>
					<focusedcolor>$VAR[FocusedOSDButtonsColor]</focusedcolor>
					<textcolor>$VAR[UnfocusedOSDButtonsColor]</textcolor>
					<shadowcolor>shadow</shadowcolor>
					<width>100</width>
					<height>100</height>
					<onclick>PlayerControl(Rewind)</onclick>
					<visible>!Skin.HasSetting(Disable.MusicPlayerControlButtons)</visible>
				</control>
				<control type="button" id="603">
					<texturefocus />
					<font>IconOSDButtons</font>
					<label></label>
					<focusedcolor>$VAR[FocusedOSDButtonsColor]</focusedcolor>
					<textcolor>$VAR[UnfocusedOSDButtonsColor]</textcolor>
					<shadowcolor>shadow</shadowcolor>
					<width>100</width>
					<height>100</height>
					<onclick>PlayerControl(Stop)</onclick>
					<visible>!Skin.HasSetting(Disable.MusicPlayerControlButtons)</visible>
				</control>
				<control type="togglebutton" id="602">
					<texturefocus />
					<alttexturefocus />
					<font>IconOSDButtons</font>
					<label></label>
					<altlabel></altlabel>
					<focusedcolor>$VAR[FocusedOSDButtonsColor]</focusedcolor>
					<textcolor>$VAR[UnfocusedOSDButtonsColor]</textcolor>
					<shadowcolor>shadow</shadowcolor>
					<width>100</width>
					<height>100</height>
					<usealttexture>Player.Paused | Player.Forwarding | Player.Rewinding</usealttexture>
					<onclick>PlayerControl(Play)</onclick>
					<visible>!Skin.HasSetting(Disable.MusicPlayerControlButtons)</visible>
				</control>
				<control type="button" id="604">
					<texturefocus />
					<font>IconOSDButtons</font>
					<label></label>
					<focusedcolor>$VAR[FocusedOSDButtonsColor]</focusedcolor>
					<textcolor>$VAR[UnfocusedOSDButtonsColor]</textcolor>
					<shadowcolor>shadow</shadowcolor>
					<width>100</width>
					<height>100</height>
					<onclick>PlayerControl(Forward)</onclick>
					<visible>!Skin.HasSetting(Disable.MusicPlayerControlButtons)</visible>
				</control>
				<control type="button" id="605">
					<texturefocus />
					<font>IconOSDButtons</font>
					<label></label>
					<focusedcolor>$VAR[FocusedOSDButtonsColor]</focusedcolor>
					<textcolor>$VAR[UnfocusedOSDButtonsColor]</textcolor>
					<shadowcolor>shadow</shadowcolor>
					<width>100</width>
					<height>100</height>
					<onclick>PlayerControl(Next)</onclick>
					<visible>!Skin.HasSetting(Disable.MusicPlayerControlButtons)</visible>
				</control>
				<control type="button" id="703">
					<texturefocus />
					<font>IconOSDButtons</font>
					<label></label>
					<focusedcolor>$VAR[FocusedOSDButtonsColor]</focusedcolor>
					<textcolor>$VAR[UnfocusedOSDButtonsColor]</textcolor>
					<shadowcolor>shadow</shadowcolor>
					<width>100</width>
					<height>100</height>
					<onclick condition="!System.HasAddon(script.cu.lrclyrics)">InstallAddon(script.cu.lrclyrics)</onclick>
					<onclick condition="System.HasAddon(script.cu.lrclyrics) + !System.AddonIsEnabled(script.cu.lrclyrics)">EnableAddon(script.cu.lrclyrics)</onclick>
					<onclick condition="System.AddonIsEnabled(script.cu.lrclyrics)">Close</onclick>
					<onclick condition="System.AddonIsEnabled(script.cu.lrclyrics)">RunScript(script.cu.lrclyrics)</onclick>
				</control>
				<control type="togglebutton" id="704">
					<texturefocus />
					<alttexturefocus />
					<font>IconOSDButtons</font>
					<label></label>
					<altlabel></altlabel>
					<focusedcolor>$VAR[FocusedOSDButtonsColor]</focusedcolor>
					<textcolor>$VAR[UnfocusedOSDButtonsColor]</textcolor>
					<shadowcolor>shadow</shadowcolor>
					<width>100</width>
					<height>100</height>
					<usealttexture>Playlist.IsRandom</usealttexture>
					<onclick>PlayerControl(Random)</onclick>
					<visible>!MusicPartyMode.Enabled</visible>
				</control>
				<control type="button" id="707">
					<texturefocus />
					<font>IconOSDButtons</font>
					<label>$VAR[MusicOSDRepeatButtonVar]</label>
					<focusedcolor>$VAR[FocusedOSDButtonsColor]</focusedcolor>
					<textcolor>$VAR[UnfocusedOSDButtonsColor]</textcolor>
					<shadowcolor>shadow</shadowcolor>
					<width>100</width>
					<height>100</height>
					<onclick>PlayerControl(Repeat)</onclick>
					<visible>!MusicPartyMode.Enabled</visible>
				</control>
				<control type="button" id="706">
					<texturefocus />
					<font>IconOSDButtons</font>
					<label></label>
					<focusedcolor>$VAR[FocusedOSDButtonsColor]</focusedcolor>
					<textcolor>$VAR[UnfocusedOSDButtonsColor]</textcolor>
					<shadowcolor>shadow</shadowcolor>
					<width>100</width>
					<height>100</height>
					<onclick>Dialog.Close(musicosd)</onclick>
					<onclick>SetProperty(DialogSettings,musicosd,Home)</onclick>
					<onclick>ActivateWindow(1114)</onclick>
				</control>
			</control>
		</control>
	</controls>
</window>
