<?xml version="1.0" encoding="UTF-8"?>
<window>
	<onload>SetFocus(90000)</onload>
	<controls>
		<control type="group">
			<width>100%</width>
			<!-- Background -->
			<control type="group">
				<height>100%</height>
				<control type="image">
					<width>100%</width>
					<height>100%</height>
					<texture>contentpanel.png</texture>
				</control>
				<control type="image">
					<width>100%</width>
					<height>100%</height>
					<aspectratio align="center">scale</aspectratio>
					<texture>dialogs/embuary_info/bg.jpg</texture>
				</control>
			</control>
			<control type="image">
				<left>1500</left>
				<width>400</width>
				<height>110</height>
				<aspectratio>keep</aspectratio>
				<align>right</align>
				<texture background="true">$INFO[Window.Property(clearlogo)]</texture>
			</control>
			<control type="grouplist" id="90000">
				<left>40</left>
				<top>120</top>
				<width>1820</width>
				<height>960</height>
				<itemgap>0</itemgap>
				<usecontrolcoords>true</usecontrolcoords>
				<scrolltime tween="quadratic" easing="out">300</scrolltime>
				<!-- Cast -->
				<control type="label" id="8000">
					<left>30</left>
					<width>1100</width>
					<height>60</height>
					<font>font35_title_bold</font>
					<textcolor>grey</textcolor>
					<label>$LOCALIZE[206]</label>
					<visible>String.IsEqual(Window.Property(List_5000_Visible),True)</visible>
				</control>
				<control type="panel" id="5000">
					<left>10</left>
					<width>1880</width>
					<height>420</height>
					<orientation>horizontal</orientation>
					<preloaditems>2</preloaditems>
					<scrolltime tween="quadratic" easing="out">300</scrolltime>
					<itemlayout width="260" height="460">
						<control type="image">
							<width>260</width>
							<height>400</height>
							<bordersize>22</bordersize>
							<bordertexture border="20">thumbs/shadow.png</bordertexture>
							<aspectratio aligny="top">scale</aspectratio>
							<texture background="true" fallback="DefaultActor.png">$INFO[ListItem.Art(poster)]</texture>
						</control>
						<control type="image">
							<width>260</width>
							<height>400</height>
							<bordersize>20</bordersize>
							<texture>poster_bottom_fade.png</texture>
						</control>
						<control type="label">
							<left>25</left>
							<top>340</top>
							<width>208</width>
							<height>30</height>
							<align>center</align>
							<font>font13</font>
							<shadowcolor>shadow</shadowcolor>
							<textcolor>white2</textcolor>
							<label>$INFO[ListItem.Label]</label>
						</control>
						<control type="label">
							<left>10</left>
							<top>380</top>
							<width>240</width>
							<height>30</height>
							<align>center</align>
							<font>font13</font>
							<shadowcolor>shadow</shadowcolor>
							<textcolor>white2</textcolor>
							<label>$INFO[ListItem.Label2]</label>
						</control>
					</itemlayout>
					<focusedlayout width="260" height="460">
						<control type="group">
							<animation effect="zoom" start="95" end="100" time="200" tween="sine" easing="inout" center="auto">Focus</animation>
							<control type="image">
								<width>260</width>
								<height>400</height>
								<bordersize>22</bordersize>
								<bordertexture border="20">thumbs/shadow.png</bordertexture>
								<aspectratio aligny="top">scale</aspectratio>
								<texture background="true" fallback="DefaultActor.png">$INFO[ListItem.Art(poster)]</texture>
							</control>
							<control type="image">
								<width>260</width>
								<height>400</height>
								<bordersize>20</bordersize>
								<texture>poster_bottom_fade.png</texture>
							</control>
							<control type="label">
								<left>25</left>
								<top>340</top>
								<width>208</width>
								<height>30</height>
								<align>center</align>
								<font>font13</font>
								<shadowcolor>shadow</shadowcolor>
								<textcolor>$VAR[ThemeLabelColor]</textcolor>
								<label>$INFO[ListItem.Label]</label>
							</control>
							<control type="label">
								<left>10</left>
								<top>380</top>
								<width>240</width>
								<height>30</height>
								<align>center</align>
								<font>font13</font>
								<shadowcolor>shadow</shadowcolor>
								<textcolor>$VAR[ThemeLabelColor]</textcolor>
								<label>$INFO[ListItem.Label2]</label>
							</control>
						</control>
					</focusedlayout>
				</control>
				<!-- Crew -->
				<control type="label" id="8001">
					<left>30</left>
					<width>1100</width>
					<height>60</height>
					<font>font35_title_bold</font>
					<textcolor>grey</textcolor>
					<label>$LOCALIZE[31545]</label>
					<visible>String.IsEqual(Window.Property(List_5001_Visible),True)</visible>
				</control>
				<control type="panel" id="5001">
					<left>10</left>
					<width>1880</width>
					<height>420</height>
					<orientation>horizontal</orientation>
					<preloaditems>2</preloaditems>
					<scrolltime tween="quadratic" easing="out">300</scrolltime>
					<itemlayout width="260" height="460">
						<control type="image">
							<width>260</width>
							<height>400</height>
							<bordersize>22</bordersize>
							<bordertexture border="20">thumbs/shadow.png</bordertexture>
							<aspectratio aligny="top">scale</aspectratio>
							<texture background="true" fallback="DefaultActor.png">$INFO[ListItem.Art(poster)]</texture>
						</control>
						<control type="image">
							<width>260</width>
							<height>400</height>
							<bordersize>20</bordersize>
							<texture>poster_bottom_fade.png</texture>
						</control>
						<control type="label">
							<left>25</left>
							<top>340</top>
							<width>208</width>
							<height>30</height>
							<align>center</align>
							<font>font13</font>
							<shadowcolor>shadow</shadowcolor>
							<textcolor>white2</textcolor>
							<label>$INFO[ListItem.Label]</label>
						</control>
						<control type="label">
							<left>10</left>
							<top>380</top>
							<width>240</width>
							<height>30</height>
							<align>center</align>
							<font>font13</font>
							<shadowcolor>shadow</shadowcolor>
							<textcolor>white2</textcolor>
							<label>$INFO[ListItem.Label2]</label>
						</control>
					</itemlayout>
					<focusedlayout width="260" height="460">
						<control type="group">
							<animation effect="zoom" start="95" end="100" time="200" tween="sine" easing="inout" center="auto">Focus</animation>
							<control type="image">
								<width>260</width>
								<height>400</height>
								<bordersize>22</bordersize>
								<bordertexture border="20">thumbs/shadow.png</bordertexture>
								<aspectratio aligny="top">scale</aspectratio>
								<texture background="true" fallback="DefaultActor.png">$INFO[ListItem.Art(poster)]</texture>
							</control>
							<control type="image">
								<width>260</width>
								<height>400</height>
								<bordersize>20</bordersize>
								<texture>poster_bottom_fade.png</texture>
							</control>
							<control type="label">
								<left>25</left>
								<top>340</top>
								<width>208</width>
								<height>30</height>
								<align>center</align>
								<font>font13</font>
								<shadowcolor>shadow</shadowcolor>
								<textcolor>$VAR[ThemeLabelColor]</textcolor>
								<label>$INFO[ListItem.Label]</label>
							</control>
							<control type="label">
								<left>10</left>
								<top>380</top>
								<width>240</width>
								<height>30</height>
								<align>center</align>
								<font>font13</font>
								<shadowcolor>shadow</shadowcolor>
								<textcolor>$VAR[ThemeLabelColor]</textcolor>
								<label>$INFO[ListItem.Label2]</label>
							</control>
						</control>
					</focusedlayout>
				</control>
				<!-- Similar -->
				<control type="label" id="8002">
					<left>30</left>
					<width>1100</width>
					<height>60</height>
					<font>font35_title_bold</font>
					<textcolor>grey</textcolor>
					<label>$LOCALIZE[31111]</label>
					<visible>String.IsEqual(Window.Property(List_5002_Visible),True)</visible>
				</control>
				<control type="panel" id="5002">
					<left>10</left>
					<width>1880</width>
					<height>420</height>
					<orientation>horizontal</orientation>
					<preloaditems>2</preloaditems>
					<scrolltime tween="quadratic" easing="out">300</scrolltime>
					<itemlayout width="260" height="460">
						<control type="image">
							<width>260</width>
							<height>400</height>
							<bordersize>20</bordersize>
							<bordertexture border="20">thumbs/shadow.png</bordertexture>
							<aspectratio aligny="top">scale</aspectratio>
							<texture background="true" fallback="DefaultMovies.png">$INFO[ListItem.Art(poster)]</texture>
						</control>
						<control type="image">
							<left>20</left>
							<top>20</top>
							<width>55</width>
							<height>25</height>
							<texture>colors/black50.png</texture>
							<aspectratio aligny="center">scale</aspectratio>
							<visible>!String.IsEmpty(ListItem.Year)</visible>
						</control>
						<control type="label">
							<left>20</left>
							<top>15</top>
							<width>55</width>
							<height>30</height>
							<font>font12</font>
							<shadowcolor>shadow</shadowcolor>
							<textcolor>white2</textcolor>
							<label>$INFO[ListItem.Year]</label>
						</control>
						<control type="image">
							<left>205</left>
							<top>20</top>
							<width>35</width>
							<height>35</height>
							<texture>overlays/addons/enabled.png</texture>
							<visible>!String.IsEmpty(ListItem.DBID)</visible>
						</control>
						<control type="label">
							<left>10</left>
							<top>380</top>
							<width>240</width>
							<height>30</height>
							<align>center</align>
							<font>font13</font>
							<shadowcolor>shadow</shadowcolor>
							<textcolor>white2</textcolor>
							<label>$INFO[ListItem.Label]</label>
						</control>
					</itemlayout>
					<focusedlayout width="260" height="460">
						<control type="group">
							<animation effect="zoom" start="95" end="100" time="200" tween="sine" easing="inout" center="auto">Focus</animation>
							<control type="image">
								<width>260</width>
								<height>400</height>
								<bordersize>20</bordersize>
								<bordertexture border="20">thumbs/shadow.png</bordertexture>
								<aspectratio aligny="top">scale</aspectratio>
								<texture background="true" fallback="DefaultMovies.png">$INFO[ListItem.Art(poster)]</texture>
							</control>
							<control type="image">
								<left>20</left>
								<top>20</top>
								<width>55</width>
								<height>25</height>
								<texture>colors/black50.png</texture>
								<aspectratio aligny="center">scale</aspectratio>
								<visible>!String.IsEmpty(ListItem.Year)</visible>
							</control>
							<control type="label">
								<left>20</left>
								<top>15</top>
								<width>55</width>
								<height>30</height>
								<font>font12</font>
								<shadowcolor>shadow</shadowcolor>
								<textcolor>$VAR[ThemeLabelColor]</textcolor>
								<label>$INFO[ListItem.Year]</label>
							</control>
							<control type="image">
								<left>205</left>
								<top>20</top>
								<width>35</width>
								<height>35</height>
								<texture>overlays/addons/enabled.png</texture>
								<visible>!String.IsEmpty(ListItem.DBID)</visible>
							</control>
							<control type="label">
								<left>10</left>
								<top>380</top>
								<width>240</width>
								<height>30</height>
								<align>center</align>
								<font>font13</font>
								<shadowcolor>shadow</shadowcolor>
								<textcolor>$VAR[ThemeLabelColor]</textcolor>
								<label>$INFO[ListItem.Label]</label>
							</control>
						</control>
					</focusedlayout>
				</control>
				<!-- Trakt Comments -->
				<control type="label" id="8003">
					<left>30</left>
					<width>1100</width>
					<height>60</height>
					<font>font35_title_bold</font>
					<textcolor>grey</textcolor>
					<label>Trakt $ADDON[plugin.video.themoviedb.helper 32188]</label>
					<visible>String.IsEqual(Window.Property(List_5003_Visible),True)</visible>
				</control>
				<control type="panel" id="5003">
					<left>10</left>
					<width>1880</width>
					<height>420</height>
					<orientation>horizontal</orientation>
					<preloaditems>2</preloaditems>
					<scrolltime tween="quadratic" easing="out">300</scrolltime>
					<itemlayout width="520" height="460">
						<control type="group">
							<top>40</top>
							<control type="image">
								<left>10</left>
								<top>-10</top>
								<width>500</width>
								<height>340</height>
								<texture>colors/black25.png</texture>
								<bordersize>2</bordersize>
								<bordertexture border="2" infill="false" colordiffuse="black">colors/border_frame.png</bordertexture>
							</control>
							<control type="textbox">
								<left>30</left>
								<top>0</top>
								<width>470</width>
								<height>320</height>
								<font>font13</font>
								<shadowcolor>shadow</shadowcolor>
								<textcolor>white2</textcolor>
								<label>$INFO[ListItem.Plot]</label>
							</control>
						</control>
						<control type="label">
							<left>10</left>
							<top>382</top>
							<width>40</width>
							<height>30</height>
							<font>IconTinyMD</font>
							<shadowcolor>shadow</shadowcolor>
							<textcolor>white2</textcolor>
							<label></label>
						</control>
						<control type="label">
							<left>50</left>
							<top>380</top>
							<width>460</width>
							<height>30</height>
							<font>font13</font>
							<shadowcolor>shadow</shadowcolor>
							<textcolor>white2</textcolor>
							<label>$INFO[ListItem.Label]</label>
						</control>
					</itemlayout>
					<focusedlayout width="520" height="460">
						<control type="group">
							<animation effect="zoom" start="95" end="100" time="200" tween="sine" easing="inout" center="auto">Focus</animation>
							<control type="group">
								<top>40</top>
								<control type="image">
									<left>10</left>
									<top>-10</top>
									<width>500</width>
									<height>340</height>
									<texture>colors/black25.png</texture>
									<bordersize>1</bordersize>
									<bordertexture border="1" infill="false" colordiffuse="$VAR[ThemeLabelColor]">colors/border_frame.png</bordertexture>
								</control>
								<control type="textbox">
									<left>30</left>
									<top>0</top>
									<width>470</width>
									<height>320</height>
									<font>font13</font>
									<shadowcolor>shadow</shadowcolor>
									<textcolor>white</textcolor>
									<autoscroll time="2000" delay="2000" repeat="3000">true</autoscroll>
									<label>$INFO[ListItem.Plot]</label>
								</control>
							</control>
							<control type="label">
								<left>10</left>
								<top>382</top>
								<width>40</width>
								<height>30</height>
								<font>IconTinyMD</font>
								<shadowcolor>shadow</shadowcolor>
								<label></label>
							</control>
							<control type="label">
								<left>50</left>
								<top>380</top>
								<width>460</width>
								<height>30</height>
								<font>font13</font>
								<shadowcolor>shadow</shadowcolor>
								<textcolor>$VAR[ThemeLabelColor]</textcolor>
								<label>$INFO[ListItem.Label]</label>
							</control>
						</control>
					</focusedlayout>
				</control>
			</control>
		</control>
	</controls>
</window>