<?xml version="1.0" encoding="UTF-8"?>
<window>
	<defaultcontrol always="true">2</defaultcontrol>
	<onload>SetProperty(Window.HasSettings,True,Home)</onload>
	<onload>ClearProperty(MediaMenu,Home)</onload>
	<onunload>ClearProperty(MediaMenu,Home)</onunload>
	<onunload>ClearProperty(Window.HasSettings,Home)</onunload>
	<controls>
		<include>CommonBackground</include>
		<include>Topbar</include>
		<control type="group">
			<top>59</top>
			<include>WindowOpenCloseAnimation</include>
			<include>SystemPanel</include>
			<control type="panel" id="2">
				<left>80</left>
				<top>32</top>
				<width>447</width>
				<height>840</height>
				<onleft>61</onleft>
				<onright>9001</onright>
				<onup>2</onup>
				<ondown>2</ondown>
				<pagecontrol>61</pagecontrol>
				<scrolltime tween="quadratic" easing="out">200</scrolltime>
				<itemlayout height="90" width="446">
					<control type="image">
						<left>5</left>
						<top>5</top>
						<width>80</width>
						<height>80</height>
						<bordertexture border="1">thumbs/panel_border3.png</bordertexture>
						<bordersize>1</bordersize>
						<texture fallback="unknown-user.png">$INFO[Container(2).Listitem.Icon]</texture>
					</control>
					<control type="label">
						<left>90</left>
						<width>447</width>
						<height>90</height>
						<font>font15</font>
						<textoffsetx>20</textoffsetx>
						<textcolor>grey2</textcolor>
						<label>$INFO[ListItem.Label]</label>
					</control>
				</itemlayout>
				<focusedlayout height="90" width="446">
					<control type="image">
						<width>447</width>
						<height>90</height>
						<texture colordiffuse="$VAR[HighlightBarColor]" border="4">lf_classic/button/MenuItemFO.png</texture>
						<visible>Control.HasFocus(2)</visible>
						<include>VisibleFadeAnimation</include>
					</control>
					<control type="image">
						<left>5</left>
						<top>5</top>
						<width>80</width>
						<height>80</height>
						<bordertexture border="1">thumbs/panel_border3.png</bordertexture>
						<bordersize>1</bordersize>
						<texture fallback="unknown-user.png">$INFO[Container(2).Listitem.Icon]</texture>
					</control>
					<control type="label">
						<left>90</left>
						<width>447</width>
						<height>90</height>
						<font>font15</font>
						<textoffsetx>20</textoffsetx>
						<label>$INFO[ListItem.Label]</label>
						<animation effect="fade" start="100" end="70" time="300" tween="sine" easing="inout" condition="!Control.HasFocus(2)">Conditional</animation>
					</control>
				</focusedlayout>
			</control>
			<control type="scrollbar" id="61">
				<left>64</left>
				<top>32</top>
				<width>16</width>
				<height>808</height>
				<onleft>SetProperty(MediaMenu,True,Home)</onleft>
				<onleft>SetFocus(9050)</onleft>
				<onright>2</onright>
				<ondown>61</ondown>
				<onup>61</onup>
				<showonepage>false</showonepage>
				<texturesliderbackground />
				<texturesliderbar colordiffuse="80FFFFFF" border="1">scrollbar/texturesliderbar2.png</texturesliderbar>
				<texturesliderbarfocus border="1">scrollbar/texturesliderbar2.png</texturesliderbarfocus>
			</control>
			<control type="grouplist" id="9001">
				<left>528</left>
				<top>32</top>
				<width>1310</width>
				<height>720</height>
				<pagecontrol />
				<onleft>2</onleft>
				<onright>2</onright>
				<onup>9001</onup>
				<ondown>9001</ondown>
				<control type="radiobutton" id="4">
					<description>Enable Login screen</description>
					<label>20096</label>
					<width>1310</width>
					<height>90</height>
					<font>font15</font>
					<textoffsetx>30</textoffsetx>
				</control>
				<control type="button" id="5">
					<description>Auto Login</description>
					<label>$LOCALIZE[33084]</label>
					<label2>[COLOR $VAR[ThemeLabelColor]]$INFO[System.ProfileAutoLogin][/COLOR]</label2>
					<width>1310</width>
					<height>90</height>
					<font>font15</font>
					<textoffsetx>30</textoffsetx>
					<enable>!System.HasLoginScreen</enable>
				</control>
			</control>
			<control type="group">
				<left>557</left>
				<top>900</top>
				<control type="label">
					<width>1301</width>
					<height>45</height>
					<aligny>top</aligny>
					<textcolor>$VAR[ThemeLabelColor]</textcolor>
					<wrapmultiline>true</wrapmultiline>
					<textoffsetx>15</textoffsetx>
					<font>font15_title</font>
					<label>$INFO[Container(2).ListItem.Label]</label>
				</control>
				<control type="label">
					<top>55</top>
					<width>1301</width>
					<height>45</height>
					<textcolor>grey2</textcolor>
					<wrapmultiline>true</wrapmultiline>
					<textoffsetx>15</textoffsetx>
					<font>font15_title</font>
					<label>$INFO[Container(2).ListItem.Label2,$LOCALIZE[31320]: ]</label>
				</control>
			</control>
		</control>
		<control type="group">
			<left>-440</left>
			<include>SideBladeLeft</include>
			<control type="grouplist" id="9050">
				<include>NoMediaMenu</include>
			</control>
			<include>MediaMenuPlayerControls</include>
		</control>
	</controls>
</window>