<?xml version="1.0" encoding="UTF-8"?>
<includes>
	<!-- Fullscreen Wall -->
	<include name="View_609_Fullscreen_Wall">
		<control type="group">
			<visible>Control.IsVisible(609)</visible>
			<include>ViewAnimation</include>
			<control type="group">
				<visible>Container.Content(artists) | Container.Content(albums)</visible>
				<control type="image">
					<width>1</width>
					<height>1080</height>
					<texture>contentpanel.png</texture>
				</control>
				<control type="image">
					<left>1919</left>
					<width>1</width>
					<height>1080</height>
					<texture>contentpanel.png</texture>
				</control>
			</control>
			<control type="panel" id="609">
				<include>FullscreenDimensions</include>
				<onleft>SetProperty(MediaMenu,True,Home)</onleft>
				<onleft>SetFocus(9050)</onleft>
				<onright>60960</onright>
				<onup>609</onup>
				<ondown>609</ondown>
				<viewtype label="$LOCALIZE[31246]">icon</viewtype>
				<pagecontrol>60960</pagecontrol>
				<preloaditems>2</preloaditems>
				<scrolltime tween="quadratic">400</scrolltime>
				<visible>!System.AddonIsEnabled(script.skinvariables) + [Container.Content(movies) | Container.Content(tvshows) | Container.Content(sets)] | Window.IsActive(music) + [Container.Content(artists) | Container.Content(albums) | Container.Content(files)] | !Window.IsActive(music) + System.AddonIsEnabled(script.skinvariables) + $EXP[Exp_View_609]</visible>
				<itemlayout width="240" height="360" condition="[Container.Content(movies) | Container.Content(tvshows) | Container.Content(sets)] + !Skin.HasSetting(Enable.SmallerFullscreenWallPosters)">
					<control type="group">
						<control type="image">
							<width>240</width>
							<height>360</height>
							<aspectratio scalediffuse="false">scale</aspectratio>
							<texture background="true">$VAR[PosterThumbVar]</texture>
						</control>
						<control type="image">
							<width>240</width>
							<height>360</height>
							<texture>thumbs/diffuse.png</texture>
						</control>
						<control type="image">
							<left>200</left>
							<width>40</width>
							<height>40</height>
							<texture>$VAR[OverlayVar]</texture>
							<aspectratio align="center" aligny="top">keep</aspectratio>
							<visible>[!String.IsEmpty(Skin.String(609.Movies.DisableOverlay)) + Container.Content(movies)] | [!String.IsEmpty(Skin.String(609.TV.DisableOverlay)) + Container.Content(tvshows)] | [!String.IsEmpty(Skin.String(609.Sets.DisableOverlay)) + Container.Content(sets)]</visible>
						</control>
						<control type="group">
							<left>10</left>
							<top>20</top>
							<include condition="Skin.HasSetting(Disable.UnwatchedIcon)">UnwatchedIcon</include>
						</control>
					</control>
				</itemlayout>
				<focusedlayout width="240" height="360" condition="[Container.Content(movies) | Container.Content(tvshows) | Container.Content(sets)] + !Skin.HasSetting(Enable.SmallerFullscreenWallPosters)">
					<control type="group">
						<animation effect="zoom" start="95" end="100" time="200" tween="sine" easing="inout" center="auto" reversible="false">Focus</animation>
						<control type="image">
							<width>240</width>
							<height>360</height>
							<aspectratio scalediffuse="false">scale</aspectratio>
							<texture background="true">$VAR[PosterThumbVar]</texture>
							<bordertexture colordiffuse="$VAR[ThemeLabelColor]" border="9">thumbs/thumbnail_focused.png</bordertexture>
							<bordersize>8</bordersize>
						</control>
						<control type="image">
							<left>193</left>
							<top>8</top>
							<width>40</width>
							<height>40</height>
							<texture>$VAR[OverlayVar]</texture>
							<aspectratio align="center" aligny="top">keep</aspectratio>
							<visible>[!String.IsEmpty(Skin.String(609.Movies.DisableOverlay)) + Container.Content(movies)] | [!String.IsEmpty(Skin.String(609.TV.DisableOverlay)) + Container.Content(tvshows)] | [!String.IsEmpty(Skin.String(609.Sets.DisableOverlay)) + Container.Content(sets)]</visible>
						</control>
						<control type="group">
							<left>10</left>
							<top>20</top>
							<include condition="Skin.HasSetting(Disable.UnwatchedIcon)">UnwatchedIcon</include>
						</control>
					</control>
				</focusedlayout>
				<itemlayout width="192" height="270" condition="[Container.Content(movies) | Container.Content(tvshows) | Container.Content(sets)] + Skin.HasSetting(Enable.SmallerFullscreenWallPosters) + !Skin.HasSetting(Enable.TinyFullscreenWallPosters)">
					<control type="group">
						<control type="image">
							<width>192</width>
							<height>270</height>
							<texture background="true">$VAR[PosterThumbVar]</texture>
						</control>
						<control type="image">
							<width>192</width>
							<height>270</height>
							<texture>thumbs/diffuse.png</texture>
						</control>
						<control type="image">
							<left>162</left>
							<width>30</width>
							<height>30</height>
							<texture>$VAR[OverlayVar]</texture>
							<aspectratio align="center" aligny="top">keep</aspectratio>
							<visible>[!String.IsEmpty(Skin.String(609.Movies.DisableOverlay)) + Container.Content(movies)] | [!String.IsEmpty(Skin.String(609.TV.DisableOverlay)) + Container.Content(tvshows)] | [!String.IsEmpty(Skin.String(609.Sets.DisableOverlay)) + Container.Content(sets)]</visible>
						</control>
						<control type="group">
							<left>10</left>
							<top>20</top>
							<include condition="Skin.HasSetting(Disable.UnwatchedIcon)">UnwatchedIcon</include>
						</control>
					</control>
				</itemlayout>
				<focusedlayout width="192" height="270" condition="[Container.Content(movies) | Container.Content(tvshows) | Container.Content(sets)] + Skin.HasSetting(Enable.SmallerFullscreenWallPosters) + !Skin.HasSetting(Enable.TinyFullscreenWallPosters)">
					<control type="group">
						<animation effect="zoom" start="95" end="100" time="200" tween="sine" easing="inout" center="auto" reversible="false">Focus</animation>
						<control type="image">
							<width>192</width>
							<height>270</height>
							<texture background="true">$VAR[PosterThumbVar]</texture>
							<bordertexture colordiffuse="$VAR[ThemeLabelColor]" border="9">thumbs/thumbnail_focused.png</bordertexture>
							<bordersize>8</bordersize>
						</control>
						<control type="image">
							<left>154</left>
							<top>8</top>
							<width>30</width>
							<height>30</height>
							<texture>$VAR[OverlayVar]</texture>
							<aspectratio align="center" aligny="top">keep</aspectratio>
							<visible>[!String.IsEmpty(Skin.String(609.Movies.DisableOverlay)) + Container.Content(movies)] | [!String.IsEmpty(Skin.String(609.TV.DisableOverlay)) + Container.Content(tvshows)] | [!String.IsEmpty(Skin.String(609.Sets.DisableOverlay)) + Container.Content(sets)]</visible>
						</control>
						<control type="group">
							<left>10</left>
							<top>20</top>
							<include condition="Skin.HasSetting(Disable.UnwatchedIcon)">UnwatchedIcon</include>
						</control>
					</control>
				</focusedlayout>
				<itemlayout width="128" height="180" condition="[Container.Content(movies) | Container.Content(tvshows) | Container.Content(sets)] + Skin.HasSetting(Enable.SmallerFullscreenWallPosters) + Skin.HasSetting(Enable.TinyFullscreenWallPosters)">
					<control type="group">
						<control type="image">
							<width>128</width>
							<height>180</height>
							<texture background="true">$VAR[PosterThumbVar]</texture>
						</control>
						<control type="image">
							<width>128</width>
							<height>180</height>
							<texture>thumbs/diffuse.png</texture>
						</control>
						<control type="image">
							<left>108</left>
							<width>20</width>
							<height>20</height>
							<texture>$VAR[OverlayVar]</texture>
							<aspectratio align="center" aligny="top">keep</aspectratio>
							<visible>[!String.IsEmpty(Skin.String(609.Movies.DisableOverlay)) + Container.Content(movies)] | [!String.IsEmpty(Skin.String(609.TV.DisableOverlay)) + Container.Content(tvshows)] | [!String.IsEmpty(Skin.String(609.Sets.DisableOverlay)) + Container.Content(sets)]</visible>
						</control>
						<control type="group">
							<left>-2</left>
							<top>-5</top>
							<visible>Skin.HasSetting(Disable.UnwatchedIcon)</visible>
							<visible>[Container.Content(tvshows) | Container.Content(seasons)] + Integer.IsGreater(ListItem.Property(UnWatchedEpisodes),0)</visible>
							<control type="image">
								<top>4</top>
								<width>26</width>
								<height>26</height>
								<aspectratio>keep</aspectratio>
								<texture>circle.png</texture>
							</control>
							<control type="label">
								<width>25</width>
								<height>25</height>
								<include>UnwatchedIconVars</include>
								<label>$INFO[ListItem.Property(UnWatchedEpisodes)]</label>
							</control>
						</control>
					</control>
				</itemlayout>
				<focusedlayout width="128" height="180" condition="[Container.Content(movies) | Container.Content(tvshows) | Container.Content(sets)] + Skin.HasSetting(Enable.SmallerFullscreenWallPosters) + Skin.HasSetting(Enable.TinyFullscreenWallPosters)">
					<control type="group">
						<animation effect="zoom" start="95" end="100" time="200" tween="sine" easing="inout" center="auto" reversible="false">Focus</animation>
						<control type="image">
							<width>128</width>
							<height>180</height>
							<texture background="true">$VAR[PosterThumbVar]</texture>
							<bordertexture colordiffuse="$VAR[ThemeLabelColor]" border="4">thumbs/thumbnail_focused.png</bordertexture>
							<bordersize>4</bordersize>
						</control>
						<control type="image">
							<left>102</left>
							<top>4</top>
							<width>25</width>
							<height>25</height>
							<texture>$VAR[OverlayVar]</texture>
							<aspectratio align="center" aligny="top">keep</aspectratio>
							<visible>[!String.IsEmpty(Skin.String(609.Movies.DisableOverlay)) + Container.Content(movies)] | [!String.IsEmpty(Skin.String(609.TV.DisableOverlay)) + Container.Content(tvshows)] | [!String.IsEmpty(Skin.String(609.Sets.DisableOverlay)) + Container.Content(sets)]</visible>
						</control>
						<control type="group">
							<left>2</left>
							<visible>Skin.HasSetting(Disable.UnwatchedIcon)</visible>
							<visible>[Container.Content(tvshows) | Container.Content(seasons)] + Integer.IsGreater(ListItem.Property(UnWatchedEpisodes),0)</visible>
							<control type="image">
								<top>4</top>
								<width>26</width>
								<height>26</height>
								<aspectratio>keep</aspectratio>
								<texture>circle.png</texture>
							</control>
							<control type="label">
								<width>25</width>
								<height>25</height>
								<include>UnwatchedIconVars</include>
								<label>$INFO[ListItem.Property(UnWatchedEpisodes)]</label>
							</control>
						</control>
					</control>
				</focusedlayout>
				<itemlayout width="274" height="270" condition="Container.Content(artists) | Container.Content(albums) | [Window.IsActive(music) + Container.Content(files)]">
					<control type="group">
						<left>1</left>
						<control type="image">
							<width>274</width>
							<height>270</height>
							<aspectratio aligny="top" scalediffuse="false">scale</aspectratio>
							<texture background="true">$INFO[ListItem.Icon]</texture>
						</control>
						<control type="image">
							<visible>Container.Content(albums)</visible>
							<width>274</width>
							<height>270</height>
							<texture>thumbs/diffuse.png</texture>
						</control>
						<control type="group">
							<visible>Container.Content(artists)</visible>
							<control type="image">
								<width>274</width>
								<height>270</height>
								<texture border="0,0,0,50">thumbs/diffuse_music.png</texture>
							</control>
							<control type="label">
								<top>230</top>
								<width>274</width>
								<height>28</height>
								<align>center</align>
								<textoffsetx>4</textoffsetx>
								<textcolor>grey</textcolor>
								<label>$INFO[ListItem.Label]</label>
							</control>
						</control>
					</control>
				</itemlayout>
				<focusedlayout width="274" height="270" condition="Container.Content(artists) | Container.Content(albums) | [Window.IsActive(music) + Container.Content(files)]">
					<control type="group">
						<animation effect="zoom" start="95" end="100" time="200" tween="sine" easing="inout" center="auto" reversible="false">Focus</animation>
						<left>1</left>
						<control type="image">
							<width>274</width>
							<height>270</height>
							<aspectratio aligny="top" scalediffuse="false">scale</aspectratio>
							<texture background="true">$INFO[ListItem.Icon]</texture>
							<bordertexture colordiffuse="$VAR[ThemeLabelColor]" border="9">thumbs/thumbnail_focused.png</bordertexture>
							<bordersize>8</bordersize>
						</control>
						<control type="group">
							<visible>Container.Content(artists)</visible>
							<control type="image">
								<left>8</left>
								<top>220</top>
								<width>258</width>
								<height>42</height>
								<texture>colors/black50.png</texture>
							</control>
							<control type="label">
								<top>225</top>
								<width>274</width>
								<height>28</height>
								<align>center</align>
								<textoffsetx>10</textoffsetx>
								<textcolor>grey</textcolor>
								<label>$INFO[ListItem.Label]</label>
							</control>
						</control>
					</control>
				</focusedlayout>
			</control>
			<control type="scrollbar" id="60960">
				<left>1906</left>
				<width>10</width>
				<height>1080</height>
				<onup>60960</onup>
				<ondown>60960</ondown>
				<onleft>609</onleft>
				<onright condition="!Control.IsVisible(615)">SetProperty(MediaMenu,True,Home)</onright>
				<onright condition="!Control.IsVisible(615)">SetFocus(9050)</onright>
				<onright condition="Control.IsVisible(615)">SetFocus(615)</onright>
				<texturesliderbarfocus colordiffuse="$VAR[ThemeLabelColor]">solid_bg.png</texturesliderbarfocus>
				<animation effect="fade" start="100" end="0" time="500" delay="500" condition="!Control.HasFocus(60960) + !Container.Scrolling">Conditional</animation>
				<animation effect="zoom" start="100,100" end="200,100" center="auto" tween="sine" easing="inout" time="500" pulse="true" condition="Control.HasFocus(60960)">Conditional</animation>
			</control>
			<control type="group">
				<include content="InfoPopup">
					<param name="StudioLabelID">609</param>
				</include>
				<visible>Control.HasFocus(609) + !ListItem.IsParentFolder + Skin.HasSetting(Enable.FullscreenWallInfoPopup)</visible>
			</control>
		</control>
	</include>
</includes>