<?xml version="1.0" encoding="UTF-8"?>
<includes>
	<include name="ShiftPosterThumbs">
		<control type="image">
			<left>-12</left>
			<top>150</top>
			<width>340</width>
			<height>470</height>
			<texture background="true">$VAR[PosterThumbVar]</texture>
			<bordertexture border="20">thumbs/thumb_shadow.png</bordertexture>
			<bordersize>20</bordersize>
		</control>
		<control type="image">
			<left>-45</left>
			<top>128</top>
			<width>375</width>
			<height>500</height>
			<texture background="true">$VAR[CaseTypePathVar]$VAR[GlobalCaseVar]</texture>
			<visible>[Container.Content(movies) |Container.Content(tvshows) | Container.Content(seasons)] + Skin.HasSetting(Enable.Shift.Covers)</visible>
		</control>
		<control type="image">
			<left>269</left>
			<top>169</top>
			<width>40</width>
			<height>40</height>
			<texture>$VAR[OverlayVar]</texture>
			<aspectratio align="center" aligny="top">keep</aspectratio>
			<bordersize>1</bordersize>
			<visible>[!String.IsEmpty(Skin.String(57.Movies.DisableOverlay)) + Container.Content(movies)] | [!String.IsEmpty(Skin.String(57.Sets.DisableOverlay)) + Container.Content(sets)] | [!String.IsEmpty(Skin.String(57.TV.DisableOverlay)) + Container.Content(tvshows)] | [!String.IsEmpty(Skin.String(57.Seasons.DisableOverlay)) + Container.Content(seasons)] | [!String.IsEmpty(Skin.String(57.MusicVideos.DisableOverlay)) + Container.Content(musicvideos)]</visible>
		</control>
		<control type="group">
			<left>32</left>
			<top>170</top>
			<include condition="Skin.HasSetting(Disable.UnwatchedIcon)">UnwatchedIcon</include>
		</control>
	</include>
	<include name="ShiftPosterThumbsSmall">
		<control type="image">
			<left>120</left>
			<top>345</top>
			<width>200</width>
			<height>275</height>
			<texture background="true">$VAR[PosterThumbVar]</texture>
			<bordertexture border="20">thumbs/thumb_shadow.png</bordertexture>
			<bordersize>20</bordersize>
		</control>
		<control type="image">
			<left>110</left>
			<top>342</top>
			<width>200</width>
			<height>275</height>
			<texture background="true">$VAR[CaseTypePathVar]$VAR[GlobalCaseVar]</texture>
			<visible>[Container.Content(movies) |Container.Content(tvshows) | Container.Content(seasons)] + Skin.HasSetting(Enable.Shift.Covers)</visible>
		</control>
		<control type="image">
			<left>271</left>
			<top>364</top>
			<width>30</width>
			<height>30</height>
			<texture>$VAR[OverlayVar]</texture>
			<aspectratio align="center" aligny="top">keep</aspectratio>
			<bordersize>1</bordersize>
			<visible>[!String.IsEmpty(Skin.String(57.Movies.DisableOverlay)) + Container.Content(movies)] | [!String.IsEmpty(Skin.String(57.Sets.DisableOverlay)) + Container.Content(sets)] | [!String.IsEmpty(Skin.String(57.TV.DisableOverlay)) + Container.Content(tvshows)] | [!String.IsEmpty(Skin.String(57.Seasons.DisableOverlay)) + Container.Content(seasons)] | [!String.IsEmpty(Skin.String(57.MusicVideos.DisableOverlay)) + Container.Content(musicvideos)]</visible>
		</control>
		<control type="group">
			<left>135</left>
			<top>368</top>
			<include condition="Skin.HasSetting(Disable.UnwatchedIcon)">UnwatchedIcon</include>
		</control>
	</include>
	<include name="ShiftSquareThumbs">
		<control type="image">
			<left>-12</left>
			<top>280</top>
			<width>340</width>
			<height>340</height>
			<aspectratio scalediffuse="false">scale</aspectratio>
			<texture background="true">$INFO[ListItem.Icon]</texture>
			<bordertexture border="20">thumbs/thumb_shadow.png</bordertexture>
			<bordersize>20</bordersize>
			<visible>!Container.Content(genres)</visible>
		</control>
		<control type="image">
			<left>-12</left>
			<top>280</top>
			<width>340</width>
			<height>340</height>
			<aspectratio scalediffuse="false">scale</aspectratio>
			<texture background="true" fallback="special://skin/extras/musicgenres/Default.jpg">$VAR[MusicGenreIconsPathVar]$INFO[ListItem.Label,,.jpg]</texture>
			<bordertexture border="20">thumbs/thumb_shadow.png</bordertexture>
			<bordersize>20</bordersize>
			<visible>Container.Content(genres)</visible>
		</control>
		<control type="image">
			<left>200</left>
			<top>149</top>
			<width>100</width>
			<height>100</height>
			<texture>$VAR[OverlayVar]</texture>
			<aspectratio align="center" aligny="top">keep</aspectratio>
			<bordersize>1</bordersize>
		</control>
		<control type="image">
			<left>278</left>
			<top>300</top>
			<width>30</width>
			<height>30</height>
			<texture>overlays/OverlayWatched.png</texture>
			<visible>ListItem.Property(Addon.IsInstalled)</visible>
		</control>
		<control type="image">
			<left>278</left>
			<top>300</top>
			<width>30</width>
			<height>30</height>
			<texture>verified_repo.png</texture>
			<visible>ListItem.Property(Addon.IsFromOfficialRepo)</visible>
			<animation effect="slide" end="-28" condition="ListItem.Property(Addon.IsInstalled)">Conditional</animation>
		</control>
	</include>
	<include name="ShiftThumbsSmall">
		<control type="group">
			<animation effect="zoom" center="230,500" start="100" end="140" time="200" tween="quadratic">Focus</animation>
			<animation effect="zoom" center="230,500" start="140" end="100" time="200" tween="quadratic">Unfocus</animation>
			<include>ShiftPosterThumbsSmall</include>
		</control>
	</include>
	<include name="PosterShift">
		<control type="group">
			<include>ViewAnimation</include>
			<visible>Control.IsVisible(57) + !Window.IsActive(addoninformation)</visible>
			<top>-36</top>
			<control type="fixedlist" id="57">
				<left>-200</left>
				<top>296</top>
				<width>2170</width>
				<height>750</height>
				<onup condition="!ListItem.IsParentFolder">4401</onup>
				<onleft>57</onleft>
				<onright>57</onright>
				<ondown condition="Container.Content(movies) | Container.Content(tvshows) | !Container.Content(seasons) | !Container.Content(episodes) |  !Container.Content(musicvideos) | !Container.Content(files) | !Container.Content(addons) | !Container.Content() | !String.IsEmpty(ListItem.Trailer)">PlayMedia("$INFO[ListItem.Trailer]")</ondown>				
				<ondown condition="Control.IsVisible(95760)">95760</ondown>
				<ondown condition="!Control.IsVisible(95760)">4400</ondown>
				<orientation>horizontal</orientation>
				<viewtype label="31079">BigWrap</viewtype>
				<pagecontrol>95760</pagecontrol>
				<preloaditems>2</preloaditems>
				<scrolltime tween="quadratic">400</scrolltime>
				<focusposition>1</focusposition>
				<visible>!System.AddonIsEnabled(script.skinvariables) + [Container.Content(movies) | Container.Content(tvshows) | Container.Content(musicvideos) | Container.Content(seasons) | Container.Content(genres) | Container.Content(sets) | Container.Content(addons)] | System.AddonIsEnabled(script.skinvariables) + $EXP[Exp_View_57]</visible>
				<itemlayout width="315" height="750" condition="!Skin.HasSetting(Enable.Shift.Small) + !Container.Content(addons)">
					<include>ShiftPosterThumbs</include>
				</itemlayout>
				<focusedlayout width="315" height="750" condition="!Skin.HasSetting(Enable.Shift.Small) + !Container.Content(addons)">
					<control type="group">
						<animation effect="zoom" center="auto" start="100" end="140" time="300" delay="100" tween="quadratic" reversible="false">Focus</animation>
						<animation effect="zoom" center="auto" start="140" end="100" time="100" tween="quadratic" reversible="false">Unfocus</animation>
						<control type="image">
							<left>15</left>
							<top>100</top>
							<width>290</width>
							<height>290</height>
							<aspectratio aligny="bottom">keep</aspectratio>
							<texture background="true">$INFO[ListItem.Art(discart)]</texture>
							<animation effect="slide" delay="1000" start="0,80" end="0,-104" time="400" tween="quadratic">Focus</animation>
							<animation type="UnFocus" reversible="false">
								<effect type="slide" start="0,-120" end="0,50" time="200" tween="quadratic" />
							</animation>
							<animation effect="slide" end="0,40" time="0" tween="cubic" easing="inout" condition="!Skin.HasSetting(Enable.Shift.Covers)">Conditional</animation>
							<animation type="Conditional" reversible="false" condition="!Container.OnNext + !Container.OnPrevious">
								<effect type="rotate" end="-360" center="auto" time="6400" delay="1200" loop="false" tween="cubic" easing="inout" />
							</animation>
							<visible>Skin.HasSetting(Enable.Shift.Discart)</visible>
						</control>
						<include>ShiftPosterThumbs</include>
					</control>
				</focusedlayout>
				<itemlayout width="185" height="500" condition="Skin.HasSetting(Enable.Shift.Small) + !Container.Content(addons)">
					<include>ShiftThumbsSmall</include>
				</itemlayout>
				<focusedlayout width="185" height="500" condition="Skin.HasSetting(Enable.Shift.Small) + !Container.Content(addons)">
					<control type="group">
						<animation effect="zoom" center="150,550" start="100" end="120" time="300" tween="quadratic" reversible="false">Focus</animation>
						<animation effect="zoom" center="150,550" start="120" end="100" time="300" tween="quadratic" reversible="false">Unfocus</animation>
						<include>ShiftThumbsSmall</include>
					</control>
				</focusedlayout>
				<itemlayout width="315" height="750" condition="Container.Content(addons)">
					<include>ShiftSquareThumbs</include>
				</itemlayout>
				<focusedlayout width="315" height="750" condition="Container.Content(addons)">
					<control type="group">
						<animation effect="zoom" center="150,450" start="100" end="130" time="400" tween="quadratic" reversible="false">Focus</animation>
						<animation effect="zoom" center="150,450" start="130" end="100" time="400" tween="quadratic" reversible="false">Unfocus</animation>
						<include>ShiftSquareThumbs</include>
					</control>
				</focusedlayout>
			</control>
		</control>
	</include>
	<include name="AlbumShift">
		<control type="group">
			<include>ViewAnimation</include>
			<visible>Control.IsVisible(57) + !Window.IsActive(addoninformation)</visible>
			<control type="label" id="4443">
				<label>$LOCALIZE[31966]</label>
				<include>HiddenObject</include>
				<visible>Skin.HasSetting(Enable.Shift.ArtistCDArt) + Container.Content(artists) + [!String.IsEmpty(Window(Home).Property(SkinInfo.Artist.Album.1.Art(discart))) | !String.IsEmpty(Window(Home).Property(SkinInfo.Artist.Album.2.Art(discart))) | !String.IsEmpty(Window(Home).Property(SkinInfo.Artist.Album.3.Art(discart))) | !String.IsEmpty(Window(Home).Property(SkinInfo.Artist.Album.4.Art(discart))) | !String.IsEmpty(Window(Home).Property(SkinInfo.Artist.Album.5.Art(discart))) | !String.IsEmpty(Window(Home).Property(SkinInfo.Artist.Album.6.Art(discart))) | !String.IsEmpty(Window(Home).Property(SkinInfo.Artist.Album.7.Art(discart))) | !String.IsEmpty(Window(Home).Property(SkinInfo.Artist.Album.8.Art(discart)))]</visible>
				<include condition="!String.IsEmpty(Skin.String(Showcase.Delay))">ShowCaseDelayAnimation</include>
				<animation effect="fade" end="100" time="120" delay="1600">WindowOpen</animation>
				<animation effect="fade" end="100" time="120" delay="1600">Visible</animation>
			</control>
			<control type="fixedlist" id="57">
				<left>-120</left>
				<top>300</top>
				<width>2100</width>
				<height>750</height>
				<onup>SetProperty(MediaMenu,True,Home)</onup>
				<onup>SetFocus(9050)</onup>
				<onleft>57</onleft>
				<onright>57</onright>
				<ondown>95760</ondown>
				<orientation>horizontal</orientation>
				<viewtype label="31079">BigWrap</viewtype>
				<pagecontrol>95760</pagecontrol>
				<scrolltime tween="quadratic">400</scrolltime>
				<focusposition>1</focusposition>
				<visible>Container.Content(addons) | Container.Content(songs) | Container.Content(artists) | Container.Content(albums) | Container.Content(genres) | [Window.IsActive(music) + Container.Content(files)]</visible>
				<itemlayout width="315" height="750">
					<include>ShiftSquareThumbs</include>
				</itemlayout>
				<focusedlayout width="315" height="750">
					<control type="group">
						<animation effect="zoom" center="150,450" start="100" end="130" time="400" tween="quadratic" reversible="false">Focus</animation>
						<animation effect="zoom" center="150,450" start="130" end="100" time="400" tween="quadratic" reversible="false">Unfocus</animation>
						<control type="image">
							<left>14</left>
							<top>300</top>
							<width>290</width>
							<height>290</height>
							<aspectratio>keep</aspectratio>
							<texture background="true">$VAR[ArtworkDiscVar]</texture>
							<animation effect="slide" delay="1600" end="0,-150" time="320" tween="quadratic" easing="out">Focus</animation>
							<animation effect="slide" start="0,-150" end="0" time="350" tween="quadratic" easing="in">Unfocus</animation>
							<visible>!String.IsEmpty(ListItem.Art(discart)) + !Skin.HasSetting(Disable.ShiftAlbumDiscart)</visible>
						</control>
						<control type="group">
							<visible>![Skin.HasSetting(Enable.Shift.ArtistCDArt) + Container.Content(artists) + !Control.IsVisible(7000)] | [Container.OnNext | Container.OnPrevious]</visible>
							<include>ShiftSquareThumbs</include>
						</control>
					</control>
				</focusedlayout>
			</control>
			<control type="group" id="7000">
				<visible>Skin.HasSetting(Enable.Shift.ArtistCDArt) + Container.Content(artists) + [Container.OnNext | Container.OnPrevious]</visible>
				<animation effect="fade" time="400" end="0" reversible="false">Hidden</animation>
				<control type="label">
					<include>HiddenObject</include>
				</control>
			</control>
			<control type="group">
				<visible>Skin.HasSetting(Enable.Shift.ArtistCDArt) + Container.Content(artists) + !Control.IsVisible(7000)</visible>
				<animation effect="fade" time="1">Visible</animation>
				<control type="image">
					<left>118</left>
					<top>545</top>
					<width>423</width>
					<height>423</height>
					<texture background="true">homewidgets/cases/default/square/cd_back.png</texture>
				</control>
				<control type="group">
					<left>182</left>
					<top>572</top>
					<width>356</width>
					<height>356</height>
					<include>ShowCaseRollingAlbumDiscs</include>
				</control>
				<control type="group">
					<animation type="Conditional" reversible="false" condition="[Control.IsVisible(4443)] + !ListItem.IsParentFolder">
						<effect type="rotatey" center="170" start="0" end="40" time="1000" tween="quadratic" easing="out" />
						<effect type="rotatey" delay="4500" center="170" start="0" end="-40" time="1000" tween="quadratic" easing="out" />
					</animation>
					<control type="image">
						<left>140</left>
						<top>535</top>
						<width>430</width>
						<height>430</height>
						<aspectratio scalediffuse="false">scale</aspectratio>
						<texture background="true">$INFO[ListItem.Icon]</texture>
						<bordertexture border="20">thumbs/thumb_shadow.png</bordertexture>
						<bordersize>20</bordersize>
						<visible>Container.Content(artists)</visible>
					</control>
				</control>
			</control>
		</control>
	</include>
	<include name="GamesShift">
		<control type="group">
			<include>ViewAnimation</include>
			<visible>Control.IsVisible(57)</visible>
			<control type="fixedlist" id="57">
				<left>-130</left>
				<top>300</top>
				<width>2100</width>
				<height>750</height>
				<onup>SetProperty(MediaMenu,True,Home)</onup>
				<onup>SetFocus(9050)</onup>
				<onleft>57</onleft>
				<onright>57</onright>
				<ondown>95760</ondown>
				<orientation>horizontal</orientation>
				<viewtype label="31079">BigWrap</viewtype>
				<pagecontrol>95760</pagecontrol>
				<preloaditems>2</preloaditems>
				<scrolltime tween="quadratic">400</scrolltime>
				<focusposition>1</focusposition>
				<visible>String.Contains(Container.FolderPath,plugin.program.advanced.launcher)</visible>
				<itemlayout width="315" height="750" condition="!Skin.HasSetting(Enable.Shift.Small)">
					<include>ShiftPosterThumbs</include>
				</itemlayout>
				<focusedlayout width="315" height="750" condition="!Skin.HasSetting(Enable.Shift.Small)">
					<control type="group">
						<animation effect="zoom" center="auto" start="100" end="120" time="400" tween="quadratic" reversible="false">Focus</animation>
						<animation effect="zoom" center="auto" start="120" end="100" time="400" tween="quadratic" reversible="false">Unfocus</animation>
						<include>ShiftPosterThumbs</include>
					</control>
				</focusedlayout>
				<itemlayout width="185" height="500" condition="Skin.HasSetting(Enable.Shift.Small)">
					<include>ShiftThumbsSmall</include>
				</itemlayout>
				<focusedlayout width="185" height="500" condition="Skin.HasSetting(Enable.Shift.Small)">
					<include>ShiftThumbsSmall</include>
				</focusedlayout>
			</control>
		</control>
	</include>
</includes>