<?xml version="1.0" encoding="UTF-8" standalone="yes"?>
<addon id="plugin.program.quickfix" name="Quick Fixes" version="5" provider-name="Diggz">
	<requires>
		<import addon="xbmc.python" version="3.0.1"/>
	</requires>
	<extension point="xbmc.python.pluginsource" library="addon.py">
		<provides>executable</provides>
	</extension>
	<!--<extension point="xbmc.service" library="service.py" />-->
	<extension point="xbmc.addon.metadata">
		<summary lang="en_GB"></summary>
		<description lang="en_GB"></description>
		<disclaimer lang="en_GB">This Addon contains no content</disclaimer>
		<language>en</language>
		<platform>all</platform>
		<license>GPL-2.0-or-later</license>
		<forum></forum>
		<website></website> 
		<email></email>
		<source></source>
		<assets>
				<icon>resources/icon.png</icon>
				<fanart>resources/fanart.jpg</fanart>
				<banner></banner>
				<clearlogo></clearlogo>
				<screenshot></screenshot>
		</assets>
	</extension>
</addon>