<?xml version="1.0" encoding="UTF-8" standalone="yes"?>
<addon id="plugin.program.diggzbackgrounds" name="Diggz Wallpaper Packs" version="420.19" provider-name="Diggz">
  <requires>
    <import addon="xbmc.python" version="3.0.1"/>
  </requires>
  <extension point="xbmc.python.pluginsource" library="default.py">
    <provides>executable</provides>
  </extension>
  <extension point="xbmc.addon.metadata">
    <summary lang="en">Diggz Wallpaper Packs</summary>
    <description lang="en">Backgrounds</description>
    <assets>
            <icon>icon.png</icon>
            <fanart>fanart.jpg</fanart>
    </assets>
    <platform>all</platform>
  </extension>
</addon>
