<?xml version="1.0" encoding="UTF-8"?>
<window type="dialog" id="1115">
	<defaultcontrol always="true">3</defaultcontrol>
	<onload condition="!System.HasAddon(script.artwork.beef)">RunPlugin(plugin://script.artwork.beef)</onload>
	<onunload>Dialog.Close(1115)</onunload>
	<controls>
		<include>fade_screen_grey</include> 
		<control type="group">
			<posx>675</posx>
			<posy>215</posy>
			<include>dialog_zoom_animation</include>
			<control type="image">
				<description>background image</description>
				<posx>0</posx>
				<posy>0</posy>
				<width>570</width>
				<height>80</height>
				<texture background="true" colordiffuse="$VAR[main_color]">white.png</texture>
			</control>

			<control type="label">
				<description>heading label</description>
				<posx>0</posx>
				<posy>20</posy>
				<width>570</width>
				<height>45</height>
				<align>center</align>
				<aligny>center</aligny>
				<font>font-30</font>
				<label>13511</label>
				<textcolor>white</textcolor>
			</control>
			<control type="image">
				<left>0</left>
				<top>-10</top>
				<width>570</width>
				<height>10</height>
				<texture flipy="true">shadow_horizontal.png</texture>
			</control>
			<control type="image">
				<description>background image</description>
				<posx>0</posx>
				<posy>80</posy>
				<width>570</width>
				<height>575</height>
				<texture background="true" flipy="false">dialogs/long_grey.png</texture>
			</control>
			<!-- Close Button -->
			<include content="close_button"><param name="posx" value="22" /><param name="posy" value="24" /></include>

			<control type="image">
				<left>0</left>
				<top>80</top>
				<width>570</width>
				<height>10</height>
				<texture>shadow_horizontal.png</texture>
			</control>

			<include content="left_shadow">
				<param name="posx" value="-10" />
				<param name="posy" value="0" />
				<param name="width" value="10" />
				<param name="height" value="655" />
			</include>
			<include content="right_shadow">
				<param name="posx" value="570" />
				<param name="posy" value="0" />
				<param name="width" value="10" />
				<param name="height" value="655" />
			</include>
			<!-- Bottom Shadow -->
			<control type="image">
				<left>0</left>
				<top>655</top>
				<width>570</width>
				<height>20</height>
				<texture>shadow_horizontal.png</texture>
				<animation effect="fade" start="100" end="75" time="0" condition="true">Conditional</animation>
			</control>
			
			<control type="list" id="3">
				<posx>10</posx>
				<posy>150</posy>
				<width>550</width>
				<height>500</height>
				<onup>3</onup>
				<ondown>3</ondown>
				<onleft>3</onleft>
				<onright>3</onright>
				<scrolltime>200</scrolltime>
				<itemlayout width="550" height="55">
					<control type="label">
						<posx>10</posx>
						<posy>0</posy>
						<width>530</width>
						<height>55</height>
						<font>font-30</font>
						<include>align_tag</include>
						<aligny>center</aligny>
						<selectedcolor>$VAR[main_color]</selectedcolor>
						<label>$INFO[ListItem.Label]</label>
					</control>
				</itemlayout>
				<focusedlayout width="550" height="55">
					<control type="image">
						<posx>0</posx>
						<posy>0</posy>
						<width>550</width>
						<height>55</height>
						<texture background="true" colordiffuse="$VAR[main_color]">white.png</texture>
					</control>
					<control type="label">
						<posx>10</posx>
						<posy>0</posy>
						<width>530</width>
						<height>55</height>
						<font>font-30</font>
						<include>align_tag</include>
						<aligny>center</aligny>
						<textcolor>white</textcolor>
						<selectedcolor>white</selectedcolor>
						<label>$INFO[ListItem.Label]</label>
					</control>
				</focusedlayout>
				<content>
					<item>
						<label>13511</label>
						<onclick>SendClick(2003,10)</onclick>
					</item>
					<item>
						<label>31219</label>
						<onclick>Dialog.Close(all,true)</onclick>
						<onclick>RunScript(script.artwork.beef,mode=custom,mediatype=movie,dbid=$INFO[ListItem.DBID],clearlogo)</onclick>
						<visible>System.HasAddon(script.artwork.beef) + Container.Content(Movies)</visible>
					</item>
					<item>
						<label>31224</label>
						<onclick>Dialog.Close(all,true)</onclick>
						<onclick>RunScript(script.artwork.beef,mode=custom,mediatype=movie,dbid=$INFO[ListItem.DBID],extrathumbs)</onclick>
						<visible>System.HasAddon(script.artwork.beef) + Container.Content(Movies)</visible>
					</item>
					<item>
						<label>31221</label>
						<onclick>Dialog.Close(all,true)</onclick>
						<onclick>RunScript(script.artwork.beef,mode=custom,mediatype=movie,dbid=$INFO[ListItem.DBID],extrafanart)</onclick>
						<visible>System.HasAddon(script.artwork.beef) + Container.Content(Movies)</visible>
					</item>
					<item>
						<label>31229</label>
						<onclick>Dialog.Close(all,true)</onclick>
						<onclick>RunScript(script.artwork.beef,mode=custom,mediatype=movie,dbid=$INFO[ListItem.DBID],discart)</onclick>
						<visible>System.HasAddon(script.artwork.beef) + Container.Content(Movies)</visible>
					</item>
					<item>
						<label>31219</label>
						<onclick>Dialog.Close(all,true)</onclick>
						<onclick>RunScript(script.artwork.beef,mode=custom,mediatype=tvshow,dbid=$INFO[ListItem.DBID],clearlogo)</onclick>
						<visible>System.HasAddon(script.artwork.beef) + Container.Content(TVShows)</visible>
					</item>
					<item>
						<label>31220</label>
						<onclick>Dialog.Close(all,true)</onclick>
						<onclick>RunScript(script.artwork.beef,mode=custom,mediatype=tvshow,dbid=$INFO[ListItem.DBID],clearart)</onclick>
						<visible>System.HasAddon(script.artwork.beef) + Container.Content(TVShows)</visible>
					</item>
					<item>
						<label>31221</label>
						<onclick>Dialog.Close(all,true)</onclick>
						<onclick>RunScript(script.artwork.beef,mode=custom,mediatype=tvshow,dbid=$INFO[ListItem.DBID],extrafanart)</onclick>
						<visible>System.HasAddon(script.artwork.beef) + Container.Content(TVShows)</visible>
					</item>
					<item>
						<label>31222</label>
						<onclick>Dialog.Close(all,true)</onclick>
						<onclick>RunScript(script.tvtunes,mode=solo&amp;tvpath=$INFO[Window(Home).Property(TVShowPath)]&amp;tvname=$INFO[ListItem.TVShowTitle])</onclick>
						<visible>System.HasAddon(script.tvtunes) + String.IsEmpty(Window(movieinformation).Property("TvTunes_HideVideoInfoButton")) + [Container.Content(TVShows) | Container.Content(movies)]</visible>
					</item>
					<item>
						<label>31224</label>
						<onclick>Dialog.Close(all,true)</onclick>
						<onclick>RunScript(script.artwork.beef,mode=custom,mediatype=musicvideo,dbid=$INFO[ListItem.DBID],extrathumbs)</onclick>
						<visible>System.HasAddon(script.artwork.beef) + Container.Content(MusicVideos)</visible>
					</item>
					<item>
						<label>31221</label>
						<onclick>Dialog.Close(all,true)</onclick>
						<onclick>RunScript(script.artwork.beef,mode=custom,mediatype=musicvideo,dbid=$INFO[ListItem.DBID],extrafanart)</onclick>
						<visible>System.HasAddon(script.artwork.beef) + Container.Content(MusicVideos)</visible>
					</item>
				</content>
			</control>
		</control>
	</controls>
</window>
