<?xml version="1.0" encoding="UTF-8" standalone="yes"?>
<addon id="script.diggzskins"
       name="Diggz Skin Switcher"
       version="500.0.8"
       provider-name="Diggz">
  <requires>
    <import addon="xbmc.python" version="3.0.1"/>
  </requires>
  <extension point="xbmc.python.script" library="default.py" />
  <extension point="xbmc.addon.metadata">
    <summary lang="en">Fullscreen Skin Gallery and Switcher for Kodi 21 (Omega)</summary>
    <description lang="en">Browse curated skins with big screenshots</description>
    <platform>all</platform>
    <license>MIT</license>
  </extension>
</addon>
