<?xml version="1.0" encoding="UTF-8"?>
<window id="1141" type="dialog">
	<defaultcontrol always="true">90200</defaultcontrol>
	<include>DialogOpenCloseAnimation</include>
	<controls>
		<control type="image">
			<top>120</top>
			<left>670</left>
			<width>580</width>
			<height>850</height>
			<texture>listpanel_back.png</texture>
			<animation effect="fade" time="100">WindowOpen</animation>
			<animation effect="fade" time="50">WindowClose</animation>
		</control>
		<control type="grouplist" id="90200">
			<left>705</left>
			<width>510</width>
			<height>1080</height>
			<onleft>90200</onleft>
			<onright>90200</onright>
			<onup>90200</onup>
			<ondown>90200</ondown>
			<align>center</align>
			<control type="button" id="90202">
				<description>FS Fanart button</description>
				<width>510</width>
				<textwidth>435</textwidth>
				<textoffsetx>35</textoffsetx>
				<texturefocus colordiffuse="$VAR[HighlightBarColor]">button_focus.png</texturefocus>
				<texturenofocus>button_nofocus.png</texturenofocus>
				<onclick>Dialog.Close(1141)</onclick>
				<onclick>RunPlugin(plugin://script.diggzskins)</onclick>
				<label>[B][COLOR chartreuse]Click Here To Switch Skin[/COLOR][/B]</label>
			</control>
			<control type="button" id="90203">
				<description>Trakt Rate button</description>
				<width>510</width>
				<textwidth>435</textwidth>
				<textoffsetx>35</textoffsetx>
				<texturefocus colordiffuse="$VAR[HighlightBarColor]">button_focus.png</texturefocus>
				<texturenofocus>button_nofocus.png</texturenofocus>
				<label>Install Planet Diggz</label>
				<onclick>InstallAddon(skin.planetdiggz)</onclick>
			</control>
			<control type="button" id="90204">
				<description>PreshowExperience</description>
				<width>510</width>
				<textwidth>435</textwidth>
				<textoffsetx>35</textoffsetx>
				<texturefocus colordiffuse="$VAR[HighlightBarColor]">button_focus.png</texturefocus>
				<texturenofocus>button_nofocus.png</texturenofocus>
					<label>Install Fentastic</label>
					<onclick>InstallAddon(skin.eminence.2.fen)</onclick>
			</control>
			<control type="button" id="90205">
				<description>Search YouTube button</description>
				<width>510</width>
				<textwidth>435</textwidth>
				<textoffsetx>35</textoffsetx>
				<texturefocus colordiffuse="$VAR[HighlightBarColor]">button_focus.png</texturefocus>
				<texturenofocus>button_nofocus.png</texturenofocus>
				<label>Install Eminence</label>
				<onclick>InstallAddon(skin.eminence.2.mod)</onclick>
			</control>
			<control type="button" id="90206">
				<description>Edit button</description>
				<width>510</width>
				<textwidth>435</textwidth>
				<textoffsetx>35</textoffsetx>
				<texturefocus colordiffuse="$VAR[HighlightBarColor]">button_focus.png</texturefocus>
				<texturenofocus>button_nofocus.png</texturenofocus>
				<label>Install ArcticFlix</label>
				<onclick>InstallAddon(skin.arctic.horizon.2)</onclick>
			</control>
			<control type="button" id="90207">
				<width>510</width>
				<textwidth>435</textwidth>
				<textoffsetx>35</textoffsetx>
				<texturefocus colordiffuse="$VAR[HighlightBarColor]">button_focus.png</texturefocus>
				<texturenofocus>button_nofocus.png</texturenofocus>
				<label>Install Xenox</label>
				<onclick>InstallAddon(skin.xenox)</onclick>
			</control>
			<control type="button" id="90208">
				<description>No extra features button</description>
				<width>510</width>
				<textwidth>435</textwidth>
				<textoffsetx>35</textoffsetx>
				<texturefocus colordiffuse="$VAR[HighlightBarColor]">button_focus.png</texturefocus>
				<texturenofocus>button_nofocus.png</texturenofocus>
				<label>Install DiggzFlix</label>
				<onclick>InstallAddon(skin.auraflix)</onclick>
			</control>
			<control type="button" id="90209">
				<width>510</width>
				<textwidth>435</textwidth>
				<textoffsetx>35</textoffsetx>
				<texturefocus colordiffuse="$VAR[HighlightBarColor]">button_focus.png</texturefocus>
				<texturenofocus>button_nofocus.png</texturenofocus>
				<label>Install FenFlix</label>
				<onclick>InstallAddon(skin.povflix)</onclick>
			</control>
			<control type="button" id="90210">
				<description>No extra features button</description>
				<width>510</width>
				<textwidth>435</textwidth>
				<textoffsetx>35</textoffsetx>
				<texturefocus colordiffuse="$VAR[HighlightBarColor]">button_focus.png</texturefocus>
				<texturenofocus>button_nofocus.png</texturenofocus>
				<label>Install SerenFlix</label>
				<onclick>InstallAddon(skin.serenflix)</onclick>
			</control>				
			<control type="button" id="90211">
				<width>510</width>
				<textwidth>435</textwidth>
				<textoffsetx>35</textoffsetx>
				<texturefocus colordiffuse="$VAR[HighlightBarColor]">button_focus.png</texturefocus>
				<texturenofocus>button_nofocus.png</texturenofocus>
				<label>Install UmbrellaFlix</label>
				<onclick>InstallAddon(skin.umbrellaflix)</onclick>
			</control>
			<control type="button" id="90212">
				<description>No extra features button</description>
				<width>510</width>
				<textwidth>435</textwidth>
				<textoffsetx>35</textoffsetx>
				<texturefocus colordiffuse="$VAR[HighlightBarColor]">button_focus.png</texturefocus>
				<texturenofocus>button_nofocus.png</texturenofocus>
					<label>Install Phenomenal</label>
					<onclick>InstallAddon(skin.phenomenal.h)</onclick>
			</control>
			<control type="button" id="90213">
				<description>No extra features button</description>
				<width>510</width>
				<textwidth>435</textwidth>
				<textoffsetx>35</textoffsetx>
				<texturefocus colordiffuse="$VAR[HighlightBarColor]">button_focus.png</texturefocus>
				<texturenofocus>button_nofocus.png</texturenofocus>
				<label>Install Diggz Kidz</label>
				<onclick>installaddon(skin.diggzkids)</onclick>
			</control>						
		</control>
	</controls>
</window>