<addon id="skin.aasetup.wizard" name="-[B][COLOR chartreuse]Setup Wizard[/COLOR][/B]" provider-name="jurialmunkey" version="421">
    <requires>
        <import addon="xbmc.gui" version="5.17.0" />
		<import addon="script.skinshortcuts" version="2.0.1" />		
    </requires>
    <extension debugging="true" defaultthemename="Textures.xbt" effectslowdown="1" point="xbmc.gui.skin">
        <res aspect="16:9" default="true" folder="1080i" width="1920" height="1080" />
        <res aspect="3:2" default="false" folder="1080i" width="1620" height="1080" />
        <res aspect="4:3" default="false" folder="1080i" width="1440" height="1080" />
        <res aspect="16:10" default="false" folder="1080i" width="1728" height="1080" />
        <res aspect="17:9" default="false" folder="1080i" width="2040" height="1080" />
        <res aspect="21:9" default="false" folder="1080i" width="2520" height="1080" />
        <res aspect="19.5:9" default="false" folder="1080i" width="2340" height="1080" />
        <res aspect="18:9" default="false" folder="1080i" width="2160" height="1080" />
    </extension>
    <extension point="xbmc.addon.metadata">
        <summary lang="en"></summary>
        <description lang="en"></description>
        <platform>all</platform>
        <license>Creative Commons Attribution Non-Commercial Share-Alike 4.0</license>
        <forum />
        <source />
        <assets>
            <icon>icon.png</icon>
            <fanart>fanart.jpg</fanart>
        </assets>
    </extension>
</addon>
