<colors>
	<color name="white2">CCFFFFFF</color>
	<color name="grey4">FF404040</color>
	<color name="dialogheader">FF777777</color>
	<color name="shadow">FF000000</color>
	<color name="white">FFF1F1F1</color>
	<color name="grey">FFb4b4b4</color>
	<color name="grey2">FF999999</color>
	<color name="grey3">FF505050</color>
	<color name="black">FF000000</color>
	<color name="blue">FF0084ff</color>
	<color name="selected">FFEB9E17</color>
	<color name="invalid">FFFF0000</color>
	<color name="white">FFF1F1F1</color>
	<color name="grey">FFb4b4b4</color>
	<color name="grey2">FF999999</color>
	<color name="grey3">FF505050</color>
	<color name="black">FF000000</color>
	<color name="blue">FF0084ff</color>
	<color name="selected">FFEB9E17</color>
	<color name="invalid">FFFF0000</color>
	<color name="lightskyblue">FF87CEFA</color>
	<color name="red">FFfe3737</color>	
</colors>