{
    "All": "0",
    "Albanian": "52",
    "Arabic": "38",
    "Armenian": "50",
    "Azerbaijani": "48",
    "Bengali": "47",
    "Bosnian": "44",
    "Bulgarian": "35",
    "Cantonese": "64",
    "Català": "12",
    "Chinese (Simplified)": "41",
    "Chinese": "24",
    "Croatian": "31",
    "Czech": "14",
    "Danish": "30",
    "Dutch": "17",
    "English": "1",
    "Estonian": "54",
    "Euskera": "13",
    "Finnish": "28",
    "French": "8",
    "French (Canadian)": "53",
    "Galego": "15",
    "German": "11",
    "Greek": "27",
    "Hebrew": "23",
    "Hindi": "55",
    "Hungarian": "20",
    "Icelandic": "56",
    "Indonesian": "37",
    "Italian": "7",
    "Japanese": "32",
    "Kannada": "66",
    "Klingon": "61",
    "Korean": "42",
    "Latvian": "57",
    "Lithuanian": "58",
    "Macedonian": "49",
    "Malay": "40",
    "Malayalam": "67",
    "Marathi": "62",
    "Norwegian": "29",
    "Persian": "43",
    "Polish": "21",
    "Portuguese": "9",
    "Portuguese (Brazil)": "10",
    "Romanian": "26",
    "Russian": "19",
    "Serbian (Cyrillic)": "39",
    "Serbian": "36",
    "Sinhala": "60",
    "Slovak": "25",
    "Slovenian": "22",
    "Spanish": "4",
    "Spanish (Latin America)": "6",
    "Spanish (Spain)": "5",
    "Swedish": "18",
    "Tamil": "59",
    "Telugu": "63",
    "Thai": "46",
    "Turkish": "16",
    "Ukrainian": "51",
    "Vietnamese": "45",
    "Welsh": "65"
}