<?xml version="1.0" encoding="UTF-8"?>
<window>
    <controls>
        <control type="image">
            <width>1920</width>
            <height>1080</height>
            <texture>common/black.png</texture>
            <animation type="WindowOpen" reversible="false">
                <effect type="fade" start="0" end="80" time="200" tween="sine" easing="in" />
            </animation>
        </control>
        <control type="group">
            <animation type="WindowOpen" reversible="false">
                <effect type="zoom" start="50" end="100" time="200" center="auto" tween="quadratic" easing="out" />
            </animation>
            <centerleft>50%</centerleft>
            <centertop>50%</centertop>
            <width>1152</width>
            <height>868</height>
            <control type="group">
                <control type="image">
                    <texture colordiffuse="80343434">common/white.png</texture>
                </control>
                <control type="image">
                    <height>100</height>
                    <texture colordiffuse="$INFO[Window.Property(tikiskins.results.info.highlight)]">gradients/gradient-underlayer-horizontal-flipped.png</texture>
                </control>
                <control type="image">
                    <left>15</left>
                    <top>15</top>
                    <width>70</width>
                    <height>70</height>
                    <align>left</align>
                    <aligny>top</aligny>
                    <aspectratio aligny="top">keep</aspectratio>
                    <texture>pov.png</texture>
                </control>
            </control>
            <control type="group">
                <control type="image">
                    <top>115</top>
                    <centerleft>50%</centerleft>
                    <width max="480">auto</width>
                    <height>285</height>
                    <align>top</align>
                    <aligny>left</aligny>
                    <aspectratio>keep</aspectratio>
                    <texture>$INFO[Window.Property(tikiskins.results.info.fanart)]</texture>
                </control>
                <control type="image">
                    <top>340</top>
                    <left>535</left>
                    <width max="480">auto</width>
                    <height>50</height>
                    <align>top</align>
                    <aligny>left</aligny>
                    <aspectratio>keep</aspectratio>
                    <texture colordiffuse="$INFO[Window.Property(tikiskins.results.info.highlight)]">$INFO[Window.Property(tikiskins.results.info.quality_icon)]</texture>
                </control>
                <control type="group">
                    <top>420</top>
                    <left>30</left>
                    <control type="label">
                        <width max="1092">auto</width>
                        <height>20</height>
                        <font>font20</font>
                        <textcolor>FFCCCCCC</textcolor>
                        <align>right</align>
                        <aligny>center</aligny>
                        <label>[UPPERCASE][COLOR $INFO[Window.Property(tikiskins.results.info.highlight)]][B]Provider: [/B][/COLOR]$INFO[Window.Property(tikiskins.results.info.provider)][/UPPERCASE]</label>
                    </control>
                    <control type="label">
                        <top>50</top>
                        <width max="1092">auto</width>
                        <height>20</height>
                        <font>font20</font>
                        <textcolor>FFCCCCCC</textcolor>
                        <align>right</align>
                        <aligny>center</aligny>
                        <label>[UPPERCASE][COLOR $INFO[Window.Property(tikiskins.results.info.highlight)]][B]Hoster: [/B][/COLOR]$INFO[Window.Property(tikiskins.results.info.source_type)][/UPPERCASE]</label>
                    </control>
                    <control type="label">
                        <top>0</top>
                        <width max="1092">auto</width>
                        <height>20</height>
                        <font>font20</font>
                        <textcolor>FFCCCCCC</textcolor>
                        <align>left</align>
                        <aligny>center</aligny>
                        <label>[UPPERCASE][COLOR $INFO[Window.Property(tikiskins.results.info.highlight)]][B]Site: [/B][/COLOR]$INFO[Window.Property(tikiskins.results.info.source_site)][/UPPERCASE]</label>
                    </control>
                    <control type="label">
                        <top>50</top>
                        <width max="1092">auto</width>
                        <height>20</height>
                        <font>font20</font>
                        <textcolor>FFCCCCCC</textcolor>
                        <align>left</align>
                        <aligny>center</aligny>
                        <!--label>[UPPERCASE][COLOR $INFO[Window.Property(tikiskins.results.info.highlight)]][B]Quality: [/B][/COLOR]$INFO[Window.Property(tikiskins.results.info.quality)][/UPPERCASE]</label-->
                    </control>
                    <control type="label">
                        <top>50</top>
                        <width max="1092">auto</width>
                        <height>20</height>
                        <font>font20</font>
                        <textcolor>FFCCCCCC</textcolor>
                        <align>left</align>
                        <aligny>center</aligny>
                        <label>[UPPERCASE][COLOR $INFO[Window.Property(tikiskins.results.info.highlight)]][B]Size: [/B][/COLOR]$INFO[Window.Property(tikiskins.results.info.size_label)][/UPPERCASE]</label>
                    </control>
                    <control type="label">
                        <top>100</top>
                        <width max="1092">auto</width>
                        <height>20</height>
                        <font>font20</font>
                        <textcolor>FFCCCCCC</textcolor>
                        <align>left</align>
                        <aligny>center</aligny>
                        <label>[UPPERCASE][COLOR $INFO[Window.Property(tikiskins.results.info.highlight)]][B]Hash: [/B][/COLOR]$INFO[Window.Property(tikiskins.results.info.hash)][/UPPERCASE]</label>
                    </control>
                    <control type="textbox">
                        <top>140</top>
                        <width max="1092">auto</width>
                        <height>auto</height>
                        <font>font20</font>
                        <textcolor>FFCCCCCC</textcolor>
                        <align>left</align>
                        <aligny>top</aligny>
                        <label>[UPPERCASE][COLOR $INFO[Window.Property(tikiskins.results.info.highlight)]][B]Extra Info: [/B][/COLOR]$INFO[Window.Property(tikiskins.results.info.extra_info)][/UPPERCASE]</label>
                    </control>
                    <control type="textbox">
                        <top>235</top>
                        <width max="1092">auto</width>
                        <height>auto</height>
                        <font>font20</font>
                        <textcolor>FFCCCCCC</textcolor>
                        <align>left</align>
                        <aligny>top</aligny>
                        <label>[UPPERCASE][COLOR $INFO[Window.Property(tikiskins.results.info.highlight)]][B]Title: [/B][/COLOR]$INFO[Window.Property(tikiskins.results.info.name)][/UPPERCASE]</label>
                    </control>
                </control>
            </control>
        </control>
    </controls>
</window>

