<?xml version="1.0" encoding="utf-8"?>
<window type="dialog" id="5000">
	
	<defaultcontrol always="true">450</defaultcontrol>
    <coordinates>
        <left>352</left>
        <top>112</top>
    </coordinates>
    <include>dialogeffect</include>
    <depth>DepthDialog+</depth>
    <controls>
        <control type="group">
            <animation effect="slide" start="0,0" end="0,69" time="0" condition="!Integer.IsGreater(Container(450).NumItems,4)">Conditional</animation>
            <animation effect="slide" start="0,0" end="0,69" time="0" condition="!Integer.IsGreater(Container(450).NumItems,6)">Conditional</animation>
            <control type="image">
                <description>background image</description>
                <left>0</left>
                <top>0</top>
                <width>1275</width>
                <height>890</height>
                <texture border="40">$VAR[SelectBack]</texture>
                <visible>Integer.IsGreater(Container(450).NumItems,4)</visible>
            </control>
            <control type="image">
                <description>background image</description>
                <left>0</left>
                <top>0</top>
                <width>1275</width>
                <height>411</height>
                <texture border="40">$VAR[SelectBack]</texture>
                <visible>!Integer.IsGreater(Container(450).NumItems,4)</visible>
            </control>
            <control type="image">
                <description>Dialog Header image</description>
                <left>60</left>
                <top>24</top>
                <width>1155</width>
                <height>60</height>
                <texture>$VAR[DialogPath]dialogheader.png</texture>
            </control>
            <control type="label" id="1">
                <description>header label</description>
                <left>60</left>
                <top>30</top>
                <width>1155</width>
                <height>45</height>
                <font>font13_title</font>
                <label>Xenon Skin Options</label>
                <align>center</align>
                <aligny>center</aligny>
                <textcolor>selected</textcolor>
                <shadowcolor>black</shadowcolor>
            </control>
            <control type="button">
                <description>Close Window button</description>
                <left>1100</left>
                <top>24</top>
                <onclick>PreviousMenu</onclick>
                <include>DialogCloseButton</include>
                <onleft>450</onleft>
                <onright>450</onright>
                <onup>450</onup>
                <ondown>450</ondown>
            </control>
            <control type="list" id="450">
                <left>30</left>
                <top>100</top>
                <width>825</width>
                <height>760</height>
                <onup>450</onup>
                <ondown>450</ondown>
                <onleft>7</onleft>
                <onright>61</onright>
                <pagecontrol>61</pagecontrol>
                <scrolltime>200</scrolltime>
                <itemlayout height="69" width="825">
                    <control type="image">
                        <left>0</left>
                        <top>0</top>
                        <width>825</width>
                        <height>60</height>
                        <texture border="5">button-nofocus.png</texture>
                    </control>
                    <control type="label">
                        <left>30</left>
                        <top>0</top>
                        <width>765</width>
                        <height>60</height>
                        <font>font13</font>
                        <textcolor>grey2</textcolor>
                        <selectedcolor>selected</selectedcolor>
                        <align>left</align>
                        <aligny>center</aligny>
                        <label>$INFO[ListItem.Label]</label>
                    </control>
                </itemlayout>
                <focusedlayout height="69" width="825">
                    <control type="image">
                        <left>0</left>
                        <top>0</top>
                        <width>825</width>
                        <height>60</height>
                        <texture border="5">button-nofocus.png</texture>
                        <visible>!Control.HasFocus(450)</visible>
                        <include>VisibleFadeEffect</include>
                    </control>
                    <control type="image">
                        <left>0</left>
                        <top>0</top>
                        <width>825</width>
                        <height>60</height>
                        <texture border="5" colordiffuse="$VAR[MainColorOne]">$VAR[SelectButton2]</texture>
                        <visible>Control.HasFocus(450)</visible>
                        <include>VisibleFadeEffect</include>
                    </control>
                    <control type="label">
                        <left>30</left>
                        <top>0</top>
                        <width>765</width>
                        <height>60</height>
                        <font>font13</font>
                        <textcolor>white</textcolor>
                        <selectedcolor>selected</selectedcolor>
                        <align>left</align>
                        <aligny>center</aligny>
                        <label>$INFO[ListItem.Label]</label>
                    </control>
                </focusedlayout>
                <content>
				<item>
					<label>[B][COLOR chartreuse]Xenon Plus Default Home Screen- DEBRID ONLY[/COLOR][/B]</label>
					<onclick>Dialog.Close(5000)</onclick>
					<onclick>RunPlugin(plugin://script.module.xenonplus/?mode=1)</onclick>
				</item>
				<item>
					<label>Xenon Plus With Only Movies, TV Shows, And Trakt- DEBRID ONLY</label>
					<onclick>Dialog.Close(5000)</onclick>
					<onclick>RunPlugin(plugin://script.module.xenonplus/?mode=11)</onclick>
				</item>				
				<item>
					<label>Xenon Plus Without Trakt- DEBRID ONLY</label>
					<onclick>Dialog.Close(5000)</onclick>
					<onclick>RunPlugin(plugin://script.module.xenonplus/?mode=7)</onclick>
				</item>
				<item>
					<label>Xenon Plus With Seren Widgets- DEBRID ONLY</label>
					<onclick>Dialog.Close(5000)</onclick>
					<onclick>RunPlugin(plugin://script.module.xenonplus/?mode=9)</onclick>
				</item>	
				<item>
					<label>Xenon Plus With Coalition Widgets- DEBRID ONLY</label>
					<onclick>Dialog.Close(5000)</onclick>
					<onclick>RunPlugin(plugin://script.module.xenonplus/?mode=5)</onclick>
				</item>
				<item>
					<label>Xenon Plus With FEN Widgets- DEBRID ONLY</label>
					<onclick>Dialog.Close(5000)</onclick>
					<onclick>RunPlugin(plugin://script.module.xenonplus/?mode=6)</onclick>
				</item>
				<item>
					<label>Xenon Plus With POV Widgets- DEBRID ONLY</label>
					<onclick>Dialog.Close(5000)</onclick>
					<onclick>RunPlugin(plugin://script.module.xenonplus/?mode=8)</onclick>
				</item>				
				<item>
					<label>Xenon Plus With Umbrella Widgets- DEBRID ONLY</label>
					<onclick>Dialog.Close(5000)</onclick>
					<onclick>RunPlugin(plugin://script.module.xenonplus/?mode=10)</onclick>
				</item>
				<item>
					<label>Xenon Plus Light- DEBRID ONLY</label>
					<onclick>Dialog.Close(5000)</onclick>
					<onclick>RunPlugin(plugin://script.module.xenonplus/?mode=12)</onclick>
				</item>				
				<item>
					<label>Xenon FREE</label>
					<onclick>Dialog.Close(5000)</onclick>
					<onclick>RunPlugin(plugin://script.module.xenonplus/?mode=2)</onclick>
				</item>	
				<item>
					<label>Xenon FREE Without Trakt</label>
					<onclick>Dialog.Close(5000)</onclick>
					<onclick>RunPlugin(plugin://script.module.xenonplus/?mode=4)</onclick>
				</item>
				<item>
					<label>Xenon FREE Light</label>
					<onclick>Dialog.Close(5000)</onclick>
					<onclick>RunPlugin(plugin://script.module.xenonplus/?mode=3)</onclick>
				</item>					
                </content>
            </control>
            <control type="scrollbar" id="61">
                <left>855</left>
                <top>98</top>
                <width>38</width>
                <height>696</height>
                <texturesliderbackground border="0,14,0,14">ScrollBarV.png</texturesliderbackground>
                <texturesliderbar border="0,14,0,14">ScrollBarV_bar.png</texturesliderbar>
                <texturesliderbarfocus border="0,14,0,14" colordiffuse="$VAR[MainColorOne]">ScrollBarV_bar_focus.png</texturesliderbarfocus>
                <textureslidernib colordiffuse="$VAR[MainColorOne]">ScrollBarNib.png</textureslidernib>
                <textureslidernibfocus colordiffuse="$VAR[MainColorOne]">ScrollBarNib.png</textureslidernibfocus>
                <onleft>450</onleft>
                <onright>90</onright>
                <ondown>61</ondown>
                <onup>61</onup>
                <showonepage>false</showonepage>
                <orientation>vertical</orientation>
                <visible>Control.IsVisible(450)</visible>
            </control>
            <control type="group">
                <control type="label">
                    <description>number of files/pages in list text label</description>
                    <left>888</left>
                    <top>735</top>
                    <width>360</width>
                    <height>52</height>
                    <font>font12</font>
                    <align>center</align>
                    <aligny>center</aligny>
                    <textcolor>grey</textcolor>
                    <label>([COLOR=$VAR[MainColorOne]]$INFO[Container(450).NumItems][/COLOR]) $LOCALIZE[31025] - $LOCALIZE[31024] ([COLOR=$VAR[MainColorOne]]$INFO[Container(450).CurrentPage]/$INFO[Container(450).NumPages][/COLOR])</label>
                    <animation effect="slide" start="0,0" end="0,-138" time="0" condition="!Integer.IsGreater(Container(450).NumItems,4)">Conditional</animation>
                    <animation effect="slide" start="0,0" end="0,-138" time="0" condition="!Integer.IsGreater(Container(450).NumItems,6)">Conditional</animation>
                    <animation effect="slide" start="0,0" end="0,-138" time="0" condition="!Integer.IsGreater(Container(450).NumItems,8)">Conditional</animation>
                </control>
                <control type="grouplist" id="90">
                    <left>918</left>
                    <top>150</top>
                    <onleft>450</onleft>
                    <onright>450</onright>
                    <control type="button" id="7">
                        <description>Cancel button</description>
                        <width>300</width>
                        <height>60</height>
                        <label>222</label>
                        <font>font12_title</font>
                        <textcolor>white</textcolor>
                        <focusedcolor>white</focusedcolor>
                        <align>center</align>
                        <onclick>PreviousMenu</onclick>
                    </control>
                </control>
            </control>
        </control>
    </controls>
</window>
