<?xml version="1.2.1" encoding="UTF-8" standalone="yes"?>
<addon id="plugin.program.pvr.setup" name="PVR/EPG Quick Setup" version="1.3.7" provider-name="Diggz">
    <requires>
        <import addon="xbmc.python" version="3.0.0"/>
    </requires>
    <extension point="xbmc.python.script" library="addon.py" />
    <extension point="xbmc.addon.metadata">
        <summary lang="en_GB">One-click setup for Kodi PVR IPTV Simple</summary>
        <platform>all</platform>
    <assets>
      <icon>icon.png</icon>
    </assets>
    </extension>
</addon>
