﻿<?xml version="1.0" encoding="UTF-8" standalone="yes"?>
<addon id="resource.images.skinbackgrounds.xenon" name="Skin Backgrounds - Xenon" version="0.0.1" provider-name="Helly">
	<extension point="kodi.resource.images" compile="false" type="skinbackgrounds" />
	<requires>
		<import addon="kodi.resource" version="1.0.0"/>
	</requires>
	<extension point="xbmc.addon.metadata">
		<summary lang="en">Skin Backgrounds Pack - Xenon Design</summary>
		<description lang="en">Skin Backgrounds Pack - Xenon Design</description>
		<platform>all</platform>
	</extension>
</addon>
