<?xml version="1.0" encoding="utf-8"?>
<window type="dialog" id="2117">
    <defaultcontrol>450</defaultcontrol>
    <coordinates>
        <left>352</left>
        <top>112</top>
    </coordinates>
    <include>dialogeffect</include>
    <depth>DepthDialog+</depth>
    <controls>
        <control type="group">
            <animation effect="slide" start="0,0" end="0,69" time="0" condition="!Integer.IsGreater(Container(450).NumItems,4)">Conditional</animation>
            <animation effect="slide" start="0,0" end="0,69" time="0" condition="!Integer.IsGreater(Container(450).NumItems,6)">Conditional</animation>
            <animation effect="slide" start="0,0" end="0,69" time="0" condition="!Integer.IsGreater(Container(450).NumItems,8)">Conditional</animation>
            <control type="image">
                <description>background image</description>
                <left>0</left>
                <top>0</top>
                <width>1275</width>
                <height>825</height>
                <texture border="40">$VAR[SelectBack]</texture>
                <visible>Integer.IsGreater(Container(450).NumItems,8)</visible>
            </control>
            <control type="image">
                <description>background image</description>
                <left>0</left>
                <top>0</top>
                <width>1275</width>
                <height>687</height>
                <texture border="40">$VAR[SelectBack]</texture>
                <visible>Integer.IsGreater(Container(450).NumItems,6) + !Integer.IsGreater(Container(450).NumItems,8)</visible>
            </control>
            <control type="image">
                <description>background image</description>
                <left>0</left>
                <top>0</top>
                <width>1275</width>
                <height>549</height>
                <texture border="40">$VAR[SelectBack]</texture>
                <visible>Integer.IsGreater(Container(450).NumItems,4) + !Integer.IsGreater(Container(450).NumItems,6)</visible>
            </control>
            <control type="image">
                <description>background image</description>
                <left>0</left>
                <top>0</top>
                <width>1275</width>
                <height>411</height>
                <texture border="40">$VAR[SelectBack]</texture>
                <visible>!Integer.IsGreater(Container(450).NumItems,4)</visible>
            </control>
            <control type="image">
                <description>Dialog Header image</description>
                <left>60</left>
                <top>24</top>
                <width>1155</width>
                <height>60</height>
                <texture>$VAR[DialogPath]dialogheader.png</texture>
            </control>
            <control type="label" id="1">
                <description>header label</description>
                <left>60</left>
                <top>30</top>
                <width>1155</width>
                <height>45</height>
                <font>font13_title</font>
                <label>$LOCALIZE[31316]</label>
                <align>center</align>
                <aligny>center</aligny>
                <textcolor>selected</textcolor>
                <shadowcolor>black</shadowcolor>
            </control>
            <control type="button">
                <description>Close Window button</description>
                <left>1100</left>
                <top>24</top>
                <onclick>PreviousMenu</onclick>
                <include>DialogCloseButton</include>
                <onleft>450</onleft>
                <onright>450</onright>
                <onup>450</onup>
                <ondown>450</ondown>
            </control>
            <control type="list" id="450">
                <left>30</left>
                <top>100</top>
                <width>825</width>
                <height>690</height>
                <onup>450</onup>
                <ondown>450</ondown>
                <onleft>7</onleft>
                <onright>61</onright>
                <pagecontrol>61</pagecontrol>
                <scrolltime>200</scrolltime>
                <itemlayout height="69" width="825">
                    <control type="image">
                        <left>0</left>
                        <top>0</top>
                        <width>825</width>
                        <height>60</height>
                        <texture border="5">button-nofocus.png</texture>
                    </control>
                    <control type="label">
                        <left>30</left>
                        <top>0</top>
                        <width>765</width>
                        <height>60</height>
                        <font>font13</font>
                        <textcolor>grey2</textcolor>
                        <selectedcolor>selected</selectedcolor>
                        <align>left</align>
                        <aligny>center</aligny>
                        <label>$INFO[ListItem.Label]</label>
                    </control>
                </itemlayout>
                <focusedlayout height="69" width="825">
                    <control type="image">
                        <left>0</left>
                        <top>0</top>
                        <width>825</width>
                        <height>60</height>
                        <texture border="5">button-nofocus.png</texture>
                        <visible>!Control.HasFocus(450)</visible>
                        <include>VisibleFadeEffect</include>
                    </control>
                    <control type="image">
                        <left>0</left>
                        <top>0</top>
                        <width>825</width>
                        <height>60</height>
                        <texture border="5" colordiffuse="$VAR[MainColorOne]">$VAR[SelectButton2]</texture>
                        <visible>Control.HasFocus(450)</visible>
                        <include>VisibleFadeEffect</include>
                    </control>
                    <control type="label">
                        <left>30</left>
                        <top>0</top>
                        <width>765</width>
                        <height>60</height>
                        <font>font13</font>
                        <textcolor>white</textcolor>
                        <selectedcolor>selected</selectedcolor>
                        <align>left</align>
                        <aligny>center</aligny>
                        <label>$INFO[ListItem.Label]</label>
                    </control>
                </focusedlayout>
                <content>
                    <item>
                        <description>Clear Setting</description>
                        <label>$LOCALIZE[31499]</label>
                        <onclick>Dialog.Close(2117)</onclick>
                        <onclick>Skin.SetString($INFO[Window(Home).Property(UsrSelectBtn)].Addon,None)</onclick>
                        <onclick>ClearProperty(UsrSelectBtn,Home)</onclick>
                    </item>
                    <item>
                        <description>User Addon Set 1</description>
                        <label fallback="31230">$INFO[Skin.String(UserSelectAddon.1.Label)]</label>
                        <onclick>Dialog.Close(2117)</onclick>
                        <onclick>Skin.SetString($INFO[Window(Home).Property(UsrSelectBtn)].Addon,AddonSetOne)</onclick>
                        <onclick>ClearProperty(UsrSelectBtn,Home)</onclick>
                    </item>
                    <item>
                        <description>User Addon Set 2</description>
                        <label fallback="31231">$INFO[Skin.String(UserSelectAddon.2.Label)]</label>
                        <onclick>Dialog.Close(2117)</onclick>
                        <onclick>Skin.SetString($INFO[Window(Home).Property(UsrSelectBtn)].Addon,AddonSetTwo)</onclick>
                        <onclick>ClearProperty(UsrSelectBtn,Home)</onclick>
                    </item>
                    <item>
                        <description>User Addon Set 3</description>
                        <label fallback="31232">$INFO[Skin.String(UserSelectAddon.3.Label)]</label>
                        <onclick>Dialog.Close(2117)</onclick>
                        <onclick>Skin.SetString($INFO[Window(Home).Property(UsrSelectBtn)].Addon,AddonSetThree)</onclick>
                        <onclick>ClearProperty(UsrSelectBtn,Home)</onclick>
                    </item>
                    <item>
                        <description>User Addon Set 4</description>
                        <label fallback="31233">$INFO[Skin.String(UserSelectAddon.4.Label)]</label>
                        <onclick>Dialog.Close(2117)</onclick>
                        <onclick>Skin.SetString($INFO[Window(Home).Property(UsrSelectBtn)].Addon,AddonSetFour)</onclick>
                        <onclick>ClearProperty(UsrSelectBtn,Home)</onclick>
                    </item>
                    <item>
                        <description>User Addon Set 5</description>
                        <label fallback="31234">$INFO[Skin.String(UserSelectAddon.5.Label)]</label>
                        <onclick>Dialog.Close(2117)</onclick>
                        <onclick>Skin.SetString($INFO[Window(Home).Property(UsrSelectBtn)].Addon,AddonSetFive)</onclick>
                        <onclick>ClearProperty(UsrSelectBtn,Home)</onclick>
                    </item>
                    <item>
                        <description>User Addon Set 6</description>
                        <label fallback="31235">$INFO[Skin.String(UserSelectAddon.6.Label)]</label>
                        <onclick>Dialog.Close(2117)</onclick>
                        <onclick>Skin.SetString($INFO[Window(Home).Property(UsrSelectBtn)].Addon,AddonSetSix)</onclick>
                        <onclick>ClearProperty(UsrSelectBtn,Home)</onclick>
                    </item>
                    <item>
                        <description>User Addon Set 7</description>
                        <label fallback="31236">$INFO[Skin.String(UserSelectAddon.7.Label)]</label>
                        <onclick>Dialog.Close(2117)</onclick>
                        <onclick>Skin.SetString($INFO[Window(Home).Property(UsrSelectBtn)].Addon,AddonSetSeven)</onclick>
                        <onclick>ClearProperty(UsrSelectBtn,Home)</onclick>
                    </item>
                    <item>
                        <description>User Addon Set 8</description>
                        <label fallback="31237">$INFO[Skin.String(UserSelectAddon.8.Label)]</label>
                        <onclick>Dialog.Close(2117)</onclick>
                        <onclick>Skin.SetString($INFO[Window(Home).Property(UsrSelectBtn)].Addon,AddonSetEight)</onclick>
                        <onclick>ClearProperty(UsrSelectBtn,Home)</onclick>
                    </item>
                    <item>
                        <description>User Addon Set 9</description>
                        <label fallback="31238">$INFO[Skin.String(UserSelectAddon.9.Label)]</label>
                        <onclick>Dialog.Close(2117)</onclick>
                        <onclick>Skin.SetString($INFO[Window(Home).Property(UsrSelectBtn)].Addon,AddonSetNine)</onclick>
                        <onclick>ClearProperty(UsrSelectBtn,Home)</onclick>
                    </item>
                    <item>
                        <description>User Addon Set 10</description>
                        <label fallback="31239">$INFO[Skin.String(UserSelectAddon.10.Label)]</label>
                        <onclick>Dialog.Close(2117)</onclick>
                        <onclick>Skin.SetString($INFO[Window(Home).Property(UsrSelectBtn)].Addon,AddonSetTen)</onclick>
                        <onclick>ClearProperty(UsrSelectBtn,Home)</onclick>
                    </item>
                    <item>
                        <description>User Addon Set 11</description>
                        <label fallback="31241">$INFO[Skin.String(UserSelectAddon.11.Label)]</label>
                        <onclick>Dialog.Close(2117)</onclick>
                        <onclick>Skin.SetString($INFO[Window(Home).Property(UsrSelectBtn)].Addon,AddonSetEleven)</onclick>
                        <onclick>ClearProperty(UsrSelectBtn,Home)</onclick>
                    </item>
                    <item>
                        <description>User Addon Set 12</description>
                        <label fallback="31242">$INFO[Skin.String(UserSelectAddon.12.Label)]</label>
                        <onclick>Dialog.Close(2117)</onclick>
                        <onclick>Skin.SetString($INFO[Window(Home).Property(UsrSelectBtn)].Addon,AddonSetTwelve)</onclick>
                        <onclick>ClearProperty(UsrSelectBtn,Home)</onclick>
                    </item>
					<item>
                        <description>User Addon Set 13</description>
                        <label fallback="32017">$INFO[Skin.String(UserSelectAddon.13.Label)]</label>
                        <onclick>Dialog.Close(2117)</onclick>
                        <onclick>Skin.SetString($INFO[Window(Home).Property(UsrSelectBtn)].Addon,AddonSetThirteen)</onclick>
                        <onclick>ClearProperty(UsrSelectBtn,Home)</onclick>
                    </item>
					<item>
                        <description>User Addon Set 14</description>
                        <label fallback="32018">$INFO[Skin.String(UserSelectAddon.14.Label)]</label>
                        <onclick>Dialog.Close(2117)</onclick>
                        <onclick>Skin.SetString($INFO[Window(Home).Property(UsrSelectBtn)].Addon,AddonSetFourteen)</onclick>
                        <onclick>ClearProperty(UsrSelectBtn,Home)</onclick>
                    </item>
					<item>
                        <description>User Addon Set 15</description>
                        <label fallback="32019">$INFO[Skin.String(UserSelectAddon.15.Label)]</label>
                        <onclick>Dialog.Close(2117)</onclick>
                        <onclick>Skin.SetString($INFO[Window(Home).Property(UsrSelectBtn)].Addon,AddonSetFifteen)</onclick>
                        <onclick>ClearProperty(UsrSelectBtn,Home)</onclick>
                    </item>
                </content>
            </control>
            <control type="scrollbar" id="61">
                <left>855</left>
                <top>98</top>
                <width>38</width>
                <height>696</height>
                <texturesliderbackground border="0,14,0,14">ScrollBarV.png</texturesliderbackground>
                <texturesliderbar border="0,14,0,14">ScrollBarV_bar.png</texturesliderbar>
                <texturesliderbarfocus border="0,14,0,14" colordiffuse="$VAR[MainColorOne]">ScrollBarV_bar_focus.png</texturesliderbarfocus>
                <textureslidernib colordiffuse="$VAR[MainColorOne]">ScrollBarNib.png</textureslidernib>
                <textureslidernibfocus colordiffuse="$VAR[MainColorOne]">ScrollBarNib.png</textureslidernibfocus>
                <onleft>450</onleft>
                <onright>90</onright>
                <ondown>61</ondown>
                <onup>61</onup>
                <showonepage>false</showonepage>
                <orientation>vertical</orientation>
                <visible>Control.IsVisible(450)</visible>
            </control>
            <control type="group">
                <control type="label">
                    <description>number of files/pages in list text label</description>
                    <left>888</left>
                    <top>735</top>
                    <width>360</width>
                    <height>52</height>
                    <font>font12</font>
                    <align>center</align>
                    <aligny>center</aligny>
                    <textcolor>grey</textcolor>
                    <label>([COLOR=$VAR[MainColorOne]]$INFO[Container(450).NumItems][/COLOR]) $LOCALIZE[31025] - $LOCALIZE[31024] ([COLOR=$VAR[MainColorOne]]$INFO[Container(450).CurrentPage]/$INFO[Container(450).NumPages][/COLOR])</label>
                    <animation effect="slide" start="0,0" end="0,-138" time="0" condition="!Integer.IsGreater(Container(450).NumItems,4)">Conditional</animation>
                    <animation effect="slide" start="0,0" end="0,-138" time="0" condition="!Integer.IsGreater(Container(450).NumItems,6)">Conditional</animation>
                    <animation effect="slide" start="0,0" end="0,-138" time="0" condition="!Integer.IsGreater(Container(450).NumItems,8)">Conditional</animation>
                </control>
                <control type="grouplist" id="90">
                    <left>918</left>
                    <top>150</top>
                    <onleft>450</onleft>
                    <onright>450</onright>
                    <control type="button" id="7">
                        <description>Cancel button</description>
                        <width>300</width>
                        <height>60</height>
                        <label>222</label>
                        <font>font12_title</font>
                        <textcolor>white</textcolor>
                        <focusedcolor>white</focusedcolor>
                        <align>center</align>
                        <onclick>PreviousMenu</onclick>
                    </control>
                </control>
            </control>
        </control>
    </controls>
</window>
