<?xml version="1.0" encoding="UTF-8"?>
<overrides>

	<override action="ActivateWindow(favourites)">
		<action>ActivateWindow(favouritesbrowser)</action>
	</override>
	<!-- Default Widgets -->
	<widgetdefault labelID="videos">VideoAddons</widgetdefault>
	<widgetdefault labelID="movies">RecentMovies</widgetdefault>
	<widgetdefault labelID="tvshows">NextEpisodes</widgetdefault>
	<widgetdefault labelID="vaddons">VideoAddons</widgetdefault>
	<widgetdefault labelID="livetv">PVR</widgetdefault>
	<widgetdefault labelID="music">RandomAlbums</widgetdefault>
	<widgetdefault labelID="musicvideos">MusicVideos</widgetdefault>
	<widgetdefault labelID="pictures">PictureAddons</widgetdefault>
	<widgetdefault labelID="programs">ProgramAddons</widgetdefault>
	<widgetdefault labelID="1036">Favourites</widgetdefault>
	<widgetdefault labelID="weather">weather</widgetdefault>
	<widgetdefault labelID="settings">systeminfo</widgetdefault>

	<widget-groupings>
		<node label="Phenomenal">
			<content>widgets</content>
		</node>
		<node label="32030">
			<content>video</content>
			<node label="32040">
				<content>playlist-video</content>
			</node>
			<node label="32010">
				<content>addon-video</content>
			</node>
			<node label="32075">
				<content>videosources</content>
			</node>
		</node>
		<node label="32031">
			<content>music</content>
			<node label="32040">
				<content>playlist-audio</content>
			</node>
			<node label="32011">
				<content>addon-audio</content>
			</node>
			<node label="32075">
				<content>musicsources</content>
			</node>
		</node>
		<node label="32020">
			<content>picturesources</content>
		</node>
		<node label="32007">
			<node label="32009">
				<content>addon-program-plugin</content>
			</node>
			<node label="32010">
				<content>addon-video</content>
			</node>
			<node label="32011">
				<content>addon-audio</content>
			</node>
			<node label="32012">
				<content>addon-image</content>
			</node>
			<shortcut label="10001" type="32021" icon="DefaultAddonProgram.png" widget="addon" widgetType="program" widgetTarget="programs">addons://sources/executable</shortcut>
			<shortcut label="1037" type="32014" icon="DefaultAddonVideo.png" widget="addon" widgetType="video" widgetTarget="video">addons://sources/video</shortcut>
			<shortcut label="1038" type="32019" icon="DefaultAddonMusic.png" widget="addon" widgetType="music" widgetTarget="music">addons://sources/audio</shortcut>
			<shortcut label="1039" type="32020" icon="DefaultAddonPicture.png" widget="addon" widgetType="picture" widgetTarget="pictures">addons://sources/image</shortcut>
		</node>
		<shortcut label="22082" icon="special://home/addons/script.skin.helper.service/icon.png" condition="System.HasAddon(script.skin.helper.service)">||BROWSE||script.skin.helper.service/?action=widgets&amp;path=skinplaylists,scriptwidgets,extendedinfo,pvr,smartishwidgets</shortcut>	
		<shortcut label="Smart Shortcuts" type="32010">||BROWSE||script.skin.helper.service/?action=smartshortcuts</shortcut>
	</widget-groupings>
	<!-- Sub Menu As Widget -->
	<widget label="1034" type="static" icon="defaultnetwork.png" path="$INCLUDE[submenu_content]" target="static">submenuaswidget</widget>
	<!-- Weather & SystemInfo widgets -->
	<widget label="8" type="static" icon="DefaultAddonWeather.png" path="$INCLUDE[weather_content]" target="static">weather</widget>
	<widget label="130" type="static" icon="memory.png" path="$INCLUDE[systeminfo_content]" target="static">systeminfo</widget>
	<!-- Movies -->
	<widget label="31500" type="movies" icon="$INFO[Window(Home).Property(SkinHelper.AllMoviesBackground)]" path="videodb://recentlyaddedmovies/" target="video">RecentMovies</widget>
	<widget label="31502" type="movies" icon="$INFO[Window(Home).Property(SkinHelper.AllMoviesBackground)]" path="plugin://service.library.data.provider?type=recommendedmovies&amp;reload=$INFO[Window(Home).Property(recommendedmovies)]" target="video">RecommendedMovies</widget>
	<widget label="31501" type="movies" icon="$INFO[Window(Home).Property(SkinHelper.AllMoviesBackground)]" path="plugin://service.library.data.provider?type=randommovies&amp;reload=$INFO[Window(Home).Property(randommovies)]" target="video">RandomMovies</widget>
	<!-- Episodes -->
	<widget label="31503" type="tvshows" icon="$INFO[Window(Home).Property(SkinHelper.AllTvShowsBackground)]" path="plugin://service.library.data.provider?type=recentepisodes&amp;reload=$INFO[Window(Home).Property(recentepisodes)]" target="video">RecentEpisodes</widget>
	<widget label="31505" type="tvshows" icon="$INFO[Window(Home).Property(SkinHelper.AllTvShowsBackground)]" path="plugin://script.skin.helper.widgets/?action=next&amp;mediatype=episodes&amp;limit=10&amp;reload=$INFO[Window(Home).Property(widgetreload)]" target="video">NextEpisodes</widget>
	<widget label="31504" type="tvshows" icon="$INFO[Window(Home).Property(SkinHelper.AllTvShowsBackground)]" path="plugin://service.library.data.provider?type=randomepisodes&amp;reload=$INFO[Window(Home).Property(randomepisodes)]" target="video">RandomEpisodes</widget>
	<!-- Albums -->
	<widget label="31506" type="music" icon="$INFO[Window(Home).Property(SkinHelper.AllMusicBackground)]" path="plugin://service.library.data.provider?type=recentalbums&amp;reload=$INFO[Window(Home).Property(recentalbums)]" target="music">RecentAlbums</widget>
	<widget label="31508" type="music" icon="$INFO[Window(Home).Property(SkinHelper.AllMusicBackground)]" path="plugin://service.library.data.provider?type=recommendedalbums&amp;reload=$INFO[Window(Home).Property(recommendedalbums)]" target="music">RecommendedAlbums</widget>
	<widget label="31507" type="music" icon="$INFO[Window(Home).Property(SkinHelper.AllMusicBackground)]" path="plugin://service.library.data.provider?type=randomalbums&amp;reload=$INFO[Window(Home).Property(randomalbums)]" target="music">RandomAlbums</widget>
	<!-- MusicVideos -->
	<widget label="36909" type="music" icon="$INFO[Window(Home).Property(SkinHelper.AllMusicVideosBackground)]" path="videodb://musicvideos/titles/" target="video">MusicVideos</widget>
	<!-- Video Addons -->
	<widget label="1037" type="addon" icon="DefaultAddonVideo.png" path="addons://sources/video" target="video">VideoAddons</widget>
	<!-- Pictures addons -->
	<widget label="1039" type="addon" icon="DefaultAddonPicture.png" path="addons://sources/image" target="pictures">PictureAddons</widget>
	<!-- Program addons -->
	<widget label="1043" type="addon" icon="DefaultAddonProgram.png" path="addons://sources/executable" target="programs">ProgramAddons</widget>
	<!-- Favourites -->
	<widget label="10134" type="addon" icon="main\favs.png" path="plugin://script.skin.helper.widgets/?mediatype=favourites&amp;reload=$INFO[Window(Home).Property(widgetreload2)]" target="video">Favourites</widget>
	<!-- PVR -->
	<widget label="19023" type="pvr" icon="DefaultAddonTvInfo.png" path="plugin://script.skin.helper.widgets/?action=channels&amp;mediatype=pvr&amp;reload=$INFO[Window(Home).Property(widgetreload2)]" target="video">PVR</widget>
	<widget label="19024" type="pvr" icon="DefaultAddonUISounds.png" path="pvr://channels/radio/All channels/" target="video">radio</widget>

	<!-- Playlists -->
	<widgetPlaylists>True</widgetPlaylists>
	<!-- Backgrounds -->
	<background label="400">weather</background>
	<background label="31104">widgetbackground</background>
	<background label="31511">$INFO[Window(Home).Property(SkinHelper.AllMoviesBackground)]</background>
	<background label="31512">$INFO[Window(Home).Property(SkinHelper.AllTvShowsBackground)]</background>
	<background label="31513">$INFO[Window(Home).Property(SkinHelper.AllMusicBackground)]</background>
	<background label="31515">$INFO[Window(Home).Property(SkinHelper.AllMusicVideosBackground)]</background>
	<background label="$VAR[wall_movieslabel]">wallmovies</background>
	<background label="$VAR[wall_tvshowslabel]">walltvshows</background>
	<background label="$VAR[wall_musiclabel]">wallmusic</background>
	<background label="$VAR[wall_musicvideoslabel]">wallmusicvideos</background>
	<background label="$VAR[wall_pictureslabel]">wallpictures</background>
	<background label="$VAR[wall_label1]" condition="!String.IsEmpty(Window(home).Property(playlist.0.label))">wallcustom1</background>
	<background label="$VAR[wall_label2]" condition="!String.IsEmpty(Window(home).Property(playlist.1.label))">wallcustom2</background>
	<background label="$VAR[wall_label3]" condition="!String.IsEmpty(Window(home).Property(playlist.2.label))">wallcustom3</background>
	<background label="$VAR[wall_label4]" condition="!String.IsEmpty(Window(home).Property(playlist.3.label))">wallcustom4</background>
	<background label="$VAR[wall_label5]" condition="!String.IsEmpty(Window(home).Property(playlist.4.label))">wallcustom5</background>
	<background label="$VAR[wall_label6]" condition="!String.IsEmpty(Window(home).Property(playlist.5.label))">wallcustom6</background>
	<background label="$VAR[wall_label7]" condition="!String.IsEmpty(Window(home).Property(playlist.6.label))">wallcustom7</background>
	<background label="$VAR[wall_label8]" condition="!String.IsEmpty(Window(home).Property(playlist.7.label))">wallcustom8</background>

	<background label="smartshortcuts">||BROWSE||plugin://script.skin.helper.service/?action=backgrounds</background>
	<!-- <background label="Images From ::PLAYLIST::">$INFO[Container(30).ListItem.Art(fanart)]</background> -->

	<backgrounddefault labelID="weather">weather</backgrounddefault>
	<backgrounddefault labelID="videos">special://skin/backgrounds/videos.jpg</backgrounddefault>
	<backgrounddefault labelID="movies">$INFO[Window(Home).Property(SkinHelper.AllMoviesBackground)]</backgrounddefault>
	<backgrounddefault labelID="tvshows">$INFO[Window(Home).Property(SkinHelper.AllTvShowsBackground)]</backgrounddefault>
	<backgrounddefault labelID="music">$INFO[Window(Home).Property(SkinHelper.AllMusicBackground)]</backgrounddefault>
	<backgrounddefault labelID="musicvideos">$INFO[Window(Home).Property(SkinHelper.AllMusicVideosBackground)]</backgrounddefault>
	<backgrounddefault labelID="24001">special://skin/backgrounds/addons.jpg</backgrounddefault>
	<backgrounddefault labelID="1036">special://skin/backgrounds/favourites.jpg</backgrounddefault>
	<backgrounddefault labelID="dvd">special://skin/backgrounds/dvd.jpg</backgrounddefault>
	<backgrounddefault labelID="livetv">special://skin/backgrounds/livetv.jpg</backgrounddefault>
	<backgrounddefault labelID="pictures">special://skin/backgrounds/pictures.jpg</backgrounddefault>
	<backgrounddefault labelID="programs">special://skin/backgrounds/programs.jpg</backgrounddefault>
	<backgrounddefault labelID="script.globalsearch">special://skin/backgrounds/search.jpg</backgrounddefault>
	<backgrounddefault labelID="settings">special://skin/backgrounds/settings.jpg</backgrounddefault>

	<!-- Thumbs -->
	<thumbnail>::NONE::</thumbnail>
	<thumbnail label="Default">special://skin/extras/icons/default.png</thumbnail>
	<thumbnail label="Videos">special://skin/extras/icons/videos.png</thumbnail>
	<thumbnail label="Movies">special://skin/extras/icons/movies.png</thumbnail>
	<thumbnail label="tvshows">special://skin/extras/icons/tvshows.png</thumbnail>
	<thumbnail label="Video Addons">special://skin/extras/icons/vaddons.png</thumbnail>
	<thumbnail label="Live TV">special://skin/extras/icons/tv.png</thumbnail>
	<thumbnail label="Music">special://skin/extras/icons/music.png</thumbnail>
	<thumbnail label="pictures">special://skin/extras/icons/pictures.png</thumbnail>
	<thumbnail label="programs">special://skin/extras/icons/programs.png</thumbnail>
	<thumbnail label="Favourites">special://skin/extras/icons/favourites.png</thumbnail>
	<thumbnail label="weather">special://skin/extras/icons/weather.png</thumbnail>
	<thumbnail label="search">special://skin/extras/icons/search.png</thumbnail>
	<thumbnail label="settings">special://skin/extras/icons/settings.png</thumbnail>
	<thumbnail label="DVD">special://skin/extras/icons/dvd.png</thumbnail>

	<backgroundBrowse>True</backgroundBrowse>

	<!-- Parental control -->
	<override action="globaloverride">
		<condition>SubString(Container(9000).ListItem.Property(ParentalControl),yes) + !String.IsEqual(Skin.String(mypassword),Skin.String(passcode))</condition>
		<action>Skin.SetString(dialog_action,::ACTION::)</action>
		<action>ActivateWindow(1132)</action> 
		<action>AlarmClock(parental,Skin.Reset(mypassword),$VAR[password_time],Silent)</action>	
	</override>
	<override action="globaloverride">
		<condition>[String.IsEmpty(Container(9000).ListItem.Property(ParentalControl)) | SubString(Container(9000).ListItem.Property(ParentalControl),no)] | String.IsEqual(Skin.String(mypassword),Skin.String(passcode))</condition>
		<action>AlarmClock(parental,Skin.Reset(mypassword),$VAR[password_time],Silent)</action>
		<action>::ACTION::</action>
	</override>

	<propertySettings property="ParentalControl" buttonID="993" title="$LOCALIZE[31083]" showNone="False" imageBrowse="False" />
	<property property="ParentalControl" label="$LOCALIZE[106]">No</property>
	<property property="ParentalControl" label="$LOCALIZE[107]">Yes</property>
	<alwaysReset>True</alwaysReset>
</overrides>