<?xml version="1.2.33" encoding="UTF-8" standalone="yes"?>
<addon id="plugin.video.4kwallpapers"
       name="Diggz 4K Wallpapers"
       version="1.2.16"
       provider-name="Diggz">
  <requires>
    <import addon="xbmc.python" version="3.0.1"/>
  </requires>
  <extension point="xbmc.python.pluginsource" library="default.py">
    <provides>video</provides>
  </extension>
  <extension point="xbmc.addon.metadata">
    <description>Browse and download wallpapers from WallpapersCraft</description>
    <platform>all</platform>
    <assets>
      <icon>icon.png</icon>
      <fanart>fanart.jpg</fanart>
    </assets>
  </extension>
</addon>
