<includes>
	<include name="skinshortcuts-mainmenu">
		<item id="1">
			<property name="id">$NUMBER[1]</property>
			<label>$LOCALIZE[31958]</label>
			<label2 />
			<icon>special://skin/extras/icons/Disc.png</icon>
			<thumb />
			<visible>System.HasMediaDVD</visible>
			<onclick condition="String.IsEqual(ListItem.Property(path),ActivateWindow(1129))">SetProperty(CustomSelectSearch,True,Home)</onclick>
			<onclick>PlayDisc</onclick>
			<property name="path">PlayDisc</property>
			<visible>String.IsEqual(System.ProfileName,Master user)</visible>
			<property name="submenuVisibility">num-31958</property>
			<property name="hasSubmenu">True</property>
			</item>
		<item id="2">
			<property name="id">$NUMBER[2]</property>
			<label>Setup Wizard</label>
			<label2>Custom item</label2>
			<icon>DefaultShortcut.png</icon>
			<thumb />
			<property name="translatedPath">ActivateWindow(Settings)</property>
			<property name="widgetHide">true</property>
			<property name="widgetPanelInfo.2">true</property>
			<property name="widgetHide.2">true</property>
			<property name="widgetPanelInfo">true</property>
			<property name="widgetDisableFanart">true</property>
			<property name="widgetDisableFanart.2">true</property>
			<property name="background">special://home/addons/resource.images.skinicons.wide/resources/Setup/planetdiggz.jpg</property>
			<property name="backgroundName">special://home/addons/resource.images.skinicons.wide/resources/Setup/planetdiggz.jpg</property>
			<onclick condition="String.IsEqual(ListItem.Property(path),ActivateWindow(1129))">SetProperty(CustomSelectSearch,True,Home)</onclick>
			<onclick>noop</onclick>
			<property name="path">noop</property>
			<visible>String.IsEqual(System.ProfileName,Master user)</visible>
			<property name="submenuVisibility">setupwizard</property>
			<property name="hasSubmenu">True</property>
			</item>
		<item id="3">
			<property name="id">$NUMBER[3]</property>
			<label>#1-Logins</label>
			<label2>Program</label2>
			<icon>DefaultShortcut.png</icon>
			<thumb>image://C%3a%5cUsers%5cjeddi%5cAppData%5cRoaming%5cKodi%5caddons%5cplugin.program.chef21%5cresources%5cicon.png/</thumb>
			<property name="translatedPath">ActivateWindow(Programs,"plugin://plugin.program.chef21/?url=&amp;mode=10&amp;name=%5BB%5D%5BCOLOR+snow%5DAuthorize+Debrid+and+Trakt%5B%2FCOLOR%5D%5B%2FB%5D&amp;icon=C%3A%5CUsers%5Cjeddi%5CAppData%5CRoaming%5CKodi%5Caddons%5Cplugin.program.chef21%5Cresources%5Cicon.png&amp;fanart=C%3A%5CUsers%5Cjeddi%5CAppData%5CRoaming%5CKodi%5Caddons%5Cplugin.program.chef21%5Cresources%5Cfanart.jpg&amp;description=%5BB%5D%5BCOLOR+snow%5DAuthorize+Debrid+and+Trakt%5B%2FCOLOR%5D%5B%2FB%5D&amp;name2=&amp;version=&amp;kodi=",return)</property>
			<property name="background">special://home/addons/resource.images.skinicons.wide/resources/Setup/logins.jpg</property>
			<property name="backgroundName">special://home/addons/resource.images.skinicons.wide/resources/Setup/logins.jpg</property>
			<onclick condition="String.IsEqual(ListItem.Property(path),ActivateWindow(1129))">SetProperty(CustomSelectSearch,True,Home)</onclick>
			<onclick>ActivateWindow(Programs,"plugin://plugin.program.chef21/?url=&amp;mode=10&amp;name=%5BB%5D%5BCOLOR+snow%5DAuthorize+Debrid+and+Trakt%5B%2FCOLOR%5D%5B%2FB%5D&amp;icon=C%3A%5CUsers%5Cjeddi%5CAppData%5CRoaming%5CKodi%5Caddons%5Cplugin.program.chef21%5Cresources%5Cicon.png&amp;fanart=C%3A%5CUsers%5Cjeddi%5CAppData%5CRoaming%5CKodi%5Caddons%5Cplugin.program.chef21%5Cresources%5Cfanart.jpg&amp;description=%5BB%5D%5BCOLOR+snow%5DAuthorize+Debrid+and+Trakt%5B%2FCOLOR%5D%5B%2FB%5D&amp;name2=&amp;version=&amp;kodi=",return)</onclick>
			<property name="path">ActivateWindow(Programs,"plugin://plugin.program.chef21/?url=&amp;mode=10&amp;name=%5BB%5D%5BCOLOR+snow%5DAuthorize+Debrid+and+Trakt%5B%2FCOLOR%5D%5B%2FB%5D&amp;icon=C%3A%5CUsers%5Cjeddi%5CAppData%5CRoaming%5CKodi%5Caddons%5Cplugin.program.chef21%5Cresources%5Cicon.png&amp;fanart=C%3A%5CUsers%5Cjeddi%5CAppData%5CRoaming%5CKodi%5Caddons%5Cplugin.program.chef21%5Cresources%5Cfanart.jpg&amp;description=%5BB%5D%5BCOLOR+snow%5DAuthorize+Debrid+and+Trakt%5B%2FCOLOR%5D%5B%2FB%5D&amp;name2=&amp;version=&amp;kodi=",return)</property>
			<visible>String.IsEqual(System.ProfileName,Master user)</visible>
			<property name="submenuVisibility">1-logins</property>
			<property name="hasSubmenu">True</property>
			</item>
		<item id="4">
			<property name="id">$NUMBER[4]</property>
			<label>Install Xenon</label>
			<label2>Custom item</label2>
			<icon>DefaultShortcut.png</icon>
			<thumb />
			<property name="background">special://home/addons/resource.images.skinicons.wide/resources/Setup/xenon.jpg</property>
			<property name="backgroundName">special://home/addons/resource.images.skinicons.wide/resources/Setup/xenon.jpg</property>
			<onclick condition="String.IsEqual(ListItem.Property(path),ActivateWindow(1129))">SetProperty(CustomSelectSearch,True,Home)</onclick>
			<onclick>InstallAddon(skin.xenonplus)</onclick>
			<property name="path">InstallAddon(skin.xenonplus)</property>
			<visible>String.IsEqual(System.ProfileName,Master user)</visible>
			<property name="submenuVisibility">installxenon</property>
			<property name="hasSubmenu">True</property>
			</item>
		<item id="5">
			<property name="id">$NUMBER[5]</property>
			<label>Install Xenon 2</label>
			<label2>Custom item</label2>
			<icon>DefaultShortcut.png</icon>
			<thumb />
			<property name="background">special://home/addons/resource.images.skinicons.wide/resources/Setup/xenon2.jpg</property>
			<property name="backgroundName">special://home/addons/resource.images.skinicons.wide/resources/Setup/xenon2.jpg</property>
			<onclick condition="String.IsEqual(ListItem.Property(path),ActivateWindow(1129))">SetProperty(CustomSelectSearch,True,Home)</onclick>
			<onclick>InstallAddon(skin.xenon2)</onclick>
			<property name="path">InstallAddon(skin.xenon2)</property>
			<visible>String.IsEqual(System.ProfileName,Master user)</visible>
			<property name="submenuVisibility">installxenon2</property>
			<property name="hasSubmenu">True</property>
			</item>
		<item id="6">
			<property name="id">$NUMBER[6]</property>
			<label>Install DiggzFlix</label>
			<label2>Custom item</label2>
			<icon>DefaultShortcut.png</icon>
			<thumb />
			<property name="background">special://home/addons/resource.images.skinicons.wide/resources/Setup/diggzflix.jpg</property>
			<property name="backgroundName">special://home/addons/resource.images.skinicons.wide/resources/Setup/diggzflix.jpg</property>
			<onclick condition="String.IsEqual(ListItem.Property(path),ActivateWindow(1129))">SetProperty(CustomSelectSearch,True,Home)</onclick>
			<onclick>InstallAddon(skin.auraflix)</onclick>
			<property name="path">InstallAddon(skin.auraflix)</property>
			<visible>String.IsEqual(System.ProfileName,Master user)</visible>
			<property name="submenuVisibility">installdiggzflix</property>
			<property name="hasSubmenu">True</property>
			</item>
		<item id="7">
			<property name="id">$NUMBER[7]</property>
			<label>Install FenFlix</label>
			<label2>Custom item</label2>
			<icon>DefaultShortcut.png</icon>
			<thumb />
			<property name="background">special://home/addons/resource.images.skinicons.wide/resources/Setup/fenflix.jpg</property>
			<property name="backgroundName">special://home/addons/resource.images.skinicons.wide/resources/Setup/fenflix.jpg</property>
			<onclick condition="String.IsEqual(ListItem.Property(path),ActivateWindow(1129))">SetProperty(CustomSelectSearch,True,Home)</onclick>
			<onclick>InstallAddon(skin.povflix)</onclick>
			<property name="path">InstallAddon(skin.povflix)</property>
			<visible>String.IsEqual(System.ProfileName,Master user)</visible>
			<property name="submenuVisibility">installfenflix</property>
			<property name="hasSubmenu">True</property>
			</item>
		<item id="8">
			<property name="id">$NUMBER[8]</property>
			<label>Install SerenFlix</label>
			<label2>Custom item</label2>
			<icon>DefaultShortcut.png</icon>
			<thumb />
			<property name="background">special://home/addons/resource.images.skinicons.wide/resources/Setup/serenflix.jpg</property>
			<property name="backgroundName">special://home/addons/resource.images.skinicons.wide/resources/Setup/serenflix.jpg</property>
			<onclick condition="String.IsEqual(ListItem.Property(path),ActivateWindow(1129))">SetProperty(CustomSelectSearch,True,Home)</onclick>
			<onclick>InstallAddon(skin.serenflix)</onclick>
			<property name="path">InstallAddon(skin.serenflix)</property>
			<visible>String.IsEqual(System.ProfileName,Master user)</visible>
			<property name="submenuVisibility">installserenflix</property>
			<property name="hasSubmenu">True</property>
			</item>
		<item id="9">
			<property name="id">$NUMBER[9]</property>
			<label>Install UmbrellaFlix</label>
			<label2>Custom item</label2>
			<icon>DefaultShortcut.png</icon>
			<thumb />
			<property name="background">special://home/addons/resource.images.skinicons.wide/resources/Setup/umbrellaflix.jpg</property>
			<property name="backgroundName">special://home/addons/resource.images.skinicons.wide/resources/Setup/umbrellaflix.jpg</property>
			<onclick condition="String.IsEqual(ListItem.Property(path),ActivateWindow(1129))">SetProperty(CustomSelectSearch,True,Home)</onclick>
			<onclick>InstallAddon(skin.umbrellaflix)</onclick>
			<property name="path">InstallAddon(skin.umbrellaflix)</property>
			<visible>String.IsEqual(System.ProfileName,Master user)</visible>
			<property name="submenuVisibility">installumbrellaflix</property>
			<property name="hasSubmenu">True</property>
			</item>
		<item id="10">
			<property name="id">$NUMBER[10]</property>
			<label>Install DiggzFlix 2</label>
			<label2>Custom item</label2>
			<icon>DefaultShortcut.png</icon>
			<thumb />
			<property name="background">special://home/addons/resource.images.skinicons.wide/resources/Setup/diggzflix2.jpg</property>
			<property name="backgroundName">special://home/addons/resource.images.skinicons.wide/resources/Setup/diggzflix2.jpg</property>
			<onclick condition="String.IsEqual(ListItem.Property(path),ActivateWindow(1129))">SetProperty(CustomSelectSearch,True,Home)</onclick>
			<onclick>InstallAddon(skin.diggzflix)</onclick>
			<property name="path">InstallAddon(skin.diggzflix)</property>
			<visible>String.IsEqual(System.ProfileName,Master user)</visible>
			<property name="submenuVisibility">installdiggzflix2</property>
			<property name="hasSubmenu">True</property>
			</item>
		<item id="11">
			<property name="id">$NUMBER[11]</property>
			<label>Install ArcticFlix</label>
			<label2>Custom item</label2>
			<icon>DefaultShortcut.png</icon>
			<thumb />
			<property name="background">special://home/addons/resource.images.skinicons.wide/resources/Setup/arcticflix.jpg</property>
			<property name="backgroundName">special://home/addons/resource.images.skinicons.wide/resources/Setup/arcticflix.jpg</property>
			<onclick condition="String.IsEqual(ListItem.Property(path),ActivateWindow(1129))">SetProperty(CustomSelectSearch,True,Home)</onclick>
			<onclick>InstallAddon(skin.arctic.horizon.2)</onclick>
			<property name="path">InstallAddon(skin.arctic.horizon.2)</property>
			<visible>String.IsEqual(System.ProfileName,Master user)</visible>
			<property name="submenuVisibility">installarcticflix</property>
			<property name="hasSubmenu">True</property>
			</item>
		<item id="12">
			<property name="id">$NUMBER[12]</property>
			<label>Install Eminence</label>
			<label2>Custom item</label2>
			<icon>DefaultShortcut.png</icon>
			<thumb />
			<property name="background">special://home/addons/resource.images.skinicons.wide/resources/Setup/eminence.jpg</property>
			<property name="backgroundName">special://home/addons/resource.images.skinicons.wide/resources/Setup/eminence.jpg</property>
			<onclick condition="String.IsEqual(ListItem.Property(path),ActivateWindow(1129))">SetProperty(CustomSelectSearch,True,Home)</onclick>
			<onclick>InstallAddon(skin.eminence.2.mod)</onclick>
			<property name="path">InstallAddon(skin.eminence.2.mod)</property>
			<visible>String.IsEqual(System.ProfileName,Master user)</visible>
			<property name="submenuVisibility">installeminence</property>
			<property name="hasSubmenu">True</property>
			</item>
		<item id="13">
			<property name="id">$NUMBER[13]</property>
			<label>Install Fentastic</label>
			<label2>Custom item</label2>
			<icon>DefaultShortcut.png</icon>
			<thumb />
			<property name="background">special://home/addons/resource.images.skinicons.wide/resources/Setup/fentastic.jpg</property>
			<property name="backgroundName">special://home/addons/resource.images.skinicons.wide/resources/Setup/fentastic.jpg</property>
			<onclick condition="String.IsEqual(ListItem.Property(path),ActivateWindow(1129))">SetProperty(CustomSelectSearch,True,Home)</onclick>
			<onclick>InstallAddon(skin.eminence.2.fen)</onclick>
			<property name="path">InstallAddon(skin.eminence.2.fen)</property>
			<visible>String.IsEqual(System.ProfileName,Master user)</visible>
			<property name="submenuVisibility">installfentastic</property>
			<property name="hasSubmenu">True</property>
			</item>
		<item id="14">
			<property name="id">$NUMBER[14]</property>
			<label>Install Phenomenal</label>
			<label2>Custom item</label2>
			<icon>DefaultShortcut.png</icon>
			<thumb />
			<property name="background">special://home/addons/resource.images.skinicons.wide/resources/Setup/phenomenal.jpg</property>
			<property name="backgroundName">special://home/addons/resource.images.skinicons.wide/resources/Setup/phenomenal.jpg</property>
			<onclick condition="String.IsEqual(ListItem.Property(path),ActivateWindow(1129))">SetProperty(CustomSelectSearch,True,Home)</onclick>
			<onclick>InstallAddon(skin.phenomenal.h)</onclick>
			<property name="path">InstallAddon(skin.phenomenal.h)</property>
			<visible>String.IsEqual(System.ProfileName,Master user)</visible>
			<property name="submenuVisibility">installphenomenal</property>
			<property name="hasSubmenu">True</property>
			</item>
		<item id="15">
			<property name="id">$NUMBER[15]</property>
			<label>Install Diggz Kids</label>
			<label2>Custom item</label2>
			<icon>DefaultShortcut.png</icon>
			<thumb />
			<property name="background">special://home/addons/resource.images.skinicons.wide/resources/Setup/diggzkidz.jpg</property>
			<property name="backgroundName">special://home/addons/resource.images.skinicons.wide/resources/Setup/diggzkidz.jpg</property>
			<onclick condition="String.IsEqual(ListItem.Property(path),ActivateWindow(1129))">SetProperty(CustomSelectSearch,True,Home)</onclick>
			<onclick>installaddon(skin.diggzkids)</onclick>
			<property name="path">installaddon(skin.diggzkids)</property>
			<visible>String.IsEqual(System.ProfileName,Master user)</visible>
			<property name="submenuVisibility">installdiggzkids</property>
			<property name="hasSubmenu">True</property>
			</item>
		</include>
	<include />
	<include name="skinshortcuts-submenu">
		<item id="1">
			<property name="id">$NUMBER[1]</property>
			<property name="mainmenuid">1</property>
			<label>$LOCALIZE[31485]</label>
			<label2 />
			<icon>DefaultShortcut.png</icon>
			<thumb />
			<onclick>EjectTray()</onclick>
			<property name="path">EjectTray()</property>
			<visible>[String.IsEqual(System.ProfileName,Master user)] + String.IsEqual(Container(9000).ListItem.Property(submenuVisibility),num-31958)</visible>
			<property name="isSubmenu">True</property>
			</item>
		<item id="2">
			<property name="id">$NUMBER[2]</property>
			<property name="mainmenuid">1</property>
			<label>$LOCALIZE[600]</label>
			<label2 />
			<icon>DefaultShortcut.png</icon>
			<thumb />
			<visible>[System.HasMediaAudioCD] + String.IsEqual(Container(9000).ListItem.Property(submenuVisibility),num-31958)</visible>
			<onclick>RipCD</onclick>
			<property name="path">RipCD</property>
			<visible>String.IsEqual(System.ProfileName,Master user)</visible>
			<property name="isSubmenu">True</property>
			</item>
		<item id="1">
			<property name="id">$NUMBER[1]</property>
			<property name="mainmenuid">2</property>
			<label>[B]Version: [COLOR chartreuse]3.1[/COLOR][/B] (3/12/25)</label>
			<label2>Custom item</label2>
			<icon>DefaultShortcut.png</icon>
			<thumb />
			<onclick>ActivateWindow(Programs,"plugin://plugin.program.chef21/?url=&amp;mode=1&amp;name=%5BB%5D%5BCOLOR+snow%5DBuild+Menu%5B%2FCOLOR%5D%5B%2FB%5D&amp;icon=C%3A%5CUsers%5Cjeddi%5CAppData%5CRoaming%5CKodi%5Caddons%5Cplugin.program.chef21%5Cresources%5Cicon.png&amp;fanart=C%3A%5CUsers%5Cjeddi%5CAppData%5CRoaming%5CKodi%5Caddons%5Cplugin.program.chef21%5Cresources%5Cfanart.jpg&amp;description=%5BB%5D%5BCOLOR+snow%5DInstall+a+Build%5B%2FCOLOR%5D%5B%2FB%5D&amp;name2=&amp;version=&amp;kodi=",return)</onclick>
			<property name="path">ActivateWindow(Programs,"plugin://plugin.program.chef21/?url=&amp;mode=1&amp;name=%5BB%5D%5BCOLOR+snow%5DBuild+Menu%5B%2FCOLOR%5D%5B%2FB%5D&amp;icon=C%3A%5CUsers%5Cjeddi%5CAppData%5CRoaming%5CKodi%5Caddons%5Cplugin.program.chef21%5Cresources%5Cicon.png&amp;fanart=C%3A%5CUsers%5Cjeddi%5CAppData%5CRoaming%5CKodi%5Caddons%5Cplugin.program.chef21%5Cresources%5Cfanart.jpg&amp;description=%5BB%5D%5BCOLOR+snow%5DInstall+a+Build%5B%2FCOLOR%5D%5B%2FB%5D&amp;name2=&amp;version=&amp;kodi=",return)</property>
			<visible>[String.IsEqual(System.ProfileName,Master user)] + String.IsEqual(Container(9000).ListItem.Property(submenuVisibility),setupwizard)</visible>
			<property name="isSubmenu">True</property>
			</item>
		<item id="2">
			<property name="id">$NUMBER[2]</property>
			<property name="mainmenuid">2</property>
			<label>Chef Wizard</label>
			<label2>Program</label2>
			<icon>DefaultShortcut.png</icon>
			<thumb>thumb</thumb>
			<property name="translatedPath">ActivateWindow(Programs,"plugin://plugin.program.chef21",return)</property>
			<onclick>ActivateWindow(Programs,"plugin://plugin.program.chef21",return)</onclick>
			<property name="path">ActivateWindow(Programs,"plugin://plugin.program.chef21",return)</property>
			<visible>[String.IsEqual(System.ProfileName,Master user)] + String.IsEqual(Container(9000).ListItem.Property(submenuVisibility),setupwizard)</visible>
			<property name="isSubmenu">True</property>
			</item>
		<item id="3">
			<property name="id">$NUMBER[3]</property>
			<property name="mainmenuid">2</property>
			<label>[COLOR chartreuse]**HERE'S A CLUE**[/COLOR]</label>
			<label2>Custom item</label2>
			<icon>DefaultShortcut.png</icon>
			<thumb />
			<onclick>PlayMedia("special://home/addons/skin.planetdiggz/extras/leftright.mp4")</onclick>
			<property name="path">PlayMedia("special://home/addons/skin.planetdiggz/extras/leftright.mp4")</property>
			<visible>[String.IsEqual(System.ProfileName,Master user)] + String.IsEqual(Container(9000).ListItem.Property(submenuVisibility),setupwizard)</visible>
			<property name="isSubmenu">True</property>
			</item>
		<item id="4">
			<property name="id">$NUMBER[4]</property>
			<property name="mainmenuid">2</property>
			<label>Advanced Settings</label>
			<label2>Custom item</label2>
			<icon>DefaultShortcut.png</icon>
			<thumb />
			<onclick>PlayMedia("plugin://plugin.program.chef21/?url=&amp;mode=29&amp;name=%5BB%5D%5BCOLOR+snow%5DAdvanced+Settings+K21%5B%2FCOLOR%5D%5B%2FB%5D&amp;icon=C%3A%5CUsers%5Cjeddi%5CAppData%5CRoaming%5CKodi%5Caddons%5Cplugin.program.chef21%5Cresources%5Cicon.png&amp;fanart=C%3A%5CUsers%5Cjeddi%5CAppData%5CRoaming%5CKodi%5Caddons%5Cplugin.program.chef21%5Cresources%5Cfanart.jpg&amp;description=%5BB%5D%5BCOLOR+snow%5DA+list+of+presets+to+set+the+cache+size+based+on+your+device%27s+RAM+size.%5B%2FCOLOR%5D%5B%2FB%5D&amp;name2=&amp;version=&amp;kodi=")</onclick>
			<property name="path">PlayMedia("plugin://plugin.program.chef21/?url=&amp;mode=29&amp;name=%5BB%5D%5BCOLOR+snow%5DAdvanced+Settings+K21%5B%2FCOLOR%5D%5B%2FB%5D&amp;icon=C%3A%5CUsers%5Cjeddi%5CAppData%5CRoaming%5CKodi%5Caddons%5Cplugin.program.chef21%5Cresources%5Cicon.png&amp;fanart=C%3A%5CUsers%5Cjeddi%5CAppData%5CRoaming%5CKodi%5Caddons%5Cplugin.program.chef21%5Cresources%5Cfanart.jpg&amp;description=%5BB%5D%5BCOLOR+snow%5DA+list+of+presets+to+set+the+cache+size+based+on+your+device%27s+RAM+size.%5B%2FCOLOR%5D%5B%2FB%5D&amp;name2=&amp;version=&amp;kodi=")</property>
			<visible>[String.IsEqual(System.ProfileName,Master user)] + String.IsEqual(Container(9000).ListItem.Property(submenuVisibility),setupwizard)</visible>
			<property name="isSubmenu">True</property>
			</item>
		<item id="5">
			<property name="id">$NUMBER[5]</property>
			<property name="mainmenuid">2</property>
			<label>Power Off</label>
			<label2>Custom item</label2>
			<icon>DefaultAddonNone.png</icon>
			<thumb />
			<property name="translatedPath">ActivateWindow(shutdownmenu)</property>
			<onclick>PlayMedia("plugin://plugin.program.chef21/?url=&amp;mode=18&amp;name=%5BB%5D%5BCOLOR+snow%5DForce+Close%5B%2FCOLOR%5D%5B%2FB%5D&amp;icon=C%3A%5CUsers%5Cjeddi%5CAppData%5CRoaming%5CKodi%5Caddons%5Cplugin.program.chef21%5Cresources%5Cicon.png&amp;fanart=C%3A%5CUsers%5Cjeddi%5CAppData%5CRoaming%5CKodi%5Caddons%5Cplugin.program.chef21%5Cresources%5Cfanart.jpg&amp;description=%5BB%5D%5BCOLOR+snow%5DForce+Close+Kodi%5B%2FCOLOR%5D%5B%2FB%5D&amp;name2=&amp;version=&amp;kodi=&amp;sf_options=winID%3D10025%26_options_sf")</onclick>
			<property name="path">PlayMedia("plugin://plugin.program.chef21/?url=&amp;mode=18&amp;name=%5BB%5D%5BCOLOR+snow%5DForce+Close%5B%2FCOLOR%5D%5B%2FB%5D&amp;icon=C%3A%5CUsers%5Cjeddi%5CAppData%5CRoaming%5CKodi%5Caddons%5Cplugin.program.chef21%5Cresources%5Cicon.png&amp;fanart=C%3A%5CUsers%5Cjeddi%5CAppData%5CRoaming%5CKodi%5Caddons%5Cplugin.program.chef21%5Cresources%5Cfanart.jpg&amp;description=%5BB%5D%5BCOLOR+snow%5DForce+Close+Kodi%5B%2FCOLOR%5D%5B%2FB%5D&amp;name2=&amp;version=&amp;kodi=&amp;sf_options=winID%3D10025%26_options_sf")</property>
			<visible>[String.IsEqual(System.ProfileName,Master user)] + String.IsEqual(Container(9000).ListItem.Property(submenuVisibility),setupwizard)</visible>
			<property name="isSubmenu">True</property>
			</item>
		<item id="6">
			<property name="id">$NUMBER[6]</property>
			<property name="mainmenuid">2</property>
			<label>Kodi Settings</label>
			<label2>Settings</label2>
			<icon>Settings.png</icon>
			<thumb />
			<property name="translatedPath">ActivateWindow(Settings)</property>
			<onclick>ActivateWindow(Settings)</onclick>
			<property name="path">ActivateWindow(Settings)</property>
			<visible>[String.IsEqual(System.ProfileName,Master user)] + String.IsEqual(Container(9000).ListItem.Property(submenuVisibility),setupwizard)</visible>
			<property name="isSubmenu">True</property>
			</item>
		<item id="1">
			<property name="id">$NUMBER[1]</property>
			<property name="mainmenuid">3</property>
			<label>Debrid And Trakt</label>
			<label2>Custom item</label2>
			<icon>DefaultShortcut.png</icon>
			<thumb />
			<onclick>ActivateWindow(Programs,"plugin://plugin.program.chef21/?url=&amp;mode=10&amp;name=%5BB%5D%5BCOLOR+snow%5DAuthorize+Debrid+and+Trakt%5B%2FCOLOR%5D%5B%2FB%5D&amp;icon=C%3A%5CUsers%5Cjeddi%5CAppData%5CRoaming%5CKodi%5Caddons%5Cplugin.program.chef21%5Cresources%5Cicon.png&amp;fanart=C%3A%5CUsers%5Cjeddi%5CAppData%5CRoaming%5CKodi%5Caddons%5Cplugin.program.chef21%5Cresources%5Cfanart.jpg&amp;description=%5BB%5D%5BCOLOR+snow%5DAuthorize+Debrid+and+Trakt%5B%2FCOLOR%5D%5B%2FB%5D&amp;name2=&amp;version=&amp;kodi=",return)</onclick>
			<property name="path">ActivateWindow(Programs,"plugin://plugin.program.chef21/?url=&amp;mode=10&amp;name=%5BB%5D%5BCOLOR+snow%5DAuthorize+Debrid+and+Trakt%5B%2FCOLOR%5D%5B%2FB%5D&amp;icon=C%3A%5CUsers%5Cjeddi%5CAppData%5CRoaming%5CKodi%5Caddons%5Cplugin.program.chef21%5Cresources%5Cicon.png&amp;fanart=C%3A%5CUsers%5Cjeddi%5CAppData%5CRoaming%5CKodi%5Caddons%5Cplugin.program.chef21%5Cresources%5Cfanart.jpg&amp;description=%5BB%5D%5BCOLOR+snow%5DAuthorize+Debrid+and+Trakt%5B%2FCOLOR%5D%5B%2FB%5D&amp;name2=&amp;version=&amp;kodi=",return)</property>
			<visible>[String.IsEqual(System.ProfileName,Master user)] + String.IsEqual(Container(9000).ListItem.Property(submenuVisibility),1-logins)</visible>
			<property name="isSubmenu">True</property>
			</item>
		<item id="1">
			<property name="id">$NUMBER[1]</property>
			<property name="mainmenuid">4</property>
			<label>Apply Skin</label>
			<label2>Custom item</label2>
			<icon>DefaultShortcut.png</icon>
			<thumb />
			<property name="background">special://home/addons/resource.images.skinicons.wide/resources/Setup/installskins.jpg</property>
			<property name="backgroundName">special://home/addons/resource.images.skinicons.wide/resources/Setup/installskins.jpg</property>
			<onclick>RunPlugin(plugin://script.diggzskins)</onclick>
			<property name="path">RunPlugin(plugin://script.diggzskins)</property>
			<visible>[String.IsEqual(System.ProfileName,Master user)] + String.IsEqual(Container(9000).ListItem.Property(submenuVisibility),installxenon)</visible>
			<property name="isSubmenu">True</property>
			</item>
		<item id="1">
			<property name="id">$NUMBER[1]</property>
			<property name="mainmenuid">5</property>
			<label>Apply Skin</label>
			<label2>Custom item</label2>
			<icon>DefaultShortcut.png</icon>
			<thumb />
			<property name="background">special://home/addons/resource.images.skinicons.wide/resources/Setup/installskins.jpg</property>
			<property name="backgroundName">special://home/addons/resource.images.skinicons.wide/resources/Setup/installskins.jpg</property>
			<onclick>RunPlugin(plugin://script.diggzskins)</onclick>
			<property name="path">RunPlugin(plugin://script.diggzskins)</property>
			<visible>[String.IsEqual(System.ProfileName,Master user)] + String.IsEqual(Container(9000).ListItem.Property(submenuVisibility),installxenon2)</visible>
			<property name="isSubmenu">True</property>
			</item>
		<item id="1">
			<property name="id">$NUMBER[1]</property>
			<property name="mainmenuid">6</property>
			<label>Apply Skin</label>
			<label2>Custom item</label2>
			<icon>DefaultShortcut.png</icon>
			<thumb />
			<property name="background">special://home/addons/resource.images.skinicons.wide/resources/Setup/installskins.jpg</property>
			<property name="backgroundName">special://home/addons/resource.images.skinicons.wide/resources/Setup/installskins.jpg</property>
			<onclick>RunPlugin(plugin://script.diggzskins)</onclick>
			<property name="path">RunPlugin(plugin://script.diggzskins)</property>
			<visible>[String.IsEqual(System.ProfileName,Master user)] + String.IsEqual(Container(9000).ListItem.Property(submenuVisibility),installdiggzflix)</visible>
			<property name="isSubmenu">True</property>
			</item>
		<item id="1">
			<property name="id">$NUMBER[1]</property>
			<property name="mainmenuid">7</property>
			<label>Apply Skin</label>
			<label2>Custom item</label2>
			<icon>DefaultShortcut.png</icon>
			<thumb />
			<property name="background">special://home/addons/resource.images.skinicons.wide/resources/Setup/installskins.jpg</property>
			<property name="backgroundName">special://home/addons/resource.images.skinicons.wide/resources/Setup/installskins.jpg</property>
			<onclick>RunPlugin(plugin://script.diggzskins)</onclick>
			<property name="path">RunPlugin(plugin://script.diggzskins)</property>
			<visible>[String.IsEqual(System.ProfileName,Master user)] + String.IsEqual(Container(9000).ListItem.Property(submenuVisibility),installfenflix)</visible>
			<property name="isSubmenu">True</property>
			</item>
		<item id="1">
			<property name="id">$NUMBER[1]</property>
			<property name="mainmenuid">8</property>
			<label>Apply Skin</label>
			<label2>Custom item</label2>
			<icon>DefaultShortcut.png</icon>
			<thumb />
			<property name="background">special://home/addons/resource.images.skinicons.wide/resources/Setup/installskins.jpg</property>
			<property name="backgroundName">special://home/addons/resource.images.skinicons.wide/resources/Setup/installskins.jpg</property>
			<onclick>RunPlugin(plugin://script.diggzskins)</onclick>
			<property name="path">RunPlugin(plugin://script.diggzskins)</property>
			<visible>[String.IsEqual(System.ProfileName,Master user)] + String.IsEqual(Container(9000).ListItem.Property(submenuVisibility),installserenflix)</visible>
			<property name="isSubmenu">True</property>
			</item>
		<item id="1">
			<property name="id">$NUMBER[1]</property>
			<property name="mainmenuid">9</property>
			<label>Apply Skin</label>
			<label2>Custom item</label2>
			<icon>DefaultShortcut.png</icon>
			<thumb />
			<property name="background">special://home/addons/resource.images.skinicons.wide/resources/Setup/installskins.jpg</property>
			<property name="backgroundName">special://home/addons/resource.images.skinicons.wide/resources/Setup/installskins.jpg</property>
			<onclick>RunPlugin(plugin://script.diggzskins)</onclick>
			<property name="path">RunPlugin(plugin://script.diggzskins)</property>
			<visible>[String.IsEqual(System.ProfileName,Master user)] + String.IsEqual(Container(9000).ListItem.Property(submenuVisibility),installumbrellaflix)</visible>
			<property name="isSubmenu">True</property>
			</item>
		<item id="1">
			<property name="id">$NUMBER[1]</property>
			<property name="mainmenuid">10</property>
			<label>Apply Skin</label>
			<label2>Custom item</label2>
			<icon>DefaultShortcut.png</icon>
			<thumb />
			<property name="background">special://home/addons/resource.images.skinicons.wide/resources/Setup/installskins.jpg</property>
			<property name="backgroundName">special://home/addons/resource.images.skinicons.wide/resources/Setup/installskins.jpg</property>
			<onclick>RunPlugin(plugin://script.diggzskins)</onclick>
			<property name="path">RunPlugin(plugin://script.diggzskins)</property>
			<visible>[String.IsEqual(System.ProfileName,Master user)] + String.IsEqual(Container(9000).ListItem.Property(submenuVisibility),installdiggzflix2)</visible>
			<property name="isSubmenu">True</property>
			</item>
		<item id="1">
			<property name="id">$NUMBER[1]</property>
			<property name="mainmenuid">11</property>
			<label>Apply Skin</label>
			<label2>Custom item</label2>
			<icon>DefaultShortcut.png</icon>
			<thumb />
			<property name="background">special://home/addons/resource.images.skinicons.wide/resources/Setup/installskins.jpg</property>
			<property name="backgroundName">special://home/addons/resource.images.skinicons.wide/resources/Setup/installskins.jpg</property>
			<onclick>RunPlugin(plugin://script.diggzskins)</onclick>
			<property name="path">RunPlugin(plugin://script.diggzskins)</property>
			<visible>[String.IsEqual(System.ProfileName,Master user)] + String.IsEqual(Container(9000).ListItem.Property(submenuVisibility),installarcticflix)</visible>
			<property name="isSubmenu">True</property>
			</item>
		<item id="1">
			<property name="id">$NUMBER[1]</property>
			<property name="mainmenuid">12</property>
			<label>Apply Skin</label>
			<label2>Custom item</label2>
			<icon>DefaultShortcut.png</icon>
			<thumb />
			<property name="background">special://home/addons/resource.images.skinicons.wide/resources/Setup/installskins.jpg</property>
			<property name="backgroundName">special://home/addons/resource.images.skinicons.wide/resources/Setup/installskins.jpg</property>
			<onclick>RunPlugin(plugin://script.diggzskins)</onclick>
			<property name="path">RunPlugin(plugin://script.diggzskins)</property>
			<visible>[String.IsEqual(System.ProfileName,Master user)] + String.IsEqual(Container(9000).ListItem.Property(submenuVisibility),installeminence)</visible>
			<property name="isSubmenu">True</property>
			</item>
		<item id="1">
			<property name="id">$NUMBER[1]</property>
			<property name="mainmenuid">13</property>
			<label>Apply Skin</label>
			<label2>Favourite</label2>
			<icon>DefaultFolder.png</icon>
			<thumb>special://home/addons\script.diggzskins\icon.png</thumb>
			<property name="translatedPath">PlayMedia("plugin://script.diggzskins/?url=url&amp;mode=1&amp;name=%2A%2AClick+here+to+Switch+skin%2A%2A+&amp;iconimage=C%3A%5CUsers%5Cjeddi%5CAppData%5CRoaming%5CKodi%5Caddons%5Cscript.diggzskins%5Cicon.png&amp;fanart=C%3A%5CUsers%5Cjeddi%5CAppData%5CRoaming%5CKodi%5Caddons%5Cscript.diggzskins%5Cfanart.jpg&amp;sf_options=winID%3D10025%26_options_sf")</property>
			<property name="background">special://home/addons/resource.images.skinicons.wide/resources/Setup/installskins.jpg</property>
			<property name="backgroundName">special://home/addons/resource.images.skinicons.wide/resources/Setup/installskins.jpg</property>
			<onclick>PlayMedia("plugin://script.diggzskins/?url=url&amp;mode=1&amp;name=%2A%2AClick+here+to+Switch+skin%2A%2A+&amp;iconimage=C%3A%5CUsers%5Cjeddi%5CAppData%5CRoaming%5CKodi%5Caddons%5Cscript.diggzskins%5Cicon.png&amp;fanart=C%3A%5CUsers%5Cjeddi%5CAppData%5CRoaming%5CKodi%5Caddons%5Cscript.diggzskins%5Cfanart.jpg&amp;sf_options=winID%3D10025%26_options_sf")</onclick>
			<property name="path">PlayMedia("plugin://script.diggzskins/?url=url&amp;mode=1&amp;name=%2A%2AClick+here+to+Switch+skin%2A%2A+&amp;iconimage=C%3A%5CUsers%5Cjeddi%5CAppData%5CRoaming%5CKodi%5Caddons%5Cscript.diggzskins%5Cicon.png&amp;fanart=C%3A%5CUsers%5Cjeddi%5CAppData%5CRoaming%5CKodi%5Caddons%5Cscript.diggzskins%5Cfanart.jpg&amp;sf_options=winID%3D10025%26_options_sf")</property>
			<visible>[String.IsEqual(System.ProfileName,Master user)] + String.IsEqual(Container(9000).ListItem.Property(submenuVisibility),installfentastic)</visible>
			<property name="isSubmenu">True</property>
			</item>
		<item id="1">
			<property name="id">$NUMBER[1]</property>
			<property name="mainmenuid">14</property>
			<label>Apply Skin</label>
			<label2>Custom item</label2>
			<icon>DefaultShortcut.png</icon>
			<thumb />
			<property name="background">special://home/addons/resource.images.skinicons.wide/resources/Setup/installskins.jpg</property>
			<property name="backgroundName">special://home/addons/resource.images.skinicons.wide/resources/Setup/installskins.jpg</property>
			<onclick>RunPlugin(plugin://script.diggzskins)</onclick>
			<property name="path">RunPlugin(plugin://script.diggzskins)</property>
			<visible>[String.IsEqual(System.ProfileName,Master user)] + String.IsEqual(Container(9000).ListItem.Property(submenuVisibility),installphenomenal)</visible>
			<property name="isSubmenu">True</property>
			</item>
		<item id="1">
			<property name="id">$NUMBER[1]</property>
			<property name="mainmenuid">15</property>
			<label>Apply Skin</label>
			<label2>Custom item</label2>
			<icon>DefaultShortcut.png</icon>
			<thumb />
			<property name="background">special://home/addons/resource.images.skinicons.wide/resources/Setup/installskins.jpg</property>
			<property name="backgroundName">special://home/addons/resource.images.skinicons.wide/resources/Setup/installskins.jpg</property>
			<onclick>RunPlugin(plugin://script.diggzskins)</onclick>
			<property name="path">RunPlugin(plugin://script.diggzskins)</property>
			<visible>[String.IsEqual(System.ProfileName,Master user)] + String.IsEqual(Container(9000).ListItem.Property(submenuVisibility),installdiggzkids)</visible>
			<property name="isSubmenu">True</property>
			</item>
		</include>
	<include />
	<include name="skinshortcuts-submenu-1" />
	<include />
	<include name="skinshortcuts-submenu-2" />
	</includes>
