<?xml version="1.0" encoding="UTF-8"?>
<window>
	<defaultcontrol always="true">9000</defaultcontrol>
	<controls>
		<include>fade_screen_grey</include>
		<control type="group">
			<posx>360</posx>
			<posy>80</posy>
			<include>dialog_zoom_animation</include>
			<include>big_dialog</include>
			<control type="label" id="1">
				<description>heading label</description>
				<posx>0</posx>
				<posy>20</posy>
				<width>1200</width>
				<height>45</height>
				<align>center</align>
				<aligny>center</aligny>
				<font>font-30</font>
				<label></label>
				<textcolor>white</textcolor>
			</control>
			<control type="label">
				<left>22</left>
				<top>90</top>
				<width>1130</width>
				<height>52</height>
				<font>font-20</font>
				<include>align_tag</include>
				<aligny>center</aligny>
				<scroll>false</scroll>
				<textcolor>grey_b</textcolor>
				<label>$INFO[Container(3).NumItems] $LOCALIZE[31099] ($LOCALIZE[31132] $INFO[Container(3).CurrentPage]/$INFO[Container(3).NumPages])</label>
				<visible>Control.IsVisible(3)</visible>
			</control> 
			<control type="label">
				<left>22</left>
				<top>90</top>
				<width>1130</width>
				<height>52</height>
				<font>font-20</font>
				<include>align_tag</include>
				<aligny>center</aligny>
				<scroll>false</scroll>
				<textcolor>grey_b</textcolor>
				<label>$INFO[Container(6).NumItems] $LOCALIZE[31099] ($LOCALIZE[31132] $INFO[Container(6).CurrentPage]/$INFO[Container(6).NumPages])</label>
				<visible>Control.IsVisible(6)</visible>
			</control>
			
			<control type="group" id="9000">
				<control type="list" id="3">
					<posx>22</posx>
					<posy>150</posy>
					<width>1155</width>
					<height>735</height>
					<onup>3</onup>
					<ondown>3</ondown>
					<onleft>5</onleft>
					<onright>60</onright>
					<pagecontrol>60</pagecontrol>
					<scrolltime>200</scrolltime>
					<itemlayout height="67">
						<control type="label">
							<posx>15</posx>
							<posy>0</posy>
							<width>1130</width>
							<height>45</height>
							<font>font-20</font>
							<include>align_tag</include>
							<aligny>center</aligny>
							<textcolor>lightgrey</textcolor>
							<selectedcolor>$VAR[main_color]</selectedcolor>
							<label>$INFO[ListItem.Label]</label>
						</control>
					</itemlayout>
					<focusedlayout height="67">
						<control type="image">
							<posx>0</posx>
							<posy>0</posy>
							<width>1155</width>
							<height>60</height>
							<texture colordiffuse="$VAR[main_color]" background="true">white.png</texture>
							<animation effect="fade" start="100" end="50" time="200" condition="!Control.HasFocus(3)">Conditional</animation>
						</control>
						<control type="label">
							<posx>15</posx>
							<posy>0</posy>
							<width>1130</width>
							<height>45</height>
							<font>font-20</font>
							<include>align_tag</include>
							<aligny>center</aligny>
							<textcolor>white</textcolor>
							<selectedcolor>white</selectedcolor>
							<label>$INFO[ListItem.Label]</label>
						</control>
					</focusedlayout>
				</control>
				<control type="list" id="6">
					<posx>22</posx>
					<posy>150</posy>
					<width>1155</width>
					<height>730</height>
					<onup>6</onup>
					<ondown>6</ondown>
					<onleft>9001</onleft>
					<onright>60</onright>
					<pagecontrol>60</pagecontrol>
					<scrolltime>200</scrolltime>
					<itemlayout width="1155" height="135">
						<control type="image">
							<posx>5</posx>
							<posy>5</posy>
							<width>115</width>
							<height>115</height>
							<texture background="true" fallback="defaultaddon.png">$INFO[ListItem.Icon]</texture>
						</control>
						<control type="label">
							<posx>133</posx>
							<posy>7</posy>
							<width>1000</width>
							<height>45</height>
							<font>font-20</font>
							<include>align_tag</include>
							<aligny>center</aligny>
							<selectedcolor>$VAR[main_color]</selectedcolor>
							<label>$INFO[ListItem.Label]</label>
						</control>
						<control type="textbox">
							<posx>133</posx>
							<posy>40</posy>
							<width>1000</width>
							<height>75</height>
							<font>font-20</font>
							<include>align_tag</include>
							<aligny>center</aligny>
							<selectedcolor>$VAR[main_color]</selectedcolor>
							<label>$INFO[ListItem.AddonSummary]</label>
						</control>
					</itemlayout>
					<focusedlayout width="1155" height="135">
						<control type="image">
							<left>0</left>
							<top>0</top>
							<width>1155</width>
							<height>125</height>
							<texture colordiffuse="$VAR[main_color]">white.png</texture>
							<animation effect="fade" start="100" end="50" time="200" condition="!Control.HasFocus(6)">Conditional</animation>
						</control>
						<control type="image">
							<posx>5</posx>
							<posy>5</posy>
							<width>115</width>
							<height>115</height>
							<texture background="true" fallback="defaultaddon.png">$INFO[ListItem.Icon]</texture>
						</control>
						<control type="label">
							<posx>133</posx>
							<posy>7</posy>
							<width>1000</width>
							<height>45</height>
							<font>font-20</font>
							<include>align_tag</include>
							<aligny>center</aligny>
							<textcolor>white</textcolor>
							<selectedcolor>white</selectedcolor>
							<label>$INFO[ListItem.Label]</label>
						</control>
						<control type="textbox">
							<posx>133</posx>
							<posy>40</posy>
							<width>1000</width>
							<height>75</height>
							<font>font-20</font>
							<include>align_tag</include>
							<aligny>center</aligny>
							<textcolor>white</textcolor>
							<selectedcolor>white</selectedcolor>
							<label>$INFO[ListItem.AddonSummary]</label>
						</control>
					</focusedlayout>
				</control>
			</control>
			<control type="grouplist" id="9001">
				<posx>15</posx>
				<posy>885</posy>
				<width>420</width>
				<height>55</height>
				<align>center</align>
				<itemgap>5</itemgap>
				<onleft>60</onleft>
				<onright>3</onright>
				<ondown>9001</ondown>
				<onup>9001</onup>
				<control type="button" id="5">
					<description>Get More..</description>
					<width>200</width>
					<label>186</label>
					<textoffsetx>5</textoffsetx>
					<focusedcolor>white</focusedcolor>
					<texturefocus>white2.png</texturefocus>
					<texturenofocus>-</texturenofocus>
					<include>button_dialogs</include>
				</control>
			</control>
			<control type="scrollbar" id="60">
				<posx>1182</posx>
				<posy>150</posy>
				<width>8</width>
				<height>720</height>
				<include>scroll_bar</include>
				<showonepage>false</showonepage>
				<orientation>vertical</orientation>
				<onleft>6</onleft>
				<onright>9001</onright>
				<ondown>60</ondown>
				<onup>60</onup>
			</control>

		</control>
	</controls>
</window>
