<?xml version="1.0" encoding="UTF-8"?>
<includes>
	<include name="skin_home">
		<control type="multiimage">
			<posx>0</posx>
			<posy>0</posy>
			<width>1920</width>
			<height>1080</height>
			<imagepath background="true">$VAR[varBackground]</imagepath>
			<aspectratio aligny="top">scale</aspectratio>
			<timeperimage>5000</timeperimage>
			<randomize>true</randomize>
			<fadetime>600</fadetime>
			<visible>!Player.HasVideo + !Player.HasAudio + !Control.HasFocus(9001)</visible>
		</control>
		<control type="multiimage">
			<posx>0</posx>
			<posy>0</posy>
			<width>1920</width>
			<height>1080</height>
			<imagepath background="true">$VAR[varBackground2]</imagepath>
			<aspectratio aligny="top">scale</aspectratio>
			<timeperimage>5000</timeperimage>
			<randomize>true</randomize>
			<fadetime>600</fadetime>
			<visible>!Player.HasVideo + !Player.HasAudio + Control.HasFocus(9001)</visible>
		</control>
		<control type="image">
			<aspectratio>scale</aspectratio>
			<fadetime>400</fadetime>
			<animation effect="fade" start="0" end="100" time="400">WindowOpen</animation>
			<animation effect="fade" start="100" end="0" time="300">WindowClose</animation>
			<texture background="true">$INFO[Player.Art(fanart)]</texture>
			<visible>String.IsEmpty(Window(Visualisation).Property(ArtistSlideshow.Image))</visible>
		</control>
		<control type="image">
			<aspectratio>scale</aspectratio>
			<fadetime>400</fadetime>
			<animation effect="fade" start="0" end="100" time="400">WindowOpen</animation>
			<animation effect="fade" start="100" end="0" time="300">WindowClose</animation>
			<texture background="true">$INFO[Window(Visualisation).Property(ArtistSlideshow.Image)]</texture>
			<visible>!String.IsEmpty(Window(Visualisation).Property(ArtistSlideshow.Image))</visible>
		</control>
		<control type="multiimage">
			<aspectratio>scale</aspectratio>
			<timeperimage>10000</timeperimage>
			<randomize>true</randomize>
			<fadetime>600</fadetime>
			<loop>yes</loop>
			<imagepath background="true">$INFO[Window(Visualisation).Property(ArtistSlideshow)]</imagepath>
			<visible>!String.IsEmpty(Window(Visualisation).Property(ArtistSlideshow.ArtworkReady)</visible>
		</control>
		<include>hex_fanart</include>
		<include>FS_Video</include>
		<control type="visualisation">
			<description>visualisation</description>
			<posx>0</posx>
			<posy>0</posy>
			<width>1920</width>
			<height>1080</height>
			<visible>Player.HasAudio + String.IsEmpty(Window(Videos).Property(PlayingBackgroundMedia))</visible>
		</control>
		<control type="group">
			<include condition="system.getbool(lookandfeel.enablerssfeeds) + !Skin.HasSetting(Home_Horizontal)">RSS</include>
			<include condition="Skin.HasSetting(Home_Horizontal)">Home_Horizontal</include>
			<include condition="!Skin.HasSetting(Home_Horizontal)">Home_Vertical</include>
			<!-- <include condition="system.getbool(lookandfeel.enablerssfeeds) + Skin.HasSetting(Home_Horizontal)">RSS</include> -->
			<include>top_bar_home</include>
			<control type="label">
				<description>Widget Debug</description>
				<posx>10</posx>
				<width>1910</width>
				<height>802</height>
				<textcolor>white</textcolor>
				<shadowcolor>black</shadowcolor>
				<font>font13</font>
				<align>left</align>
				<label>Parent: $INFO[Container(9000).ListItem.Property(ParentalControl)] [CR] mypassword: $INFO[Skin.String(mypassword)] passcode: $INFO[Skin.String(passcode)] [CR]Property(Background):[CR] $INFO[Container(9000).ListItem.Property(Background)] [CR] special://skin/backgrounds/weather/$INFO[Window(Weather).Property(Current.FanartCode)]/weather-$INFO[Window(Weather).Property(Current.FanartCode)].jpg [CR] widgetType: $INFO[Container(9000).ListItem.Property(widgetType)] [CR]widgetTarget: $INFO[Container(9000).ListItem.Property(widgetTarget)] [CR]Path: $INFO[Container(9000).ListItem.Property(widgetPath)] [CR]Widget: $INFO[Container(9000).ListItem.Property(Widget)] [CR]Type: $INFO[Container(9000).ListItem.Property(widgetType)]</label>
				<visible>False</visible>
			</control>
		</control>
	</include>
</includes>
