{
    "Install And Authorize Addons": {
        "icon": "https://techwiser.com/wp-content/uploads/2020/09/trakt-logo.png",
        "items": [
            {
                "name": "[COLOR chartreuse]Step 1 - Install The Supported Addons You Use Here[/COLOR]",
                "items": [
            {
                "name": "Install FEN Light (DEBRID ONLY)",
                "url": "installaddon(plugin.video.fenlight)"
            },			
            {
                "name": "Install Seren (DEBRID ONLY)",
                "url": "installaddon(plugin.video.seren)"
            },
            {
                "name": "Install Umbrella (DEBRID ONLY)",
                "url": "installaddon(plugin.video.umbrella)"
            },
            {
                "name": "Install POV (DEBRID ONLY)",
                "url": "installaddon(plugin.video.pov)"
            },
            {
                "name": "Install Dradis (DEBRID ONLY)",
                "url": "installaddon(plugin.video.dradis)"
            },						
            {
                "name": "Install The Crew (Debrid ONLY)",
                "url": "installaddon(plugin.video.thecrew)"
            },
            {
                "name": "Install Homelander (DEBRID ONLY)",
                "url": "installaddon(plugin.video.thecrew)"
            },
            {
                "name": "Install Diggz Free99 (FREE)",
                "url": "installaddon(plugin.video.thecrew)"
            },
            {
                "name": "Install Elementum (Free Torrents- VPN Required!!)",
                "url": "installaddon(plugin.video.elementum)"
            }
                ]
            },
            {
                "name": "- Use Account Manager to Authorize All Addons (TESTING)",
                "items": [
                    {
                        "name": "Open Account Manager",
                        "url": "Addon.OpenSettings(script.module.accountmgr)"
                    }
                ]
            },
            {
                "name": "- Manually Authorize Addons",
                "items": [
            {
                "name": "TMDBH Settings",
                "url": "addon.opensettings(plugin.video.themoviedb.helper)"
            },		
            {
                "name": "Fen Light AM Settings",
                "url": "RunPlugin(plugin://plugin.video.fenlight/?mode=open_settings)"
            },			
            {
                "name": "Seren Settings",
                "url": "Addon.OpenSettings(plugin.video.seren)"
            },
            {
                "name": "Umbrella Settings",
                "url": "Addon.OpenSettings(plugin.video.umbrella)"
            },
            {
                "name": "POV Settings",
                "url": "Addon.OpenSettings(plugin.video.pov)"
            },
            {
                "name": "Dradis Settings",
                "url": "Addon.OpenSettings(plugin.video.dradis)"
            },						
            {
                "name": "ResolveURL Settings",
                "url": "Addon.OpenSettings(script.module.resolveurl)"
            },
            {
                "name": "The Crew Settings",
                "url": "Addon.OpenSettings(plugin.video.thecrew)"
            },
            {
                "name": "Diggz Free99 Settings",
                "url": "Addon.OpenSettings(plugin.video.fre99)"
            },
            {
                "name": "Elementum Settings",
                "url": "Addon.OpenSettings(plugin.video.elementum)"
            }	
                ]
            }
        ]
    }
}