<?xml version="1.0" encoding="UTF-8"?>
<shortcuts>
	<shortcut>
		<label>Exit Xenon</label>
		<label2 />
		<icon />
		<action>ActivateWindow(10001,"plugin://plugin.program.chef21/?description=%5bB%5d%5bCOLOR%20snow%5dForce%20Close%20Kodi%5b%2fCOLOR%5d%5b%2fB%5d&amp;fanart=C%3a%5cUsers%5cjeddi%5cAppData%5cRoaming%5cKodi%5caddons%5cplugin.program.chef21%5cresources%5cfanart.jpg&amp;icon=C%3a%5cUsers%5cjeddi%5cAppData%5cRoaming%5cKodi%5caddons%5cplugin.program.chef21%5cresources%5cicon.png&amp;mode=18&amp;name=%5bB%5d%5bCOLOR%20snow%5dForce%20Close%5b%2fCOLOR%5d%5b%2fB%5d&amp;name2&amp;url&amp;version",return)</action>
	</shortcut>
	<shortcut>
		<label>20150</label>
		<label2 />
		<icon />
		<action>AlarmClock(shutdowntimer,Shutdown())</action>
	</shortcut>
	<shortcut>
		<label>20151</label>
		<label2>$INFO[System.Alarmpos, (,)]</label2>
		<icon />
		<action>CancelAlarm(shutdowntimer)</action>
	</shortcut>
	<shortcut>
		<label>31576</label>
		<label2 />
		<icon />
		<action>RebootFromNand</action>
		<visible>System.Platform.Linux</visible>
	</shortcut>
	<shortcut>
		<label>20126</label>
		<label2>$INFO[system.profilename]</label2>
		<icon />
		<action>System.LogOff</action>
	</shortcut>
	<shortcut>
		<label>20046</label>
		<label2 />
		<icon />
		<action>Mastermode</action>
		<visible>System.IsMaster</visible>
	</shortcut>
	<shortcut>
		<label>20045</label>
		<label2 />
		<icon />
		<action>Mastermode</action>
		<visible>!System.IsMaster</visible>
	</shortcut>
	<shortcut>
		<label>13017</label>
		<label2 />
		<icon />
		<action>InhibitIdleShutdown(true)</action>
	</shortcut>
	<shortcut>
		<label>13018</label>
		<label2 />
		<icon />
		<action>InhibitIdleShutdown(false)</action>
	</shortcut>
	<shortcut>
		<label>20183</label>
		<label2 />
		<icon />
		<action>ReloadSkin()</action>
	</shortcut>
	<shortcut>
		<label>20077</label>
		<label2 />
		<icon />
		<action>ActivateWindow(skinsettings)</action>
	</shortcut>
</shortcuts>
