<?xml version="1.0" encoding="UTF-8"?>
<includes>

    <expression name="Exp_View_10">[False]</expression>
    <expression name="Exp_View_10_Include">False</expression>
    <expression name="Exp_View_12">[False]</expression>
    <expression name="Exp_View_12_Include">False</expression>
    <expression name="Exp_View_50">[[Container.Content(images) + [[String.IsEmpty(Container.PluginName)] | [!String.IsEmpty(Container.PluginName) + !String.IsEqual(Container.PluginName,plugin.video.4kwallpapers)]]] | [Container.Content(videos) + [[String.IsEmpty(Container.PluginName)] | [!String.IsEmpty(Container.PluginName)]]] | [Container.Content(sets) + [[String.IsEmpty(Container.PluginName)] | [!String.IsEmpty(Container.PluginName)]]] | [Container.Content(seasons) + [[String.IsEmpty(Container.PluginName)] | [!String.IsEmpty(Container.PluginName)]]] | [!Window.IsVisible(MyMusicNav.xml) + Container.Content(files) + [[String.IsEmpty(Container.PluginName)] | [!String.IsEmpty(Container.PluginName)]]] | [Container.Content(artists) + [[String.IsEmpty(Container.PluginName)] | [!String.IsEmpty(Container.PluginName)]]] | [Container.Content(albums) + [[String.IsEmpty(Container.PluginName)] | [!String.IsEmpty(Container.PluginName)]]] | [Container.Content(songs) + [[String.IsEmpty(Container.PluginName)] | [!String.IsEmpty(Container.PluginName)]]] | [!Window.IsVisible(MyMusicNav.xml) + Container.Content(genres) + [[String.IsEmpty(Container.PluginName)] | [!String.IsEmpty(Container.PluginName)]]] | [Container.Content(musicvideos) + [[String.IsEmpty(Container.PluginName)] | [!String.IsEmpty(Container.PluginName)]]] | [Container.Content(games) + [[String.IsEmpty(Container.PluginName)] | [!String.IsEmpty(Container.PluginName)]]] | [Container.Content() + Window.IsVisible(MyVideoNav.xml) + [[String.IsEmpty(Container.PluginName)] | [!String.IsEmpty(Container.PluginName)]]] | [Container.Content() + [[String.IsEmpty(Container.PluginName)] | [!String.IsEmpty(Container.PluginName)]]] | [Container.Content(playlists) + [[String.IsEmpty(Container.PluginName)] | [!String.IsEmpty(Container.PluginName)]]] | [Container.Content(actors) + [[String.IsEmpty(Container.PluginName)] | [!String.IsEmpty(Container.PluginName)]]] | [Container.Content(directors) + [[String.IsEmpty(Container.PluginName)] | [!String.IsEmpty(Container.PluginName)]]] | [Container.Content(studios) + [[String.IsEmpty(Container.PluginName)] | [!String.IsEmpty(Container.PluginName)]]] | [Container.Content(years) + [[String.IsEmpty(Container.PluginName)] | [!String.IsEmpty(Container.PluginName)]]] | [Container.Content(tags) + [[String.IsEmpty(Container.PluginName)] | [!String.IsEmpty(Container.PluginName)]]] | [Container.Content(countries) + [[String.IsEmpty(Container.PluginName)] | [!String.IsEmpty(Container.PluginName)]]] | [Container.Content(videoversions) + [[String.IsEmpty(Container.PluginName)] | [!String.IsEmpty(Container.PluginName)]]] | [Container.Content(movies) + [String.IsEqual(Container.PluginName,plugin.video.the-loop)]]]</expression>
    <expression name="Exp_View_50_Include">True</expression>
    <expression name="Exp_View_51">[False]</expression>
    <expression name="Exp_View_51_Include">False</expression>
    <expression name="Exp_View_52">[False]</expression>
    <expression name="Exp_View_52_Include">False</expression>
    <expression name="Exp_View_56">[False]</expression>
    <expression name="Exp_View_56_Include">False</expression>
    <expression name="Exp_View_450">[False]</expression>
    <expression name="Exp_View_450_Include">False</expression>
    <expression name="Exp_View_500">[[Container.Content(images) + [String.IsEqual(Container.PluginName,plugin.video.4kwallpapers)]]]</expression>
    <expression name="Exp_View_500_Include">True</expression>
    <expression name="Exp_View_501">[False]</expression>
    <expression name="Exp_View_501_Include">False</expression>
    <expression name="Exp_View_503">[False]</expression>
    <expression name="Exp_View_503_Include">False</expression>
    <expression name="Exp_View_504">[[Container.Content(episodes) + [[String.IsEmpty(Container.PluginName)] | [!String.IsEmpty(Container.PluginName)]]]]</expression>
    <expression name="Exp_View_504_Include">True</expression>
    <expression name="Exp_View_505">[False]</expression>
    <expression name="Exp_View_505_Include">False</expression>
    <expression name="Exp_View_506">[False]</expression>
    <expression name="Exp_View_506_Include">False</expression>
    <expression name="Exp_View_507">[False]</expression>
    <expression name="Exp_View_507_Include">False</expression>
    <expression name="Exp_View_508">[False]</expression>
    <expression name="Exp_View_508_Include">False</expression>
    <expression name="Exp_View_509">[False]</expression>
    <expression name="Exp_View_509_Include">False</expression>
    <expression name="Exp_View_510">[False]</expression>
    <expression name="Exp_View_510_Include">False</expression>
    <expression name="Exp_View_511">[False]</expression>
    <expression name="Exp_View_511_Include">False</expression>
    <expression name="Exp_View_512">[False]</expression>
    <expression name="Exp_View_512_Include">False</expression>
    <expression name="Exp_View_513">[False]</expression>
    <expression name="Exp_View_513_Include">False</expression>
    <expression name="Exp_View_514">[False]</expression>
    <expression name="Exp_View_514_Include">False</expression>
    <expression name="Exp_View_515">[[Container.Content(movies) + [[String.IsEmpty(Container.PluginName)] | [!String.IsEmpty(Container.PluginName) + !String.IsEqual(Container.PluginName,plugin.video.the-loop)]]] | [Container.Content(tvshows) + [[String.IsEmpty(Container.PluginName)] | [!String.IsEmpty(Container.PluginName)]]]]</expression>
    <expression name="Exp_View_515_Include">True</expression>
    <expression name="Exp_View_532">[False]</expression>
    <expression name="Exp_View_532_Include">False</expression>
    <expression name="Exp_View_550">[[Container.Content(addons) + [[String.IsEmpty(Container.PluginName)] | [!String.IsEmpty(Container.PluginName)]]]]</expression>
    <expression name="Exp_View_550_Include">True</expression>
    <expression name="Exp_View_551">[False]</expression>
    <expression name="Exp_View_551_Include">False</expression>
    <expression name="Exp_View_560">[False]</expression>
    <expression name="Exp_View_560_Include">False</expression>
    <expression name="Exp_View_570">[False]</expression>
    <expression name="Exp_View_570_Include">False</expression>
    <expression name="Exp_View_724">[False]</expression>
    <expression name="Exp_View_724_Include">False</expression>
    <expression name="Exp_View_732">[False]</expression>
    <expression name="Exp_View_732_Include">False</expression>
    <expression name="Exp_View_5010">[False]</expression>
    <expression name="Exp_View_5010_Include">False</expression>
    <expression name="Exp_View_5040">[False]</expression>
    <expression name="Exp_View_5040_Include">False</expression>
    <expression name="Exp_View_5060">[False]</expression>
    <expression name="Exp_View_5060_Include">False</expression>
</includes>