<?xml version="1.0" encoding="UTF-8"?>
<addon
  id="skin.xenonburst"
  version="7.1.2"
  name="[B][COLOR gold]Xenon Burst[/COLOR][/B]  (Mid Power)"
  provider-name="Helly,bsoriano">
  <requires>
    <import addon="xbmc.gui" version="5.17.0"/>	
  </requires>
  <extension
    point="xbmc.gui.skin"
    debugging="false"
    effectslowdown=".5">
    <res width="1920" height="1080" aspect="16:9" default="true" folder="xml" />
  </extension>
  <extension point="xbmc.addon.metadata">
    <summary lang="en">eXtended MOD of Confluence skin originally by Jezz_X and CCM by Mudislander.</summary>
    <summary lang="en_US">eXtended MOD of Confluence skin originally by Jezz_X and CCM by Mudislander.</summary>
    <description lang="en">Xenon is a MOD of Confluence to enable a greater degree of user customisation to the default skin (based by Mudislander's CCM).</description>
    <description lang="en_US">Xenon is a MOD of Confluence to enable a greater degree of user customisation to the default skin (based by Mudislander's CCM).</description>
    <disclaimer lang="en">You break it - You get to keep the pieces</disclaimer>
    <disclaimer lang="en_US">You break it - You get to keep the pieces</disclaimer>
    <platform>all</platform>
	  <license>GNU General Public License version 2</license>
	  <forum>https://forum.kodi.tv/showthread.php?tid=346302</forum>
	  <website></website>
	  <email></email>
	  <source>https://github.com/bartolomesoriano/skin.xenonburst</source>
    <assets>
      <icon>resources/icon.png</icon>
      <fanart>resources/fanart.jpg</fanart>
	    <screenshot>resources/screenshot-01.jpg</screenshot>
    </assets>
    <news>See changelog for latest changes</news>
  </extension>
</addon>
