{
    "Step 1- Install The Supported Addons You Use Here": {
        "icon": "https://kodiapps.com/sharex/dllhost_2020-02-05_12-07-32.jpg",
        "items": [
            {
                "name": "Install FEN Light (DEBRID ONLY)",
                "url": "installaddon(plugin.video.fenlight)"
            },			
            {
                "name": "Install Seren (DEBRID ONLY)",
                "url": "installaddon(plugin.video.seren)"
            },
            {
                "name": "Install Umbrella (DEBRID ONLY)",
                "url": "installaddon(plugin.video.umbrella)"
            },
            {
                "name": "Install POV (DEBRID ONLY)",
                "url": "installaddon(plugin.video.pov)"
            },
            {
                "name": "Install Dradis (DEBRID ONLY)",
                "url": "installaddon(plugin.video.dradis)"
            },
            {
                "name": "Install Elementum (Free Torrents- VPN Required!!)",
                "url": "installaddon(plugin.video.elementum)"
            }			
        ]
    },
    "Step 2- Authorize Debrid And Trakt": {
        "icon": "https://techwiser.com/wp-content/uploads/2020/09/trakt-logo.png",
        "items": [
			{
                "name": "<><> [COLOR blue][B]Authorize The Addons You Use Here..[/B][/COLOR] <><>",
                "url": ""
            },
            {
                "name": "Authorize TMDBH Trakt -Not Saved-Please Re-Authorize",
                "url": "RunScript(plugin.video.themoviedb.helper,authenticate_trakt)"
            },
            {
                "name": "Authorize FEN Light Debrid And Trakt -Saved",
                "url": "Addon.OpenSettings(plugin.video.fenlight)"
            },
            {
                "name": "Authorize Umbrella Debrid And Trakt -Saved",
                "url": "Addon.OpenSettings(plugin.video.umbrella)"
            },
            {
                "name": "Authorize POV Debrid And Trakt -Saved",
                "url": "Addon.OpenSettings(plugin.video.pov)"
            },
            {
                "name": "Authorize Dradis Debrid And Trakt -Saved",
                "url": "Addon.OpenSettings(plugin.video.dradis)"
            },
            {
                "name": "Authorize Seren Debrid And Trakt -Saved",
                "url": "Addon.OpenSettings(plugin.video.seren)"
            },
            {
                "name": "Authorize ResolveUrl Debrid -Saved",
                "url": "Addon.OpenSettings(script.module.resolveurl)"
            },
            {
                "name": "Authorize The Crew Trakt -Saved",
                "url": "RunPlugin(plugin://plugin.video.thecrew/?action=authTrakt)"
            },
            {
                "name": "Authorize Homelander Trakt -Saved",
                "url": "RunPlugin(plugin://plugin.video.homelander/?action=authTrakt)"
            },
            {
                "name": "Authorize Scrubs Trakt -Not Saved",
                "url": "RunPlugin(plugin://plugin.video.scrubsv2/?action=auth_trakt)"
            },
			{
                "name": "Authorize Kodi Library Trakt Addon -Not Saved",
                "url": "RunScript(script.trakt,action=auth_info)"
            }
        ]
    }
}