{
    "favourites.xml": {
        "name": "Favourites",
        "setting": "savefavs",
        "path": "user_path"
    },
    "weather.openmeteo": {
        "name": "Weather-Open Meteo",
        "setting": "savedata",
        "path": "data_path"
    },
    "weather.gismeteo": {
        "name": "Weather-Gismeteo",
        "setting": "savedata",
        "path": "data_path"
    },
    "plugin.video.fenlight": {
        "name": "Fen Light",
        "setting": "savedata",
        "path": "data_path"
    },
    "plugin.video.seren": {
        "name": "Seren",
        "setting": "savedata",
        "path": "data_path"
    },
    "plugin.video.umbrella": {
        "name": "Umbrella",
        "setting": "savedata",
        "path": "data_path"
    },
    "plugin.video.pov": {
        "name": "POV",
        "setting": "savedata",
        "path": "data_path"
    },
    "plugin.video.dradis": {
        "name": "Dradis",
        "setting": "savedata",
        "path": "data_path"
    },
    "script.module.resolveurl": {
        "name": "ResolveUrl",
        "setting": "savedata",
        "path": "data_path"
    },
    "plugin.video.thecrew": {
        "name": "The Crew",
        "setting": "savedata",
        "path": "data_path"
    },
    "plugin.video.homelander": {
        "name": "Homelander",
        "setting": "savedata",
        "path": "data_path"
    },
    "plugin.video.youtube": {
        "name": "YouTube",
        "setting": "saveyoutube",
        "path": "data_path"
    }
}