<?xml version="1.0" encoding="UTF-8"?>
<window>
    <defaultcontrol always="true">500</defaultcontrol>
	<views>50,500,501,503,51</views>
	<controls>
		<!--include>fade_screen_grey</include-->
		<control type="group">
			<include>dialog_favorite_position</include>
			<include>side_dialog</include>
			<control type="label">
				<description>heading label</description>
				<posx>0</posx>
				<posy>20</posy>
				<width>400</width>
				<height>45</height>
				<align>center</align>
				<aligny>center</aligny>
				<font>font-30</font>
				<label>1036</label>
				<textcolor>white</textcolor>
			</control>
			<control type="list" id="500">
				<posx>0</posx>
				<posy>400</posy>
				<width>400</width>
				<height>670</height>
				<onup>500</onup>
				<onleft>500</onleft>
				<onright>61</onright>
				<ondown>500</ondown>
				<pagecontrol>61</pagecontrol>
				<scrolltime>200</scrolltime>
				<preloaditems>2</preloaditems>
				<itemlayout width="400" height="50">
					<control type="label">
						<posx>15</posx>
						<posy>0</posy>
						<width>320</width>
						<height>45</height>
						<font>font-20</font>
						<include>align_tag</include>
						<aligny>center</aligny>
						<textcolor>grey_b</textcolor>
						<selectedcolor>$VAR[main_color]</selectedcolor>
						<label>$INFO[ListItem.Label]</label>
					</control>
					<control type="image">
						<posx>350</posx>
						<posy>5</posy>
						<width>40</width>
						<height>40</height>
						<texture fallback="defaultFolder.png">$INFO[ListItem.Icon]</texture>
					</control>
				</itemlayout>
				<focusedlayout width="400" height="50">
					<control type="image">
						<posx>0</posx>
						<posy>0</posy>
						<width>400</width>
						<height>50</height>
						<texture background="true" colordiffuse="$VAR[main_color]">white.png</texture>
					</control>
					<control type="image">
						<posx>350</posx>
						<posy>5</posy>
						<width>40</width>
						<height>40</height>
						<texture fallback="favourites.png">$INFO[ListItem.Icon]</texture>
					</control>
					<control type="label">
						<posx>15</posx>
						<posy>0</posy>
						<width>320</width>
						<height>45</height>
						<font>font-20</font>
						<include>align_tag</include>
						<aligny>center</aligny>
						<textcolor>white</textcolor>
						<selectedcolor>$VAR[main_color]</selectedcolor>
						<label>$INFO[ListItem.Label]</label>
					</control>
				</focusedlayout>
			</control>
			<control type="scrollbar" id="61">
				<posx>870</posx>
				<posy>75</posy>
				<width>10</width>
				<height>500</height>
				<include>scroll_bar</include>
				<onleft>500</onleft>
				<onright>500</onright>
				<showonepage>false</showonepage>
				<orientation>vertical</orientation>
				<visible>false</visible>
			</control>
			<control type="image">
				<posx>72</posx>
				<posy>100</posy>
				<width>256</width>
				<height>256</height>
				<aspectratio scalediffuse="true">keep</aspectratio>
				<texture fallback="favourites.png" diffuse="thumb-diffuse.png" background="true">$INFO[Container(500).ListItem.Icon]</texture>
				<fadetime>300</fadetime>
			</control>
		</control>
	</controls>
</window>
