﻿<?xml version="1.0" encoding="UTF-8"?>
<window>
    <controls>
        <!-- Background -->
        <control type="group">
            <animation effect="zoom" start="0" end="100" time="200" center="auto" tween="quadratic" easing="out">WindowOpen</animation>
            <control type="image">
                <left>0</left>
                <top>0</top>
                <width>1920</width>
                <height>1080</height>
                <texture>common/black.png</texture>
            </control>
            <control type="image">
                <left>0</left>
                <top>0</top>
                <width>1920</width>
                <height>1080</height>
                <texture>$INFO[Window.Property(tikiskins.source_progress.fanart)]</texture>
                <animation effect="fade" start="0" end="25" time="0" tween="sine">WindowOpen</animation>
            </control>
        </control>
        <!-- POV Logo and Total Results -->
        <control type="group">
            <animation effect="fade" start="0" end="100" delay="400" time="500">WindowOpen</animation>
            <control type="image">
                <left>35</left>
                <top>20</top>
                <width>60</width>
                <height>60</height>
                <aspectratio aligny="top">keep</aspectratio>
                <texture>pov.png</texture>
            </control>
            <control type="label">
                <left>100</left>
                <top>37</top>
                <width max="355">auto</width>
                <height>20</height>
                <font>font10</font>
                <textcolor>FFFFFFFF</textcolor>
                <align>left</align>
                <aligny>center</aligny>
                <label>[UPPERCASE]$ADDON[plugin.video.pov 32970][/UPPERCASE]</label>
            </control>
        </control>
        <control type="group">
            <animation type="WindowOpen" reversible="false">
                <effect type="fade" start="0" end="100" time="150" tween="sine" easing="in" />
                <effect type="slide" start="0,1860" end="0" time="350" center="auto" tween="quadratic" easing="out" />
            </animation>
            <top>630</top>
            <width>776</width>
            <centerleft>50%</centerleft>
            <control type="image">
                <top>5</top>
                <height max="160">auto</height>
                <width max="480">auto</width>
                <aspectratio>keep</aspectratio>
                <texture>$INFO[Window.Property(tikiskins.source_progress.clearlogo)]</texture>
                <visible>!String.IsEmpty(Window.Property(tikiskins.source_progress.clearlogo))</visible>
                <centerleft>50%</centerleft>
            </control>
            <control type="label">
                <top>70</top>
                <height>20</height>
                <align>center</align>
                <aligny>center</aligny>
                <font>font60</font>
                <label>[B]$INFO[Window.Property(tikiskins.source_progress.title)][/B]</label>
                <visible>String.IsEmpty(Window.Property(tikiskins.source_progress.clearlogo))</visible>
                <textcolor>FFB7B4BB</textcolor>
                <scroll>true</scroll>
            </control>
            <control type="textbox" id="2000">
                <top>235</top>
                <height>180</height>
                <font>font12</font>
                <align>center</align>
                <textcolor>FFB7B4BB</textcolor>
            </control>
            <control type="group">
                <visible>String.IsEqual(Window.Property(tikiskins.source_progress.buttons),true)</visible>
                <top>335</top>
                <control type="button" id="10">
                    <description>True Button</description>
                    <left>35</left>
                    <width>340</width>
                    <height>70</height>
                    <onleft>11</onleft>
                    <onright>11</onright>
                    <label>[B]$INFO[Window.Property(tikiskins.source_progress.true_button)][/B]</label>
                    <font>font12</font>
                    <textcolor>FFB7B4BB</textcolor>
                    <focusedcolor>dodgerblue</focusedcolor>
                    <texturefocus colordiffuse="FFCCCCCC">common/white.png</texturefocus>
                    <texturenofocus colordiffuse="FF302F2F">common/white.png</texturenofocus>
                    <align>center</align>
                </control>
                <control type="button" id="11">
                    <description>False Button</description>
                    <left>400</left>
                    <width>340</width>
                    <height>70</height>
                    <onleft>10</onleft>
                    <onright>10</onright>
                    <label>[B]$INFO[Window.Property(tikiskins.source_progress.false_button)][/B]</label>
                    <font>font12</font>
                    <textcolor>FFB7B4BB</textcolor>
                    <focusedcolor>dodgerblue</focusedcolor>
                    <texturefocus colordiffuse="FFCCCCCC">common/white.png</texturefocus>
                    <texturenofocus colordiffuse="FF302F2F">common/white.png</texturenofocus>
                    <align>center</align>
                </control>
            </control>
            <control type="progress" id="5000">
                <description>Progressbar</description>
                <top>190</top>
                <centerleft>50%</centerleft>
                <width>480</width>
                <height>25</height>
                <reveal>true</reveal>
                <visible>!String.IsEqual(Window.Property(tikiskins.source_progress.buttons),true)</visible>
            </control>
        </control>
    </controls>
</window>

