<?xml version="1.0" encoding="UTF-8"?>
<includes>
	<!-- DialogVideoInfo -->
	<include name="InfoSublabelMovies">
		<control type="fadelabel">
			<width>1075</width>
			<height>30</height>
			<align>left</align>
			<aligny>center</aligny>
			<font>font15</font>
			<textcolor>$VAR[ThemeLabelColor]</textcolor>
			<scrollout>false</scrollout>
			<pauseatend>5500</pauseatend>
			<label>$INFO[ListItem.Tagline]</label>
			<label>$INFO[Container(9143).ListItem.Property(Awards)]</label>
			<label>$INFO[ListItem.EndTime,$LOCALIZE[31393]: ,]</label>
			<visible>!String.IsEmpty(ListItem.Tagline) + [String.IsEmpty(ListItem.OriginalTitle) | String.IsEqual(ListItem.OriginalTitle,ListItem.Title)]</visible>
		</control>
		<control type="fadelabel">
			<width>1075</width>
			<height>30</height>
			<align>left</align>
			<aligny>center</aligny>
			<font>font15</font>
			<textcolor>$VAR[ThemeLabelColor]</textcolor>
			<scroll>true</scroll>
			<scrollout>false</scrollout>
			<pauseatend>5500</pauseatend>
			<label>$INFO[ListItem.Tagline]</label>
			<label>$INFO[Container(9143).ListItem.Property(Awards)]</label>
			<label>$INFO[ListItem.EndTime,$LOCALIZE[31393]: ,]</label>
			<label>$INFO[ListItem.OriginalTitle]</label>
			<visible>!String.IsEmpty(ListItem.Tagline) + !String.IsEqual(ListItem.OriginalTitle,ListItem.Title)</visible>
		</control>
		<control type="label">
			<height>30</height>
			<font>font15</font>
			<textcolor>$VAR[ThemeLabelColor]</textcolor>
			<scroll>true</scroll>
			<label>$INFO[ListItem.EndTime,$LOCALIZE[31393]: ,]</label>
			<visible>String.IsEmpty(ListItem.Tagline) + [String.IsEmpty(ListItem.OriginalTitle) | String.IsEqual(ListItem.OriginalTitle,ListItem.Title)]</visible>
		</control>
	</include>
	<include name="InfoSublabelSets">
		<control type="label">
			<width>1175</width>
			<height>30</height>
			<align>left</align>
			<aligny>center</aligny>
			<font>font15</font>
			<textcolor>$VAR[ThemeLabelColor]</textcolor>
			<label>$INFO[Container(50).NumItems,, $LOCALIZE[342]]</label>
		</control>
	</include>
	<include name="InfoSublabelTVShows">
		<control type="fadelabel">
			<width>1175</width>
			<height>30</height>
			<align>left</align>
			<aligny>center</aligny>
			<font>font15</font>
			<textcolor>$VAR[ThemeLabelColor]</textcolor>
			<scroll>true</scroll>
			<scrollout>false</scrollout>
			<pauseatend>4500</pauseatend>
			<label>$VAR[VideoInfoTVSubtitleVar]</label>
			<label>$INFO[Container(9143).ListItem.Property(Awards)]</label>
			<visible>[!String.IsEmpty(ListItem.Status) | !String.IsEmpty(Container(9143).ListItem.Status)] + !String.IsEmpty(Container(9143).ListItem.Property(Awards))</visible>
		</control>
		<control type="label">
			<width>1175</width>
			<height>30</height>
			<align>left</align>
			<aligny>center</aligny>
			<font>font15</font>
			<textcolor>$VAR[ThemeLabelColor]</textcolor>
			<label>$VAR[VideoInfoTVSubtitleVar]</label>
			<visible>[!String.IsEmpty(ListItem.Status) | !String.IsEmpty(Container(9143).ListItem.Status)] + String.IsEmpty(Container(9143).ListItem.Property(Awards))</visible>
		</control>
	</include>
	<include name="InfoSublabelEpisodes">
		<control type="fadelabel">
			<width>1175</width>
			<height>30</height>
			<align>left</align>
			<aligny>center</aligny>
			<font>font15</font>
			<textcolor>$VAR[ThemeLabelColor]</textcolor>
			<scroll>true</scroll>
			<scrollout>false</scrollout>
			<pauseatend>4500</pauseatend>
			<label>$INFO[ListItem.TvShowTitle]</label>
			<label>$INFO[ListItem.EndTime,$LOCALIZE[31393]: ,]</label>
			<label>$VAR[VideoInfoTVSubtitleVar]</label>
			<label>$INFO[Container(9143).ListItem.Property(Next_Aired.Season),S]$INFO[Container(9143).ListItem.Property(Next_Aired.Episode),E,  - ]$INFO[Container(9143).ListItem.Property(Next_Aired.Name)]$INFO[Container(9143).ListItem.Property(Next_Aired), (,)]</label>
		</control>
	</include>
	<include name="InfoSublabelMusicvideos">
		<control type="label">
			<height>30</height>
			<font>font15</font>
			<textcolor>$VAR[ThemeLabelColor]</textcolor>
			<scroll>true</scroll>
			<label>$INFO[ListItem.Artist]</label>
			<visible>!String.IsEmpty(ListItem.Artist)</visible>
		</control>
	</include>
	<include name="InfoSublabelTMDbHelperPerson">
		<control type="label">
			<height>30</height>
			<font>font15</font>
			<textcolor>$VAR[ThemeLabelColor]</textcolor>
			<scroll>true</scroll>
			<label>$INFO[ListItem.Property(Department),$LOCALIZE[31546] ]</label>
		</control>
	</include>
	<include name="InfoContentSets">
		<item>
			<label>$INFO[Window(Home).Property(SkinInfo.Set.Movies.Years)]</label>
			<label2>$LOCALIZE[652]:</label2>
			<onclick>SetProperty(MoreInfoTitle,$LOCALIZE[652])</onclick>
			<onclick>SetProperty(MoreInfoContent,$ESCINFO[Window(Home).Property(SkinInfo.Set.Movies.Years)])</onclick>
			<onclick>SetFocus(64)</onclick>
			<visible>!String.IsEmpty(Window(Home).Property(SkinInfo.Set.Movies.Years))</visible>
		</item>
		<item>
			<label>$INFO[Window(Home).Property(SkinInfo.Set.Movies.Director)]</label>
			<label2>$LOCALIZE[20339]:</label2>
			<onclick>SetProperty(MoreInfoTitle,$LOCALIZE[20339])</onclick>
			<onclick>SetProperty(MoreInfoContent,$ESCINFO[Window(Home).Property(SkinInfo.Set.Movies.Director)])</onclick>
			<onclick>SetFocus(64)</onclick>
			<visible>!String.IsEmpty(Window(Home).Property(SkinInfo.Set.Movies.Director))</visible>
		</item>
		<item>
			<label>$INFO[Window(Home).Property(SkinInfo.Set.Movies.Writer)]</label>
			<label2>$LOCALIZE[20417]:</label2>
			<onclick>SetProperty(MoreInfoTitle,$LOCALIZE[20417])</onclick>
			<onclick>SetProperty(MoreInfoContent,$ESCINFO[Window(Home).Property(SkinInfo.Set.Movies.Writer)])</onclick>
			<onclick>SetFocus(64)</onclick>
			<visible>!String.IsEmpty(Window(Home).Property(SkinInfo.Set.Movies.Writer))</visible>
		</item>
		<item>
			<label>$INFO[Window(Home).Property(SkinInfo.Set.Movies.Genre)]</label>
			<label2>$LOCALIZE[515]:</label2>
			<onclick>SetProperty(MoreInfoTitle,$LOCALIZE[515])</onclick>
			<onclick>SetProperty(MoreInfoContent,$ESCINFO[Window(Home).Property(SkinInfo.Set.Movies.Genre)])</onclick>
			<onclick>SetFocus(64)</onclick>
			<visible>!String.IsEmpty(Window(Home).Property(SkinInfo.Set.Movies.Genre))</visible>
		</item>
	</include>
	<include name="InfoContentMovies">
		<item>
			<label>$INFO[ListItem.Director]</label>
			<label2>$LOCALIZE[20339]:</label2>
			<onclick condition="System.AddonIsEnabled(plugin.video.themoviedb.helper)">SetProperty(DirectorID,True)</onclick>
			<onclick condition="System.AddonIsEnabled(plugin.video.themoviedb.helper)">SetProperty(ActorName,$INFO[ListItem.Director])</onclick>
			<onclick condition="System.AddonIsEnabled(plugin.video.themoviedb.helper)">ActivateWindow(1129)</onclick>
			<onclick condition="!System.AddonIsEnabled(plugin.video.themoviedb.helper)">SendClick(2003,13)</onclick>
			<visible>!String.IsEmpty(ListItem.Director)</visible>
		</item>
		<item>
			<label>$INFO[ListItem.Writer]</label>
			<label2>$LOCALIZE[20417]:</label2>
			<onclick condition="!System.AddonIsEnabled(plugin.video.themoviedb.helper)">SetProperty(MoreInfoTitle,$LOCALIZE[20417])</onclick>
			<onclick condition="!System.AddonIsEnabled(plugin.video.themoviedb.helper)">SetProperty(MoreInfoContent,$ESCINFO[ListItem.Writer])</onclick>
			<onclick condition="!System.AddonIsEnabled(plugin.video.themoviedb.helper)">SetFocus(64)</onclick>
			<onclick>RunScript(plugin.video.themoviedb.helper,add_query=$INFO[ListItem.Writer],type=person,call_auto=1111)</onclick>
			<visible>!String.IsEmpty(ListItem.Writer)</visible>
		</item>
		<item>
			<label>$INFO[ListItem.Genre]</label>
			<label2>$LOCALIZE[515]:</label2>
			<onclick>SetProperty(MoreInfoTitle,$LOCALIZE[515])</onclick>
			<onclick>SetProperty(MoreInfoContent,$ESCINFO[ListItem.Genre])</onclick>
			<onclick>SetFocus(64)</onclick>
			<visible>!String.IsEmpty(ListItem.Genre)</visible>
		</item>
		<item>
			<label>$INFO[Container(9143).ListItem.Property(Budget)]</label>
			<label2>$LOCALIZE[31850]:</label2>
			<onclick>SetProperty(MoreInfoTitle,$LOCALIZE[31850])</onclick>
			<onclick>SetProperty(MoreInfoContent,$ESCINFO[Container(9143).ListItem.Property(Budget)])</onclick>
			<onclick>SetFocus(64)</onclick>
			<visible>!String.IsEmpty(Container(9143).ListItem.Property(Budget)) + !String.IsEqual(Container(9143).ListItem.Property(Budget),$0) + !Skin.HasSetting(TMDbHelper.HideBudgetRevenue) + String.IsEmpty(Window(Home).Property(TMDbHelper.IsUpdating))</visible>
		</item>
		<item>
			<label>$INFO[Container(9143).ListItem.Property(Revenue)]</label>
			<label2>$LOCALIZE[31851]:</label2>
			<onclick>SetProperty(MoreInfoTitle,$LOCALIZE[31851])</onclick>
			<onclick>SetProperty(MoreInfoContent,$ESCINFO[Container(9143).ListItem.Property(Revenue)])</onclick>
			<onclick>SetFocus(64)</onclick>
			<visible>!String.IsEmpty(Container(9143).ListItem.Property(Revenue)) + !String.IsEqual(Container(9143).ListItem.Property(Revenue),$0) + !Skin.HasSetting(TMDbHelper.HideBudgetRevenue) + String.IsEmpty(Window(Home).Property(TMDbHelper.IsUpdating))</visible>
		</item>
		<item>
			<label>$INFO[ListItem.Premiered]</label>
			<label2>$LOCALIZE[172]:</label2>
			<onclick>SetProperty(MoreInfoTitle,$LOCALIZE[172])</onclick>
			<onclick>SetProperty(MoreInfoContent,$ESCINFO[ListItem.Premiered])</onclick>
			<onclick>SetFocus(64)</onclick>
			<visible>!String.IsEmpty(ListItem.Premiered)</visible>
		</item>
	</include>
	<include name="InfoContentTVShows">
		<item>
			<label>$INFO[Container(9143).ListItem.Property(Next_Aired.Season),S]$INFO[Container(9143).ListItem.Property(Next_Aired.Episode),E, - ]$INFO[Container(9143).ListItem.Property(Next_Aired.Name)]$INFO[Container(9143).ListItem.Property(Next_Aired), (,)]</label>
			<label2>$LOCALIZE[19031]:</label2>
			<onclick>SetProperty(MoreInfoTitle,$LOCALIZE[19031])</onclick>
			<onclick>SetProperty(MoreInfoContent,$INFO[Container(9143).ListItem.Property(Next_Aired.Season),S]$INFO[Container(9143).ListItem.Property(Next_Aired.Episode),E, - ]$ESCINFO[Container(9143).ListItem.Property(Next_Aired.Name)]$INFO[Container(9143).ListItem.Property(Next_Aired), (,)])</onclick>
			<onclick>SetFocus(64)</onclick>
			<visible>!String.IsEmpty(Container(9143).ListItem.Property(Next_Aired))</visible>
		</item>
		<item>
			<label>$INFO[Container(9143).ListItem.Property(Last_Aired.Season),S]$INFO[Container(9143).ListItem.Property(Last_Aired.Episode),E, - ]$INFO[Container(9143).ListItem.Property(Last_Aired.Name)]$INFO[Container(9143).ListItem.Property(Last_Aired), (,)]</label>
			<label2>$LOCALIZE[31374]:</label2>
			<onclick>SetProperty(MoreInfoTitle,$LOCALIZE[31374])</onclick>
			<onclick>SetProperty(MoreInfoContent,$INFO[Container(9143).ListItem.Property(Last_Aired.Season),S]$INFO[Container(9143).ListItem.Property(Last_Aired.Episode),E, - ]$ESCINFO[Container(9143).ListItem.Property(Last_Aired.Name)]$INFO[Container(9143).ListItem.Property(Last_Aired), (,)])</onclick>
			<onclick>SetFocus(64)</onclick>
			<visible>!String.IsEmpty(Container(9143).ListItem.Property(Last_Aired))</visible>
		</item>
		<item>
			<label>$INFO[ListItem.Genre]</label>
			<label2>$LOCALIZE[515]:</label2>
			<onclick>SetProperty(MoreInfoTitle,$LOCALIZE[515])</onclick>
			<onclick>SetProperty(MoreInfoContent,$ESCINFO[ListItem.Genre])</onclick>
			<onclick>SetFocus(64)</onclick>
			<visible>!String.IsEmpty(ListItem.Genre)</visible>
		</item>
		<item>
			<label>$INFO[ListItem.Premiered]</label>
			<label2>$LOCALIZE[31452]:</label2>
			<onclick>SetProperty(MoreInfoTitle,$LOCALIZE[31452])</onclick>
			<onclick>SetProperty(MoreInfoContent,$ESCINFO[ListItem.Premiered])</onclick>
			<onclick>SetFocus(64)</onclick>
			<visible>!String.IsEmpty(ListItem.Premiered)</visible>
		</item>
	</include>
	<include name="InfoContentEpisodes">
		<item>
			<label>$INFO[ListItem.Director]</label>
			<label2>$LOCALIZE[20339]:</label2>
			<onclick condition="System.AddonIsEnabled(plugin.video.themoviedb.helper)">SetProperty(DirectorID,True)</onclick>
			<onclick condition="System.AddonIsEnabled(plugin.video.themoviedb.helper)">SetProperty(ActorName,$INFO[ListItem.Director])</onclick>
			<onclick condition="System.AddonIsEnabled(plugin.video.themoviedb.helper)">ActivateWindow(1129)</onclick>
			<onclick condition="!System.AddonIsEnabled(plugin.video.themoviedb.helper)">SendClick(2003,13)</onclick>
			<visible>!String.IsEmpty(ListItem.Director)</visible>
		</item>
		<item>
			<label>$INFO[ListItem.Writer]</label>
			<label2>$LOCALIZE[20417]:</label2>
			<onclick condition="!System.AddonIsEnabled(plugin.video.themoviedb.helper)">SetProperty(MoreInfoTitle,$LOCALIZE[20417])</onclick>
			<onclick condition="!System.AddonIsEnabled(plugin.video.themoviedb.helper)">SetProperty(MoreInfoContent,$ESCINFO[ListItem.Writer])</onclick>
			<onclick condition="!System.AddonIsEnabled(plugin.video.themoviedb.helper)">SetFocus(64)</onclick>
			<onclick>RunScript(plugin.video.themoviedb.helper,add_query=$INFO[ListItem.Writer],type=person,call_auto=1111)</onclick>
			<visible>!String.IsEmpty(ListItem.Writer)</visible>
		</item>
		<item>
			<label>$INFO[ListItem.Premiered]</label>
			<label2>$LOCALIZE[172]:</label2>
			<onclick>SetProperty(MoreInfoTitle,$LOCALIZE[172])</onclick>
			<onclick>SetProperty(MoreInfoContent,$ESCINFO[ListItem.Premiered])</onclick>
			<onclick>SetFocus(64)</onclick>
			<visible>!String.IsEmpty(ListItem.Premiered)</visible>
		</item>
	</include>
	<include name="InfoContentGeneral">
		<item>
			<label>$INFO[ListItem.PercentPlayed,,%]</label>
			<label2>$LOCALIZE[575]:</label2>
			<onclick>SetProperty(MoreInfoTitle,$LOCALIZE[575])</onclick>
			<onclick>SetProperty(MoreInfoContent,$ESCINFO[ListItem.PercentPlayed,,%])</onclick>
			<onclick>SetFocus(64)</onclick>
			<visible>ListItem.IsResumable + !String.IsEqual(ListItem.PercentPlayed,0)</visible>
		</item>
		<item>
			<label>$INFO[ListItem.LastPlayed]</label>
			<label2>$LOCALIZE[568]:</label2>
			<onclick>SetProperty(MoreInfoTitle,$LOCALIZE[568])</onclick>
			<onclick>SetProperty(MoreInfoContent,$ESCINFO[ListItem.LastPlayed])</onclick>
			<onclick>SetFocus(64)</onclick>
			<visible>!String.IsEmpty(ListItem.LastPlayed)</visible>
		</item>
		<item>
			<label>$INFO[ListItem.DateAdded]</label>
			<label2>$LOCALIZE[570]:</label2>
			<onclick>SetProperty(MoreInfoTitle,$LOCALIZE[570])</onclick>
			<onclick>SetProperty(MoreInfoContent,$ESCINFO[ListItem.DateAdded])</onclick>
			<onclick>SetFocus(64)</onclick>
			<visible>!String.IsEmpty(ListItem.DateAdded)</visible>
		</item>
		<item>
			<label>$INFO[ListItem.PlayCount]</label>
			<label2>$LOCALIZE[567]:</label2>
			<onclick>SetProperty(MoreInfoTitle,$LOCALIZE[567])</onclick>
			<onclick>SetProperty(MoreInfoContent,$ESCINFO[ListItem.PlayCount])</onclick>
			<onclick>SetFocus(64)</onclick>
			<visible>!String.IsEmpty(ListItem.PlayCount)</visible>
		</item>
		<item>
			<label>$INFO[ListItem.Tag]</label>
			<label2>$LOCALIZE[20459]:</label2>
			<onclick>SetProperty(MoreInfoTitle,$LOCALIZE[20459])</onclick>
			<onclick>SetProperty(MoreInfoContent,$ESCINFO[ListItem.Tag])</onclick>
			<onclick>SetFocus(64)</onclick>
			<visible>!String.IsEmpty(ListItem.Tag)</visible>
		</item>
		<item>
			<label>[UPPERCASE]$INFO[ListItem.Property(AudioLanguage.1)]$INFO[ListItem.Property(AudioLanguage.2), / ]$INFO[ListItem.Property(AudioLanguage.3), / ]$INFO[ListItem.Property(AudioLanguage.4), / ]$INFO[ListItem.Property(AudioLanguage.5), / ]$INFO[ListItem.Property(AudioLanguage.6), / ]$INFO[ListItem.Property(AudioLanguage.7), / ][/UPPERCASE]</label>
			<label2>$LOCALIZE[292]:</label2>
			<onclick>SetProperty(MoreInfoTitle,$LOCALIZE[292])</onclick>
			<onclick>SetProperty(MoreInfoContent,[UPPERCASE]$INFO[ListItem.Property(AudioLanguage.1)]$INFO[ListItem.Property(AudioLanguage.2), / ]$INFO[ListItem.Property(AudioLanguage.3), / ]$INFO[ListItem.Property(AudioLanguage.4), / ]$INFO[ListItem.Property(AudioLanguage.5), / ]$INFO[ListItem.Property(AudioLanguage.6), / ]$INFO[ListItem.Property(AudioLanguage.7), / ][/UPPERCASE])</onclick>
			<onclick>SetFocus(64)</onclick>
			<visible>![String.IsEqual(Skin.String(LanguageFlags),1) | String.IsEqual(Skin.String(LanguageFlags),3)] + !String.IsEmpty(ListItem.Property(AudioLanguage.1)) | !String.IsEmpty(ListItem.Property(AudioLanguage.3))</visible>
			<visible>!Skin.HasSetting(Disable.VideoInfoLanguageDetails)</visible>
		</item>
		<item>
			<label>[UPPERCASE]$INFO[ListItem.Property(SubtitleLanguage.1)]$INFO[ListItem.Property(SubtitleLanguage.2), / ]$INFO[ListItem.Property(SubtitleLanguage.3), / ]$INFO[ListItem.Property(SubtitleLanguage.4), / ]$INFO[ListItem.Property(SubtitleLanguage.5), / ]$INFO[ListItem.Property(SubtitleLanguage.6), / ]$INFO[ListItem.Property(SubtitleLanguage.7), / ]$INFO[ListItem.Property(SubtitleLanguage.8), / ]$INFO[ListItem.Property(SubtitleLanguage.9), / ]$INFO[ListItem.Property(SubtitleLanguage.10), / ]$INFO[ListItem.Property(SubtitleLanguage.11), / ]$INFO[ListItem.Property(SubtitleLanguage.12), / ]$INFO[ListItem.Property(SubtitleLanguage.13), / ]$INFO[ListItem.Property(SubtitleLanguage.14), / ]$INFO[ListItem.Property(SubtitleLanguage.15), / ][/UPPERCASE]</label>
			<label2>$LOCALIZE[287]:</label2>
			<onclick>SetProperty(MoreInfoTitle,$LOCALIZE[287])</onclick>
			<onclick>SetProperty(MoreInfoContent,[UPPERCASE]$INFO[ListItem.Property(SubtitleLanguage.1)]$INFO[ListItem.Property(SubtitleLanguage.2), / ]$INFO[ListItem.Property(SubtitleLanguage.3), / ]$INFO[ListItem.Property(SubtitleLanguage.4), / ]$INFO[ListItem.Property(SubtitleLanguage.5), / ]$INFO[ListItem.Property(SubtitleLanguage.6), / ]$INFO[ListItem.Property(SubtitleLanguage.7), / ]$INFO[ListItem.Property(SubtitleLanguage.8), / ]$INFO[ListItem.Property(SubtitleLanguage.9), / ]$INFO[ListItem.Property(SubtitleLanguage.10), / ]$INFO[ListItem.Property(SubtitleLanguage.11), / ]$INFO[ListItem.Property(SubtitleLanguage.12), / ]$INFO[ListItem.Property(SubtitleLanguage.13), / ]$INFO[ListItem.Property(SubtitleLanguage.14), / ]$INFO[ListItem.Property(SubtitleLanguage.15), / ][/UPPERCASE])</onclick>
			<onclick>SetFocus(64)</onclick>
			<visible>![String.IsEqual(Skin.String(LanguageFlags),2) | String.IsEqual(Skin.String(LanguageFlags),3)] + !String.IsEmpty(ListItem.Property(SubtitleLanguage.1)) | !String.IsEmpty(ListItem.Property(SubtitleLanguage.3))</visible>
			<visible>!Skin.HasSetting(Disable.VideoInfoLanguageDetails)</visible>
		</item>
		<item>
			<label>$INFO[ListItem.Path]</label>
			<label2>$LOCALIZE[573]:</label2>
			<onclick>Dialog.Close(movieinformation)</onclick>
			<onclick>ActivateWindow(Videos,$INFO[ListItem.Path],return)</onclick>
			<visible>!String.IsEqual(ListItem.DBTYPE,set) + !String.IsEmpty(ListItem.Path) + !Skin.HasSetting(Disable.VideoInfoPathDetails)</visible>
		</item>
		<item>
			<label>$INFO[ListItem.Filename]</label>
			<label2>$LOCALIZE[21800]:</label2>
			<onclick>SetProperty(MoreInfoTitle,$LOCALIZE[21800])</onclick>
			<onclick>SetProperty(MoreInfoContent,$ESCINFO[ListItem.Filename])</onclick>
			<onclick>SetFocus(64)</onclick>
			<visible>!String.IsEmpty(ListItem.Filename) + !Skin.HasSetting(Disable.VideoInfoPathDetails)</visible>
		</item>
	</include>
	<include name="InfoContentTMDbHelperPerson">
		<item>
			<label>$INFO[ListItem.Property(Birthday)]</label>
			<label2>$LOCALIZE[21893]:</label2>
			<onclick>SetProperty(MoreInfoTitle,$LOCALIZE[21893])</onclick>
			<onclick>SetProperty(MoreInfoContent,$ESCINFO[ListItem.Property(Birthday)])</onclick>
			<onclick>SetFocus(64)</onclick>
			<visible>!String.IsEmpty(ListItem.Property(Birthday))</visible>
		</item>
		<item>
			<label>$INFO[ListItem.Property(Deathday)]</label>
			<label2>$LOCALIZE[21897]:</label2>
			<onclick>SetProperty(MoreInfoTitle,$LOCALIZE[21897])</onclick>
			<onclick>SetProperty(MoreInfoContent,$ESCINFO[ListItem.Property(Deathday)])</onclick>
			<onclick>SetFocus(64)</onclick>
			<visible>!String.IsEmpty(ListItem.Property(Deathday))</visible>
		</item>
		<item>
			<label>$INFO[ListItem.Property(Born)]</label>
			<label2>$LOCALIZE[31600]:</label2>
			<onclick>SetProperty(MoreInfoTitle,$LOCALIZE[31600])</onclick>
			<onclick>SetProperty(MoreInfoContent,$ESCINFO[ListItem.Property(Born)])</onclick>
			<onclick>SetFocus(64)</onclick>
			<visible>!String.IsEmpty(ListItem.Property(Born))</visible>
		</item>
		<item>
			<label>$INFO[ListItem.Property(Gender)]</label>
			<label2>$LOCALIZE[39025]:</label2>
			<onclick>SetProperty(MoreInfoTitle,$LOCALIZE[39025])</onclick>
			<onclick>SetProperty(MoreInfoContent,$ESCINFO[ListItem.Property(Gender)])</onclick>
			<onclick>SetFocus(64)</onclick>
			<visible>!String.IsEmpty(ListItem.Property(Gender))</visible>
		</item>
		<item>
			<label>$INFO[ListItem.Property(Aliases)]</label>
			<label2>$LOCALIZE[31614]:</label2>
			<onclick>SetProperty(MoreInfoTitle,$LOCALIZE[31614])</onclick>
			<onclick>SetProperty(MoreInfoContent,$ESCINFO[ListItem.Property(Aliases)])</onclick>
			<onclick>SetFocus(64)</onclick>
			<visible>!String.IsEmpty(ListItem.Property(Aliases))</visible>
		</item>
	</include>
	<include name="InfoDefaultRuntime">
		<control type="group">
			<visible>[!String.IsEmpty(Container(9143).ListItem.Property(Duration)) + !String.IsEqual(Container(9143).ListItem.Property(Duration),0) | !String.IsEmpty(ListItem.Duration)]</visible>
			<width>120</width>
			<height>90</height>
			<control type="label">
				<width>auto</width>
				<height>60</height>
				<align>center</align>
				<label>$INFO[ListItem.Duration(mins)]</label>
				<font>font48_bold</font>
				<textcolor>grey</textcolor>
				<visible>!String.IsEmpty(ListItem.Duration)</visible>
			</control>
			<control type="label">
				<width>auto</width>
				<height>60</height>
				<align>center</align>
				<label>$INFO[Container(9143).ListItem.Property(Duration)]</label>
				<font>font48_bold</font>
				<textcolor>grey</textcolor>
				<visible>[String.IsEqual(ListItem.DBTYPE,tvshow) | String.IsEqual(ListItem.DBTYPE,season)] + String.IsEmpty(ListItem.Duration)</visible>
			</control>
			<control type="label">
				<top>50</top>
				<width>auto</width>
				<height>30</height>
				<align>center</align>
				<label>[LOWERCASE]$LOCALIZE[12391][/LOWERCASE]</label>
				<font>font12</font>
				<textcolor>grey</textcolor>
			</control>
		</control>
	</include>
	<include name="InfoHourMinRuntime">
		<control type="label">
			<width max="160">auto</width>
			<height>90</height>
			<font>font48_bold</font>
			<textcolor>grey</textcolor>
			<label>$VAR[ItemDurationVar]</label>
			<visible>[!String.IsEmpty(Container(9143).ListItem.Property(Duration)) + !String.IsEqual(Container(9143).ListItem.Property(Duration),0) | !String.IsEmpty(ListItem.Duration)]</visible>
		</control>
	</include>
	<include name="InfoEpNumber">
		<control type="label">
			<width>auto</width>
			<height>90</height>
			<font>font48_bold</font>
			<textcolor>grey</textcolor>
			<label>$VAR[EpisodeCountVar]</label>
		</control>
	</include>
	<include name="InfoMPAA">
		<control type="image">
			<width>135</width>
			<height>90</height>
			<include>MediaFlagValues</include>
			<texture fallback="flags/default/mpaa/NR.png">$VAR[MediaFlagsPathVar]/mpaa/$VAR[RatingFlagVar]</texture>
		</control>
	</include>
	<include name="InfoSetRating">
		<control type="label">
			<width>auto</width>
			<align>center</align>
			<label>$INFO[ListItem.Rating,$LOCALIZE[31146] ]</label>
			<font>font16_title_bold</font>
			<textcolor>grey</textcolor>
		</control>
	</include>
	<include name="InfoTVWatchedPercent">
		<control type="group">
			<visible>Integer.IsGreater(ListItem.Property(WatchedEpisodePercent),0)</visible>
			<width>165</width>
			<control type="label">
				<width>auto</width>
				<height>60</height>
				<align>center</align>
				<label>$INFO[ListItem.Property(WatchedEpisodePercent),,%]</label>
				<font>font16_title_bold</font>
				<textcolor>grey</textcolor>
			</control>
			<control type="label">
				<top>50</top>
				<width>auto</width>
				<height>30</height>
				<align>center</align>
				<label>[LOWERCASE]$LOCALIZE[19256][/LOWERCASE]</label>
				<font>font12</font>
				<textcolor>grey</textcolor>
			</control>
		</control>
	</include>
	<include name="InfoMainRating">
		<control type="group">
			<visible>!String.IsEmpty(ListItem.Rating)</visible>
			<width>165</width>
			<control type="label">
				<width>165</width>
				<height>60</height>
				<align>center</align>
				<label>$INFO[ListItem.Rating]</label>
				<font>font16_title_bold</font>
				<textcolor>grey</textcolor>
			</control>
			<control type="label">
				<top>50</top>
				<width>165</width>
				<height>30</height>
				<align>center</align>
				<label>[LOWERCASE]$VAR[RatingAndVotesVar][/LOWERCASE]</label>
				<font>font12</font>
				<textcolor>grey</textcolor>
			</control>
		</control>
	</include>
	<include name="InfoTop250">
		<control type="grouplist">
			<visible>!String.IsEmpty(ListItem.Top250)</visible>
			<width>165</width>
			<orientation>horizontal</orientation>
			<control type="image">
				<width>65</width>
				<aspectratio>keep</aspectratio>
				<colordiffuse>grey</colordiffuse>
				<texture>logos/imdb.png</texture>
			</control>
			<control type="label">
				<width>auto</width>
				<align>center</align>
				<font>font16_title_bold</font>
				<textcolor>grey</textcolor>
				<label>$INFO[ListItem.Top250, #]</label>
			</control>
		</control>
	</include>
	<include name="InfoExtendedRatings">
		<!-- Kodi Rotten Critic Rating -->
		<control type="grouplist">
			<visible>!String.IsEmpty(ListItem.Rating(tomatometerallcritics))</visible>
			<width>165</width>
			<orientation>horizontal</orientation>
			<control type="image">
				<width>68</width>
				<aspectratio>keep</aspectratio>
				<colordiffuse>grey</colordiffuse>
				<texture>$VAR[RottenFreshLogoVar]</texture>
			</control>
			<control type="label">
				<width>auto</width>
				<font>font16_title_bold</font>
				<textcolor>grey</textcolor>
				<label>$VAR[RottenFreshLabelVar]$VAR[RottenFreshLabel2Var]</label>
			</control>
		</control>
		<!-- Kodi Rotten Audience Rating -->
		<control type="grouplist">
			<visible>!String.IsEmpty(ListItem.Rating(tomatometerallaudience))</visible>
			<width>165</width>
			<orientation>horizontal</orientation>
			<control type="image">
				<width>68</width>
				<aspectratio>keep</aspectratio>
				<colordiffuse>grey</colordiffuse>
				<texture>$VAR[RottenFreshAudienceLogoVar]</texture>
			</control>
			<control type="label">
				<width>auto</width>
				<font>font16_title_bold</font>
				<textcolor>grey</textcolor>
				<label>$VAR[RottenFreshAudienceLabelVar]$VAR[RottenFreshAudienceLabel2Var]</label>
			</control>
		</control>
		<!-- TMDbHelper Rotten Critic Rating -->
		<control type="grouplist">
			<visible>!String.IsEmpty(Container(9143).ListItem.Property(RottenTomatoes_Rating)) + String.IsEmpty(ListItem.Rating(tomatometerallcritics)) + !String.IsEqual(ListItem.DBTYPE,episode)</visible>
			<width>165</width>
			<orientation>horizontal</orientation>
			<control type="image">
				<width>68</width>
				<aspectratio>keep</aspectratio>
				<colordiffuse>grey</colordiffuse>
				<texture>$VAR[TMDbHelperRottenTomatoLogoVar]</texture>
			</control>
			<control type="label">
				<width>auto</width>
				<font>font16_title_bold</font>
				<textcolor>grey</textcolor>
				<label>$INFO[Container(9143).ListItem.Property(RottenTomatoes_Rating),,%]</label>
			</control>
		</control>
		<!-- TMDbHelper Rotten Audience Rating -->
		<control type="grouplist">
			<visible>!String.IsEmpty(Container(9143).ListItem.Property(RottenTomatoes_UserMeter)) + String.IsEmpty(ListItem.Rating(tomatometerallaudience)) + !String.IsEqual(ListItem.DBTYPE,episode)</visible>
			<width>165</width>
			<orientation>horizontal</orientation>
			<control type="image">
				<width>68</width>
				<aspectratio>keep</aspectratio>
				<colordiffuse>grey</colordiffuse>
				<texture>$VAR[RottenFreshAudienceTMDbHelperLogoVar]</texture>
			</control>
			<control type="label">
				<width>auto</width>
				<font>font16_title_bold</font>
				<textcolor>grey</textcolor>
				<label>$INFO[Container(9143).ListItem.Property(RottenTomatoes_UserMeter),,%]</label>
			</control>
		</control>
		<!-- Kodi TMDb Rating -->
		<control type="grouplist">
			<visible>!String.IsEmpty(ListItem.Rating(themoviedb))</visible>
			<width>165</width>
			<orientation>horizontal</orientation>
			<itemgap>10</itemgap>
			<control type="image">
				<width>68</width>
				<aspectratio>keep</aspectratio>
				<colordiffuse>grey</colordiffuse>
				<texture>logos/tmdb.png</texture>
			</control>
			<control type="label">
				<width>auto</width>
				<font>font16_title_bold</font>
				<textcolor>grey</textcolor>
				<label>$INFO[ListItem.Rating(themoviedb)]</label>
			</control>
		</control>
		<!-- TMDbHelper TMDb Rating -->
		<control type="grouplist">
			<visible>String.IsEmpty(ListItem.Rating(themoviedb)) + !String.IsEmpty(Container(9143).ListItem.Property(TMDb_Rating)) + !String.IsEqual(Container(9143).ListItem.Property(TMDb_Rating),0.0)</visible>
			<width>165</width>
			<orientation>horizontal</orientation>
			<itemgap>10</itemgap>
			<control type="image">
				<width>68</width>
				<aspectratio>keep</aspectratio>
				<colordiffuse>grey</colordiffuse>
				<texture>logos/tmdb.png</texture>
			</control>
			<control type="label">
				<width>auto</width>
				<font>font16_title_bold</font>
				<textcolor>grey</textcolor>
				<label>$INFO[Container(9143).ListItem.Property(TMDb_Rating)]</label>
			</control>
		</control>
		<!-- Kodi Trakt Rating -->
		<control type="grouplist">
			<visible>!String.IsEmpty(ListItem.Rating(trakt))</visible>
			<width>165</width>
			<orientation>horizontal</orientation>
			<control type="image">
				<width>68</width>
				<aspectratio>keep</aspectratio>
				<colordiffuse>grey</colordiffuse>
				<texture>logos/trakt-clearlogo.png</texture>
			</control>
			<control type="label">
				<width>auto</width>
				<font>font16_title_bold</font>
				<textcolor>grey</textcolor>
				<label>$INFO[ListItem.Rating(trakt)]</label>
			</control>
		</control>
		<!-- TMDbHelper Trakt Rating -->
		<control type="grouplist">
			<visible>String.IsEmpty(ListItem.Rating(trakt)) + !String.IsEmpty(Container(9143).ListItem.Property(Trakt_Rating))</visible>
			<width>165</width>
			<orientation>horizontal</orientation>
			<control type="image">
				<width>68</width>
				<aspectratio>keep</aspectratio>
				<colordiffuse>grey</colordiffuse>
				<texture>logos/trakt-clearlogo.png</texture>
			</control>
			<control type="label">
				<width>auto</width>
				<font>font16_title_bold</font>
				<textcolor>grey</textcolor>
				<label>$INFO[Container(9143).ListItem.Property(Trakt_Rating)]</label>
			</control>
		</control>
	</include>
	<!-- DialogAddonInfo -->
	<include name="AddonInfoTextboxSmall">
		<height>520</height>
	</include>
	<include name="AddonInfoTextboxLarge">
		<height>690</height>
	</include>
</includes>