<?xml version="1.0" encoding="UTF-8"?>
<window>
	<defaultcontrol always="true">5</defaultcontrol>
	<include>DialogOpenCloseAnimation</include>
	<controls>
		<control type="group">
			<include>VisibleFadeAnimation</include>
			<visible>!Window.IsDialogTopmost(DialogSelect.xml)</visible>
			<control type="image">
				<include>FullscreenDimensions</include>
				<texture>colors/black50.png</texture>
				<animation effect="fade" time="300">WindowOpen</animation>
				<animation effect="fade" time="300">WindowClose</animation>
			</control>
			<control type="group">
				<left>210</left>
				<top>234</top>
				<animation effect="fade" start="100" end="0" time="400" condition="Window.IsVisible(SliderDialog) | Window.IsVisible(SubtitleSearch)">Conditional</animation>
				<animation effect="slide" end="0,-160" condition="Window.IsVisible(fullscreeninfo)">Conditional</animation>
				<include content="DialogPanel">
					<param name="height">611</param>
					<param name="header_label">$VAR[DialogSettingsHeaderVar]</param>
					<param name="buttons_ondown">5</param>
					<param name="close_onclick">SendClick(29)</param>
					<param name="ok_onclick">SendClick(28)</param>
					<param name="ok_visible">Control.IsVisible(28)</param>
					<param name="more_onclick">SendClick(30)</param>
					<param name="more_visible">Control.IsVisible(30)</param>
				</include>
				<control type="grouplist" id="5">
					<left>2</left>
					<top>69</top>
					<width>1498</width>
					<height>540</height>
					<pagecontrol>6</pagecontrol>
					<onup>5</onup>
					<ondown>5</ondown>
					<ondown>9001</ondown>
					<onleft>97</onleft>
					<onright condition="Control.IsVisible(6)">6</onright>
					<onright condition="!Control.IsVisible(6)">97</onright>
				</control>
				<control type="scrollbar" id="6">
					<left>1491</left>
					<top>69</top>
					<width>8</width>
					<height>540</height>
					<onleft>5</onleft>
					<onright>97</onright>
					<texturesliderbackground>colors/black.png</texturesliderbackground>
					<texturesliderbar>colors/white25.png</texturesliderbar>
					<texturesliderbarfocus colordiffuse="$VAR[ThemeLabelColor]">colors/white.png</texturesliderbarfocus>
					<showonepage>false</showonepage>
				</control>
				<control type="button" id="7">
					<description>Default Button</description>
				</control>
				<control type="radiobutton" id="8">
					<description>Default RadioButton</description>
					<radioposx>1396</radioposx>
				</control>
				<control type="spincontrolex" id="9">
					<description>Default SpinControlex</description>
					<reverse>true</reverse>
				</control>
				<control type="edit" id="11">
					<description>Default separator</description>
					<visible>no</visible>
				</control>
				<control type="edit" id="12">
					<description>Default Edit</description>
				</control>
				<control type="sliderex" id="13">
					<description>Default Slider</description>
				</control>
				<control type="label" id="14">
					<description>Default label</description>
					<height>60</height>
					<font>font14</font>
					<textoffsetx>15</textoffsetx>
					<textcolor>$VAR[ThemeLabelColor]</textcolor>
				</control>
			</control>
		</control>
		<control type="label" id="2">
			<description>Header label</description>
			<include>HiddenObject</include>
		</control>
		<control type="button" id="28">
			<description>Ok Button</description>
			<include>HiddenObject</include>
		</control>
		<control type="button" id="29">
			<description>Cancel Button</description>
			<include>HiddenObject</include>
		</control>
		<control type="button" id="30">
			<description>Clear Button</description>
			<include>HiddenObject</include>
		</control>
	</controls>
</window>